function	score	offsets	write_sites	callers	callees	reasons
0x146B6F190	165	0x601	1	1	42	IS_REP_WRITER|CALLED_BY_REP_INPUT|REP_FIELD
0x145A905D0	60	0xBC8	1	1	18	CALLED_BY_GCW_DRIVER|C_TO_D_DIRECT
0x1418CAA90	45	0xBC8,0xCF8	2	1	7626	C_TO_D_DIRECT|C_TO_D_ADJUSTED|MULTI_TARGET
0x1419A853F	45	0xBC8,0xCF8	2	0	71	C_TO_D_DIRECT|C_TO_D_ADJUSTED|MULTI_TARGET
0x141A8E27F	45	0xBC8,0xCF8	2	0	9	C_TO_D_DIRECT|C_TO_D_ADJUSTED|MULTI_TARGET
0x143236C90	45	0xBC8,0xCF8	2	1	45	C_TO_D_DIRECT|C_TO_D_ADJUSTED|MULTI_TARGET
0x14323BE00	45	0xBC8,0xCF8	2	2	3	C_TO_D_DIRECT|C_TO_D_ADJUSTED|MULTI_TARGET
0x1433D9380	45	0xBC8,0xCF8	2	2	6	C_TO_D_DIRECT|C_TO_D_ADJUSTED|MULTI_TARGET
0x143A8DD00	45	0xBC8,0xCF8	2	2	12	C_TO_D_DIRECT|C_TO_D_ADJUSTED|MULTI_TARGET
0x143AA8060	45	0xBC8,0xCF8	2	1	40	C_TO_D_DIRECT|C_TO_D_ADJUSTED|MULTI_TARGET
0x144594BD0	45	0xBC8,0xCF8	3	0	73	C_TO_D_DIRECT|C_TO_D_ADJUSTED|MULTI_TARGET
0x1445BD7B0	45	0xBC8,0xCF8	2	0	56	C_TO_D_DIRECT|C_TO_D_ADJUSTED|MULTI_TARGET
0x14616C670	45	0xBC8,0xCF8	2	0	20	C_TO_D_DIRECT|C_TO_D_ADJUSTED|MULTI_TARGET
0x147683723	45	0xBC8,0xCF8	2	0	28	C_TO_D_DIRECT|C_TO_D_ADJUSTED|MULTI_TARGET
0x1441D6940	25	0x601	1	2	11	REP_FIELD
0x1441D6DF0	25	0x601	1	1	18	REP_FIELD
0x1402D5B50	20	0xBC8	1	1	3	C_TO_D_DIRECT
0x140F4C5A0	20	0x252	1	1	19	D_TO_E_DIRECT
0x140F953B0	20	0xBC8	1	1	3	C_TO_D_DIRECT
0x140FAC5A0	20	0xBC8	1	1	3	C_TO_D_DIRECT
0x14162CA50	20	0xBC8	1	1	5	C_TO_D_DIRECT
0x141F9EF4D	20	0xBC8	1	0	15	C_TO_D_DIRECT
0x14276EF30	20	0xBC8	1	3	4	C_TO_D_DIRECT
0x142FDEC20	20	0x252	1	2	12	D_TO_E_DIRECT
0x142FDF050	20	0x252	1	1	12	D_TO_E_DIRECT
0x142FDF450	20	0x252	1	3	1	D_TO_E_DIRECT
0x142FFBE56	20	0x252	1	0	3	D_TO_E_DIRECT
0x143299920	20	0xBC8	1	2	10	C_TO_D_DIRECT
0x1434934C0	20	0xBC8	1	1	20	C_TO_D_DIRECT
0x143536960	20	0xBC8	4	1	37	C_TO_D_DIRECT
0x14360B3C0	20	0xBC8	1	4	3	C_TO_D_DIRECT
0x143BDC040	20	0xBC8	1	2	11	C_TO_D_DIRECT
0x143DD6B20	20	0x252	1	3	25	D_TO_E_DIRECT
0x143ED5F90	20	0xBC8	1	3	8	C_TO_D_DIRECT
0x143FE1300	20	0x252	1	2	8	D_TO_E_DIRECT
0x143FE1690	20	0x252	1	1	8	D_TO_E_DIRECT
0x143FE1A30	20	0x252	1	2	4	D_TO_E_DIRECT
0x144578900	20	0xBC8	1	2	12	C_TO_D_DIRECT
0x144578F80	20	0xBC8	1	3	2	C_TO_D_DIRECT
0x145A7D4C0	20	0xBC8	1	1	9	C_TO_D_DIRECT
0x145BB0B30	20	0xBC8	1	3	2	C_TO_D_DIRECT
0x145BB3060	20	0xBC8	1	1	3	C_TO_D_DIRECT
0x145BB3260	20	0xBC8	1	1	3	C_TO_D_DIRECT
0x145DBAE90	20	0x252	1	1	19	D_TO_E_DIRECT
0x1461F2810	20	0xBC8	1	1	3	C_TO_D_DIRECT
0x146711E90	20	0xBC8	1	4	4	C_TO_D_DIRECT
0x146C5EDD0	20	0xBC8	1	1	5	C_TO_D_DIRECT
0x146C60830	20	0x252	1	2	5	D_TO_E_DIRECT
0x1471166D0	20	0xBC8	1	1	31	C_TO_D_DIRECT
0x1471423F3	20	0x252	1	0	2	D_TO_E_DIRECT
0x1471484BD	20	0xBC8	1	0	4	C_TO_D_DIRECT
0x1473ED090	20	0x252	1	2	1	D_TO_E_DIRECT
0x147525900	20	0x252	1	4	1	D_TO_E_DIRECT
0x147525EE0	20	0x252	1	1	6	D_TO_E_DIRECT
0x147526270	20	0x252	1	2	2	D_TO_E_DIRECT
0x14752DCD0	20	0x252	1	1	33	D_TO_E_DIRECT
0x1479B6D00	20	0x252	1	1	23	D_TO_E_DIRECT
0x1405463B0	15	0x382	1	1	10	D_TO_E_ADJUSTED
0x140546860	15	0x382	1	12	2	D_TO_E_ADJUSTED
0x141FAF6EE	15	0xCF8	1	0	6	C_TO_D_ADJUSTED
0x141FB2160	15	0xCF8	1	0	3	C_TO_D_ADJUSTED
0x143AABC30	15	0xCF8	1	1	32	C_TO_D_ADJUSTED
0x143ED6700	15	0xCF8	1	2	8	C_TO_D_ADJUSTED
0x143ED7440	15	0x382	1	21	2	D_TO_E_ADJUSTED
0x143EDA680	15	0x382	1	10	2	D_TO_E_ADJUSTED
0x1440C85D0	15	0xCF8	1	5	3	C_TO_D_ADJUSTED
0x14482A000	15	0xCF8	1	3	8	C_TO_D_ADJUSTED
0x144925D20	15	0xCF8	1	3	8	C_TO_D_ADJUSTED
0x145BCADA0	15	0x382	1	34	2	D_TO_E_ADJUSTED
0x145BCAF00	15	0x382	1	1	11	D_TO_E_ADJUSTED
0x145BDAE10	15	0x382	1	30	2	D_TO_E_ADJUSTED
0x14643F0A0	15	0xCF8	1	0	109	C_TO_D_ADJUSTED
0x1466B21B0	15	0xCF8	1	0	3	C_TO_D_ADJUSTED
0x1466BB4A0	15	0xCF8	1	1	2	C_TO_D_ADJUSTED
0x1466EC5C0	15	0xCF8	1	2	4	C_TO_D_ADJUSTED
0x146709A60	15	0xCF8	1	3	3	C_TO_D_ADJUSTED
0x146CD5780	15	0x382	1	1	12	D_TO_E_ADJUSTED
0x146D0BBE0	15	0x382	1	0	16	D_TO_E_ADJUSTED
0x146DD0550	15	0xCF8	20	2	6	C_TO_D_ADJUSTED
0x146E0AD80	15	0xCF8	1	1	12	C_TO_D_ADJUSTED
0x146E5A0F0	15	0xCF8	1	5	14	C_TO_D_ADJUSTED
0x146E62F70	15	0xCF8	7	7	11	C_TO_D_ADJUSTED
0x1472559A0	15	0xCF8	1	2	1	C_TO_D_ADJUSTED
0x147256020	15	0xCF8	1	1	2	C_TO_D_ADJUSTED
0x1472574F4	15	0xCF8	1	0	1	C_TO_D_ADJUSTED
0x147257580	15	0xCF8	1	1	3	C_TO_D_ADJUSTED
0x147431640	15	0xCF8	1	2	6	C_TO_D_ADJUSTED
