address	offset	labels	kind	function_start	function_end	instruction
0x1402D6600	0xBC8	C_TO_D	WRITE_MOV	0x1402D5B50	0x1402D673B	"   1402d6600:	48 89 87 c8 0b 00 00 	mov    QWORD PTR [rdi+0xbc8],rax"
0x140546806	0x382	D_TO_E_PLUS130	WRITE_MOV	0x1405463B0	0x140546857	"   140546806:	88 86 82 03 00 00    	mov    BYTE PTR [rsi+0x382],al"
0x140546AAC	0x382	D_TO_E_PLUS130	WRITE_MOV	0x140546860	0x140546BFC	"   140546aac:	44 88 87 82 03 00 00 	mov    BYTE PTR [rdi+0x382],r8b"
0x140F4C702	0x252	D_TO_E	WRITE_MOV	0x140F4C5A0	0x140F4D28A	"   140f4c702:	41 88 86 52 02 00 00 	mov    BYTE PTR [r14+0x252],al"
0x140F802AC	0x252	D_TO_E	WRITE_MOV			"   140f802ac:	88 90 52 02 00 00    	mov    BYTE PTR [rax+0x252],dl"
0x140F95E60	0xBC8	C_TO_D	WRITE_MOV	0x140F953B0	0x140F95F0D	"   140f95e60:	48 89 87 c8 0b 00 00 	mov    QWORD PTR [rdi+0xbc8],rax"
0x140FAD050	0xBC8	C_TO_D	WRITE_MOV	0x140FAC5A0	0x140FAD06F	"   140fad050:	48 89 87 c8 0b 00 00 	mov    QWORD PTR [rdi+0xbc8],rax"
0x14162CD1D	0xBC8	C_TO_D	WRITE_MOV	0x14162CA50	0x14162CD3A	"   14162cd1d:	48 89 87 c8 0b 00 00 	mov    QWORD PTR [rdi+0xbc8],rax"
0x14190E191	0xBC8	C_TO_D	WRITE_MOV	0x1418CAA90	0x14192384F	"   14190e191:	48 89 84 24 c8 0b 00 	mov    QWORD PTR [rsp+0xbc8],rax"
0x14190E95C	0xCF8	C_TO_D_PLUS130	WRITE_MOV	0x1418CAA90	0x14192384F	"   14190e95c:	48 89 84 24 f8 0c 00 	mov    QWORD PTR [rsp+0xcf8],rax"
0x1419AF9F1	0xBC8	C_TO_D	WRITE_MOV	0x1419A853F	0x1419B9FB3	"   1419af9f1:	4c 89 bd c8 0b 00 00 	mov    QWORD PTR [rbp+0xbc8],r15"
0x1419B1176	0xCF8	C_TO_D_PLUS130	WRITE_MOV	0x1419A853F	0x1419B9FB3	"   1419b1176:	48 89 bd f8 0c 00 00 	mov    QWORD PTR [rbp+0xcf8],rdi"
0x141A944B2	0xBC8	C_TO_D	WRITE_MOV	0x141A8E27F	0x141A95CE3	"   141a944b2:	48 89 85 c8 0b 00 00 	mov    QWORD PTR [rbp+0xbc8],rax"
0x141A95A88	0xCF8	C_TO_D_PLUS130	WRITE_MOV	0x141A8E27F	0x141A95CE3	"   141a95a88:	4c 89 a5 f8 0c 00 00 	mov    QWORD PTR [rbp+0xcf8],r12"
0x141FAE329	0xBC8	C_TO_D	WRITE_MOV	0x141F9EF4D	0x141FAF6EE	"   141fae329:	44 89 bd c8 0b 00 00 	mov    DWORD PTR [rbp+0xbc8],r15d"
0x141FAFB87	0xCF8	C_TO_D_PLUS130	WRITE_MOV	0x141FAF6EE	0x141FAFFFE	"   141fafb87:	44 89 bd f8 0c 00 00 	mov    DWORD PTR [rbp+0xcf8],r15d"
0x141FB6F37	0xCF8	C_TO_D_PLUS130	WRITE_MOV	0x141FB2160	0x141FBA18B	"   141fb6f37:	c7 85 f8 0c 00 00 83 	mov    DWORD PTR [rbp+0xcf8],0xe38a2983"
0x14276F18C	0xBC8	C_TO_D	WRITE_MOV	0x14276EF30	0x14276F4B0	"   14276f18c:	48 89 97 c8 0b 00 00 	mov    QWORD PTR [rdi+0xbc8],rdx"
0x142FDF02A	0x252	D_TO_E	WRITE_MOV	0x142FDEC20	0x142FDF048	"   142fdf02a:	88 83 52 02 00 00    	mov    BYTE PTR [rbx+0x252],al"
0x142FDF425	0x252	D_TO_E	WRITE_MOV	0x142FDF050	0x142FDF443	"   142fdf425:	88 83 52 02 00 00    	mov    BYTE PTR [rbx+0x252],al"
0x142FDF680	0x252	D_TO_E	WRITE_MOV	0x142FDF450	0x142FDF68F	"   142fdf680:	88 8b 52 02 00 00    	mov    BYTE PTR [rbx+0x252],cl"
0x142FFBE5D	0x252	D_TO_E	WRITE_MOV	0x142FFBE56	0x142FFBEAA	"   142ffbe5d:	44 88 be 52 02 00 00 	mov    BYTE PTR [rsi+0x252],r15b"
0x143237505	0xBC8	C_TO_D	WRITE_MOV	0x143236C90	0x14323BDF2	"   143237505:	48 89 b7 c8 0b 00 00 	mov    QWORD PTR [rdi+0xbc8],rsi"
0x143237618	0xCF8	C_TO_D_PLUS130	WRITE_MOV	0x143236C90	0x14323BDF2	"   143237618:	48 89 9f f8 0c 00 00 	mov    QWORD PTR [rdi+0xcf8],rbx"
0x14323C631	0xBC8	C_TO_D	WRITE_MOV	0x14323BE00	0x14323C7ED	"   14323c631:	48 89 af c8 0b 00 00 	mov    QWORD PTR [rdi+0xbc8],rbp"
0x14323C75A	0xCF8	C_TO_D_PLUS130	WRITE_MOV	0x14323BE00	0x14323C7ED	"   14323c75a:	4c 89 bf f8 0c 00 00 	mov    QWORD PTR [rdi+0xcf8],r15"
0x14329A4BF	0xBC8	C_TO_D	WRITE_MOV	0x143299920	0x14329A679	"   14329a4bf:	49 89 ae c8 0b 00 00 	mov    QWORD PTR [r14+0xbc8],rbp"
0x1433D954B	0xBC8	C_TO_D	WRITE_MOV	0x1433D9380	0x1433D9AF4	"   1433d954b:	48 89 af c8 0b 00 00 	mov    QWORD PTR [rdi+0xbc8],rbp"
0x1433D968E	0xCF8	C_TO_D_PLUS130	WRITE_MOV	0x1433D9380	0x1433D9AF4	"   1433d968e:	4c 89 b7 f8 0c 00 00 	mov    QWORD PTR [rdi+0xcf8],r14"
0x1434939E1	0xBC8	C_TO_D	WRITE_MOV	0x1434934C0	0x14349401F	"   1434939e1:	88 86 c8 0b 00 00    	mov    BYTE PTR [rsi+0xbc8],al"
0x1435370F8	0xBC8	C_TO_D	WRITE_MOV	0x143536960	0x14353800D	"   1435370f8:	c7 85 c8 0b 00 00 25 	mov    DWORD PTR [rbp+0xbc8],0x80c02825"
0x14353731A	0xBC8	C_TO_D	WRITE_MOV	0x143536960	0x14353800D	"   14353731a:	44 89 ad c8 0b 00 00 	mov    DWORD PTR [rbp+0xbc8],r13d"
0x143537CD9	0xBC8	C_TO_D	WRITE_MOV	0x143536960	0x14353800D	"   143537cd9:	48 89 85 c8 0b 00 00 	mov    QWORD PTR [rbp+0xbc8],rax"
0x143537DD0	0xBC8	C_TO_D	WRITE_MOV	0x143536960	0x14353800D	"   143537dd0:	c6 85 c8 0b 00 00 00 	mov    BYTE PTR [rbp+0xbc8],0x0"
0x14360B71D	0xBC8	C_TO_D	WRITE_MOV	0x14360B3C0	0x14360B8AA	"   14360b71d:	89 bb c8 0b 00 00    	mov    DWORD PTR [rbx+0xbc8],edi"
0x143A97965	0xBC8	C_TO_D	WRITE_MOV	0x143A8DD00	0x143AA1843	"   143a97965:	4c 89 a5 c8 0b 00 00 	mov    QWORD PTR [rbp+0xbc8],r12"
0x143A98936	0xCF8	C_TO_D_PLUS130	WRITE_MOV	0x143A8DD00	0x143AA1843	"   143a98936:	4c 89 a5 f8 0c 00 00 	mov    QWORD PTR [rbp+0xcf8],r12"
0x143AAA824	0xBC8	C_TO_D	WRITE_MOV	0x143AA8060	0x143AABC2F	"   143aaa824:	4c 89 a5 c8 0b 00 00 	mov    QWORD PTR [rbp+0xbc8],r12"
0x143AAAC2D	0xCF8	C_TO_D_PLUS130	WRITE_MOV	0x143AA8060	0x143AABC2F	"   143aaac2d:	48 c7 85 f8 0c 00 00 	mov    QWORD PTR [rbp+0xcf8],0x1"
0x143AAE90A	0xCF8	C_TO_D_PLUS130	WRITE_MOV	0x143AABC30	0x143AAFECE	"   143aae90a:	48 89 85 f8 0c 00 00 	mov    QWORD PTR [rbp+0xcf8],rax"
0x143BDC56B	0xBC8	C_TO_D	WRITE_MOV	0x143BDC040	0x143BDC75F	"   143bdc56b:	88 86 c8 0b 00 00    	mov    BYTE PTR [rsi+0xbc8],al"
0x143DD6FFE	0x252	D_TO_E	WRITE_MOV	0x143DD6B20	0x143DD745E	"   143dd6ffe:	c6 85 52 02 00 00 01 	mov    BYTE PTR [rbp+0x252],0x1"
0x143ED6625	0xBC8	C_TO_D	WRITE_MOV	0x143ED5F90	0x143ED66F4	"   143ed6625:	48 89 af c8 0b 00 00 	mov    QWORD PTR [rdi+0xbc8],rbp"
0x143ED6FD3	0xCF8	C_TO_D_PLUS130	WRITE_MOV	0x143ED6700	0x143ED7003	"   143ed6fd3:	48 89 ae f8 0c 00 00 	mov    QWORD PTR [rsi+0xcf8],rbp"
0x143ED74C2	0x382	D_TO_E_PLUS130	WRITE_MOV	0x143ED7440	0x143ED75A0	"   143ed74c2:	66 89 87 82 03 00 00 	mov    WORD PTR [rdi+0x382],ax"
0x143EDA6EF	0x382	D_TO_E_PLUS130	WRITE_MOV	0x143EDA680	0x143EDA7A5	"   143eda6ef:	66 89 87 82 03 00 00 	mov    WORD PTR [rdi+0x382],ax"
0x143FE1628	0x252	D_TO_E	WRITE_MOV	0x143FE1300	0x143FE168A	"   143fe1628:	41 88 87 52 02 00 00 	mov    BYTE PTR [r15+0x252],al"
0x143FE19A7	0x252	D_TO_E	WRITE_MOV	0x143FE1690	0x143FE1A2B	"   143fe19a7:	88 87 52 02 00 00    	mov    BYTE PTR [rdi+0x252],al"
0x143FE1C92	0x252	D_TO_E	WRITE_MOV	0x143FE1A30	0x143FE1D5A	"   143fe1c92:	c6 83 52 02 00 00 00 	mov    BYTE PTR [rbx+0x252],0x0"
0x1440C8702	0xCF8	C_TO_D_PLUS130	WRITE_MOV	0x1440C85D0	0x1440C87D1	"   1440c8702:	49 89 8d f8 0c 00 00 	mov    QWORD PTR [r13+0xcf8],rcx"
0x1441D6D0D	0x601	REP_GATE	WRITE_MOV	0x1441D6940	0x1441D6DEE	"   1441d6d0d:	88 87 01 06 00 00    	mov    BYTE PTR [rdi+0x601],al"
0x1441D7149	0x601	REP_GATE	WRITE_MOV	0x1441D6DF0	0x1441D72A2	"   1441d7149:	88 86 01 06 00 00    	mov    BYTE PTR [rsi+0x601],al"
0x144578E0A	0xBC8	C_TO_D	WRITE_MOV	0x144578900	0x144578F7B	"   144578e0a:	48 89 87 c8 0b 00 00 	mov    QWORD PTR [rdi+0xbc8],rax"
0x144579184	0xBC8	C_TO_D	WRITE_MOV	0x144578F80	0x14457922B	"   144579184:	48 89 bb c8 0b 00 00 	mov    QWORD PTR [rbx+0xbc8],rdi"
0x144594DFD	0xBC8	C_TO_D	WRITE_MOV	0x144594BD0	0x14459D73E	"   144594dfd:	48 89 86 c8 0b 00 00 	mov    QWORD PTR [rsi+0xbc8],rax"
0x144596C23	0xCF8	C_TO_D_PLUS130	WRITE_MOV	0x144594BD0	0x14459D73E	"   144596c23:	48 c7 85 f8 0c 00 00 	mov    QWORD PTR [rbp+0xcf8],0xf"
0x144596E2D	0xBC8	C_TO_D	WRITE_MOV	0x144594BD0	0x14459D73E	"   144596e2d:	48 89 85 c8 0b 00 00 	mov    QWORD PTR [rbp+0xbc8],rax"
0x1445C06E8	0xBC8	C_TO_D	WRITE_MOV	0x1445BD7B0	0x1445C45B8	"   1445c06e8:	48 89 bd c8 0b 00 00 	mov    QWORD PTR [rbp+0xbc8],rdi"
0x1445C0B0A	0xCF8	C_TO_D_PLUS130	WRITE_MOV	0x1445BD7B0	0x1445C45B8	"   1445c0b0a:	4c 89 ad f8 0c 00 00 	mov    QWORD PTR [rbp+0xcf8],r13"
0x14482A7D6	0xCF8	C_TO_D_PLUS130	WRITE_MOV	0x14482A000	0x14482B175	"   14482a7d6:	49 89 ae f8 0c 00 00 	mov    QWORD PTR [r14+0xcf8],rbp"
0x144926C27	0xCF8	C_TO_D_PLUS130	WRITE_MOV	0x144925D20	0x144926C5D	"   144926c27:	4c 89 a7 f8 0c 00 00 	mov    QWORD PTR [rdi+0xcf8],r12"
0x145A7D638	0xBC8	C_TO_D	WRITE_MOV	0x145A7D4C0	0x145A7D8C7	"   145a7d638:	40 88 b7 c8 0b 00 00 	mov    BYTE PTR [rdi+0xbc8],sil"
0x145A9061D	0xBC8	C_TO_D	WRITE_MOV	0x145A905D0	0x145A9092B	"   145a9061d:	c6 83 c8 0b 00 00 00 	mov    BYTE PTR [rbx+0xbc8],0x0"
0x145A9FA00	0xBC8	C_TO_D	WRITE_MOV			"   145a9fa00:	c6 81 c8 0b 00 00 01 	mov    BYTE PTR [rcx+0xbc8],0x1"
0x145BB1817	0xBC8	C_TO_D	WRITE_MOV	0x145BB0B30	0x145BB1856	"   145bb1817:	4c 89 ab c8 0b 00 00 	mov    QWORD PTR [rbx+0xbc8],r13"
0x145BB31F2	0xBC8	C_TO_D	WRITE_MOV	0x145BB3060	0x145BB3253	"   145bb31f2:	49 89 9e c8 0b 00 00 	mov    QWORD PTR [r14+0xbc8],rbx"
0x145BB33CD	0xBC8	C_TO_D	WRITE_MOV	0x145BB3260	0x145BB3413	"   145bb33cd:	48 89 ab c8 0b 00 00 	mov    QWORD PTR [rbx+0xbc8],rbp"
0x145BCAE22	0x382	D_TO_E_PLUS130	WRITE_MOV	0x145BCADA0	0x145BCAEFA	"   145bcae22:	66 89 87 82 03 00 00 	mov    WORD PTR [rdi+0x382],ax"
0x145BCAF6C	0x382	D_TO_E_PLUS130	WRITE_MOV	0x145BCAF00	0x145BCB1CC	"   145bcaf6c:	66 89 87 82 03 00 00 	mov    WORD PTR [rdi+0x382],ax"
0x145BDAE7F	0x382	D_TO_E_PLUS130	WRITE_MOV	0x145BDAE10	0x145BDAF2F	"   145bdae7f:	66 89 87 82 03 00 00 	mov    WORD PTR [rdi+0x382],ax"
0x145DBAFF2	0x252	D_TO_E	WRITE_MOV	0x145DBAE90	0x145DBBB7A	"   145dbaff2:	41 88 86 52 02 00 00 	mov    BYTE PTR [r14+0x252],al"
0x146178898	0xBC8	C_TO_D	WRITE_MOV	0x14616C670	0x14618793D	"   146178898:	4c 89 bd c8 0b 00 00 	mov    QWORD PTR [rbp+0xbc8],r15"
0x14617D444	0xCF8	C_TO_D_PLUS130	WRITE_MOV	0x14616C670	0x14618793D	"   14617d444:	4c 89 bd f8 0c 00 00 	mov    QWORD PTR [rbp+0xcf8],r15"
0x1461F32C0	0xBC8	C_TO_D	WRITE_MOV	0x1461F2810	0x1461F3517	"   1461f32c0:	48 89 87 c8 0b 00 00 	mov    QWORD PTR [rdi+0xbc8],rax"
0x146440FDA	0xCF8	C_TO_D_PLUS130	WRITE_MOV	0x14643F0A0	0x146441525	"   146440fda:	4c 89 bd f8 0c 00 00 	mov    QWORD PTR [rbp+0xcf8],r15"
0x1466B22FF	0xCF8	C_TO_D_PLUS130	WRITE_MOV	0x1466B21B0	0x1466B2424	"   1466b22ff:	48 89 83 f8 0c 00 00 	mov    QWORD PTR [rbx+0xcf8],rax"
0x1466BB563	0xCF8	C_TO_D_PLUS130	WRITE_MOV	0x1466BB4A0	0x1466BB65D	"   1466bb563:	48 89 83 f8 0c 00 00 	mov    QWORD PTR [rbx+0xcf8],rax"
0x1466EC8F4	0xCF8	C_TO_D_PLUS130	WRITE_MOV	0x1466EC5C0	0x1466EC946	"   1466ec8f4:	4c 89 bb f8 0c 00 00 	mov    QWORD PTR [rbx+0xcf8],r15"
0x146709AF0	0xCF8	C_TO_D_PLUS130	WRITE_MOV	0x146709A60	0x146709B51	"   146709af0:	48 89 ab f8 0c 00 00 	mov    QWORD PTR [rbx+0xcf8],rbp"
0x14671216F	0xBC8	C_TO_D	WRITE_MOV	0x146711E90	0x1467128D5	"   14671216f:	4c 89 86 c8 0b 00 00 	mov    QWORD PTR [rsi+0xbc8],r8"
0x146B6F5CA	0x601	REP_GATE	WRITE_MOV	0x146B6F190	0x146B6FE1B	"   146b6f5ca:	c6 87 01 06 00 00 01 	mov    BYTE PTR [rdi+0x601],0x1"
0x146C5EF9C	0xBC8	C_TO_D	WRITE_MOV	0x146C5EDD0	0x146C5F07D	"   146c5ef9c:	48 89 9f c8 0b 00 00 	mov    QWORD PTR [rdi+0xbc8],rbx"
0x146C60AD8	0x252	D_TO_E	WRITE_MOV	0x146C60830	0x146C61413	"   146c60ad8:	40 88 bb 52 02 00 00 	mov    BYTE PTR [rbx+0x252],dil"
0x146CD5D95	0x382	D_TO_E_PLUS130	WRITE_MOV	0x146CD5780	0x146CD5FE7	"   146cd5d95:	c6 80 82 03 00 00 01 	mov    BYTE PTR [rax+0x382],0x1"
0x146D0BC36	0x382	D_TO_E_PLUS130	WRITE_MOV	0x146D0BBE0	0x146D0C15A	"   146d0bc36:	41 c6 87 82 03 00 00 	mov    BYTE PTR [r15+0x382],0x1"
0x146DD07F3	0xCF8	C_TO_D_PLUS130	WRITE_MOV	0x146DD0550	0x146DD1E0A	"   146dd07f3:	c6 85 f8 0c 00 00 2b 	mov    BYTE PTR [rbp+0xcf8],0x2b"
0x146DD09AA	0xCF8	C_TO_D_PLUS130	WRITE_MOV	0x146DD0550	0x146DD1E0A	"   146dd09aa:	88 95 f8 0c 00 00    	mov    BYTE PTR [rbp+0xcf8],dl"
0x146DD0A59	0xCF8	C_TO_D_PLUS130	WRITE_MOV	0x146DD0550	0x146DD1E0A	"   146dd0a59:	c6 85 f8 0c 00 00 2b 	mov    BYTE PTR [rbp+0xcf8],0x2b"
0x146DD0AB6	0xCF8	C_TO_D_PLUS130	WRITE_MOV	0x146DD0550	0x146DD1E0A	"   146dd0ab6:	88 95 f8 0c 00 00    	mov    BYTE PTR [rbp+0xcf8],dl"
0x146DD0D23	0xCF8	C_TO_D_PLUS130	WRITE_MOV	0x146DD0550	0x146DD1E0A	"   146dd0d23:	89 bd f8 0c 00 00    	mov    DWORD PTR [rbp+0xcf8],edi"
0x146DD0DC8	0xCF8	C_TO_D_PLUS130	WRITE_MOV	0x146DD0550	0x146DD1E0A	"   146dd0dc8:	88 85 f8 0c 00 00    	mov    BYTE PTR [rbp+0xcf8],al"
0x146DD0EB9	0xCF8	C_TO_D_PLUS130	WRITE_MOV	0x146DD0550	0x146DD1E0A	"   146dd0eb9:	88 95 f8 0c 00 00    	mov    BYTE PTR [rbp+0xcf8],dl"
0x146DD0F67	0xCF8	C_TO_D_PLUS130	WRITE_MOV	0x146DD0550	0x146DD1E0A	"   146dd0f67:	c6 85 f8 0c 00 00 2b 	mov    BYTE PTR [rbp+0xcf8],0x2b"
0x146DD0FDC	0xCF8	C_TO_D_PLUS130	WRITE_MOV	0x146DD0550	0x146DD1E0A	"   146dd0fdc:	88 95 f8 0c 00 00    	mov    BYTE PTR [rbp+0xcf8],dl"
0x146DD11B3	0xCF8	C_TO_D_PLUS130	WRITE_MOV	0x146DD0550	0x146DD1E0A	"   146dd11b3:	c6 85 f8 0c 00 00 2b 	mov    BYTE PTR [rbp+0xcf8],0x2b"
0x146DD12FA	0xCF8	C_TO_D_PLUS130	WRITE_MOV	0x146DD0550	0x146DD1E0A	"   146dd12fa:	89 85 f8 0c 00 00    	mov    DWORD PTR [rbp+0xcf8],eax"
0x146DD14F8	0xCF8	C_TO_D_PLUS130	WRITE_MOV	0x146DD0550	0x146DD1E0A	"   146dd14f8:	88 95 f8 0c 00 00    	mov    BYTE PTR [rbp+0xcf8],dl"
0x146DD15A9	0xCF8	C_TO_D_PLUS130	WRITE_MOV	0x146DD0550	0x146DD1E0A	"   146dd15a9:	c6 85 f8 0c 00 00 2b 	mov    BYTE PTR [rbp+0xcf8],0x2b"
0x146DD1606	0xCF8	C_TO_D_PLUS130	WRITE_MOV	0x146DD0550	0x146DD1E0A	"   146dd1606:	88 95 f8 0c 00 00    	mov    BYTE PTR [rbp+0xcf8],dl"
0x146DD172A	0xCF8	C_TO_D_PLUS130	WRITE_MOV	0x146DD0550	0x146DD1E0A	"   146dd172a:	88 95 f8 0c 00 00    	mov    BYTE PTR [rbp+0xcf8],dl"
0x146DD17D7	0xCF8	C_TO_D_PLUS130	WRITE_MOV	0x146DD0550	0x146DD1E0A	"   146dd17d7:	c6 85 f8 0c 00 00 2b 	mov    BYTE PTR [rbp+0xcf8],0x2b"
0x146DD184C	0xCF8	C_TO_D_PLUS130	WRITE_MOV	0x146DD0550	0x146DD1E0A	"   146dd184c:	88 95 f8 0c 00 00    	mov    BYTE PTR [rbp+0xcf8],dl"
0x146DD1B96	0xCF8	C_TO_D_PLUS130	WRITE_MOV	0x146DD0550	0x146DD1E0A	"   146dd1b96:	88 95 f8 0c 00 00    	mov    BYTE PTR [rbp+0xcf8],dl"
0x146DD1C49	0xCF8	C_TO_D_PLUS130	WRITE_MOV	0x146DD0550	0x146DD1E0A	"   146dd1c49:	c6 85 f8 0c 00 00 2b 	mov    BYTE PTR [rbp+0xcf8],0x2b"
0x146DD1CA6	0xCF8	C_TO_D_PLUS130	WRITE_MOV	0x146DD0550	0x146DD1E0A	"   146dd1ca6:	88 95 f8 0c 00 00    	mov    BYTE PTR [rbp+0xcf8],dl"
0x146E0AE6F	0xCF8	C_TO_D_PLUS130	WRITE_MOV	0x146E0AD80	0x146E0B108	"   146e0ae6f:	48 89 bb f8 0c 00 00 	mov    QWORD PTR [rbx+0xcf8],rdi"
0x146E5A1C8	0xCF8	C_TO_D_PLUS130	WRITE_MOV	0x146E5A0F0	0x146E5A320	"   146e5a1c8:	89 97 f8 0c 00 00    	mov    DWORD PTR [rdi+0xcf8],edx"
0x146E6303C	0xCF8	C_TO_D_PLUS130	WRITE_MOV	0x146E62F70	0x146E63FA4	"   146e6303c:	4c 89 a5 f8 0c 00 00 	mov    QWORD PTR [rbp+0xcf8],r12"
0x146E6375E	0xCF8	C_TO_D_PLUS130	WRITE_MOV	0x146E62F70	0x146E63FA4	"   146e6375e:	c7 85 f8 0c 00 00 10 	mov    DWORD PTR [rbp+0xcf8],0x10"
0x146E6382B	0xCF8	C_TO_D_PLUS130	WRITE_MOV	0x146E62F70	0x146E63FA4	"   146e6382b:	48 89 85 f8 0c 00 00 	mov    QWORD PTR [rbp+0xcf8],rax"
0x146E6388E	0xCF8	C_TO_D_PLUS130	WRITE_MOV	0x146E62F70	0x146E63FA4	"   146e6388e:	48 89 85 f8 0c 00 00 	mov    QWORD PTR [rbp+0xcf8],rax"
0x146E638B4	0xCF8	C_TO_D_PLUS130	WRITE_MOV	0x146E62F70	0x146E63FA4	"   146e638b4:	66 89 bd f8 0c 00 00 	mov    WORD PTR [rbp+0xcf8],di"
0x146E63924	0xCF8	C_TO_D_PLUS130	WRITE_MOV	0x146E62F70	0x146E63FA4	"   146e63924:	89 8d f8 0c 00 00    	mov    DWORD PTR [rbp+0xcf8],ecx"
0x146E63F2D	0xCF8	C_TO_D_PLUS130	WRITE_MOV	0x146E62F70	0x146E63FA4	"   146e63f2d:	89 8d f8 0c 00 00    	mov    DWORD PTR [rbp+0xcf8],ecx"
0x147116B2B	0xBC8	C_TO_D	WRITE_MOV	0x1471166D0	0x1471175FB	"   147116b2b:	48 89 b7 c8 0b 00 00 	mov    QWORD PTR [rdi+0xbc8],rsi"
0x147142407	0x252	D_TO_E	WRITE_MOV	0x1471423F3	0x147142504	"   147142407:	c6 81 52 02 00 00 00 	mov    BYTE PTR [rcx+0x252],0x0"
0x147148603	0xBC8	C_TO_D	WRITE_MOV	0x1471484BD	0x1471487B2	"   147148603:	89 83 c8 0b 00 00    	mov    DWORD PTR [rbx+0xbc8],eax"
0x147255B9A	0xCF8	C_TO_D_PLUS130	WRITE_MOV	0x1472559A0	0x147255BD7	"   147255b9a:	48 89 9a f8 0c 00 00 	mov    QWORD PTR [rdx+0xcf8],rbx"
0x147256423	0xCF8	C_TO_D_PLUS130	WRITE_MOV	0x147256020	0x147256497	"   147256423:	49 89 bc 24 f8 0c 00 	mov    QWORD PTR [r12+0xcf8],rdi"
0x147257561	0xCF8	C_TO_D_PLUS130	WRITE_MOV	0x1472574F4	0x14725757E	"   147257561:	48 89 86 f8 0c 00 00 	mov    QWORD PTR [rsi+0xcf8],rax"
0x1472577BC	0xCF8	C_TO_D_PLUS130	WRITE_MOV	0x147257580	0x1472577E4	"   1472577bc:	49 89 9f f8 0c 00 00 	mov    QWORD PTR [r15+0xcf8],rbx"
0x1473ED132	0x252	D_TO_E	WRITE_MOV	0x1473ED090	0x1473ED141	"   1473ed132:	c6 83 52 02 00 00 01 	mov    BYTE PTR [rbx+0x252],0x1"
0x147431887	0xCF8	C_TO_D_PLUS130	WRITE_MOV	0x147431640	0x1474319CA	"   147431887:	c6 83 f8 0c 00 00 00 	mov    BYTE PTR [rbx+0xcf8],0x0"
0x147525E4E	0x252	D_TO_E	WRITE_MOV	0x147525900	0x147525ED7	"   147525e4e:	88 86 52 02 00 00    	mov    BYTE PTR [rsi+0x252],al"
0x147526211	0x252	D_TO_E	WRITE_MOV	0x147525EE0	0x14752626D	"   147526211:	88 85 52 02 00 00    	mov    BYTE PTR [rbp+0x252],al"
0x1475264D2	0x252	D_TO_E	WRITE_MOV	0x147526270	0x147526529	"   1475264d2:	40 88 ae 52 02 00 00 	mov    BYTE PTR [rsi+0x252],bpl"
0x14752F293	0x252	D_TO_E	WRITE_MOV	0x14752DCD0	0x14752F5F8	"   14752f293:	41 c6 86 52 02 00 00 	mov    BYTE PTR [r14+0x252],0x1"
0x147683A69	0xBC8	C_TO_D	WRITE_MOV	0x147683723	0x147684B9E	"   147683a69:	44 88 a5 c8 0b 00 00 	mov    BYTE PTR [rbp+0xbc8],r12b"
0x147683DF5	0xCF8	C_TO_D_PLUS130	WRITE_MOV	0x147683723	0x147684B9E	"   147683df5:	66 44 89 a5 f8 0c 00 	mov    WORD PTR [rbp+0xcf8],r12w"
0x1479B7310	0x252	D_TO_E	WRITE_MOV	0x1479B6D00	0x1479B82E5	"   1479b7310:	c6 85 52 02 00 00 00 	mov    BYTE PTR [rbp+0x252],0x0"
