section	ref_va	alignment	target_va	target_kind	type_hex	class	target_label	target_evidence
.rdata	0x147F44D10	0	0x1407C8A70	UNMARSHAL	0xA4	ClientAddEntryMsg	ClientAddEntryMsg	CAPTURE_CATALOG_JOIN
.rdata	0x147F46670	0	0x1407CC8F0	UNMARSHAL	0x14F	TimeSynchMsg	TimeSynchMsg	CAPTURE_CATALOG_JOIN
.rdata	0x147F46938	0	0x1407CD040	UNMARSHAL	0x3	RegistrationResponseMsg	RegistrationResponseMsg	CAPTURE_CATALOG_JOIN
.rdata	0x147F46D60	0	0x1407CDA70	UNMARSHAL	0x15D	PingMsg	PingMsg	CAPTURE_CATALOG_JOIN
.rdata	0x14800C6D0	0	0x1414E3930	UNMARSHAL	0x651	Javelin::ClientViewListenerTrait::ReceivePlayerSpawnPointMsg	Javelin::ClientViewListenerTrait::ReceivePlayerSpawnPointMsg	CAPTURE_CATALOG_JOIN
.rdata	0x1480148A8	0	0x1414FD530	UNMARSHAL	0x65C	Javelin::ClientMessagesTrait::PlayerManagerSelfIdentificationMsg	Javelin::ClientMessagesTrait::PlayerManagerSelfIdentificationMsg	CAPTURE_CATALOG_JOIN
.rdata	0x148015B38	0	0x1415009E0	UNMARSHAL	0x663	Javelin::ClientMessagesTrait::LevelInfoChangedMsg	Javelin::ClientMessagesTrait::LevelInfoChangedMsg	CAPTURE_CATALOG_JOIN
.rdata	0x14802D5A8	0	0x141549930	UNMARSHAL	0x18A6	Javelin::ClientMessages::GridTrackingComponentClientFacet_UpdatePhasing	Javelin::ClientMessages::GridTrackingComponentClientFacet_UpdatePhasing	CAPTURE_CATALOG_JOIN
.rdata	0x148138AD8	0	0x142CD62D0	UNMARSHAL	0x1B88	Javelin::ClientMessages::GlobalStorageComponentClientFacet_ReceiveStorageSearchItems	Javelin::ClientMessages::GlobalStorageComponentClientFacet_ReceiveStorageSearchItems	CAPTURE_CATALOG_JOIN
.rdata	0x14819C0E8	0	0x143197FE0	UNMARSHAL	0xCA4	Javelin::ClientMessages::EventNotificationComponentClientFacet_SyncNotifications	Javelin::ClientMessages::EventNotificationComponentClientFacet_SyncNotifications	CAPTURE_CATALOG_JOIN
.rdata	0x1481B4330	0	0x14327C880	UNMARSHAL	0x136A	Javelin::ClientMessages::GameModeParticipantComponentClientFacet_OnLeftQueueForGameModeMsg	Javelin::ClientMessages::GameModeParticipantComponentClientFacet_OnLeftQueueForGameModeMsg	CAPTURE_CATALOG_JOIN
.rdata	0x1481FF060	0	0x1435EF1C0	UNMARSHAL	0x16A0	Javelin::ClientMessages::InventoriesComponentClientFacet_OnQueryInventories	Javelin::ClientMessages::InventoriesComponentClientFacet_OnQueryInventories	CAPTURE_CATALOG_JOIN
.rdata	0x1485023A0	0	0x14646BF10	UNMARSHAL	0x40A	CoatlicueClientMessages::CalendarConnectedMsg	CoatlicueClientMessages::CalendarConnectedMsg	CAPTURE_CATALOG_JOIN
.rdata	0x1485023D0	0	0x14646C070	UNMARSHAL	0x1BE	CoatlicueClientMessages::CoatlicueTimingConfigurationConnectedMsg	CoatlicueClientMessages::CoatlicueTimingConfigurationConnectedMsg	CAPTURE_CATALOG_JOIN
.rdata	0x148502A70	0	0x14646C2B0	UNMARSHAL	0x8	Amazon::Hub::ReplicatedStateBundle	Amazon::Hub::ReplicatedStateBundle	CAPTURE_CATALOG_JOIN
