target	types_referencing	total_refs	coverage_pct	offsets	types
0x147ECAE68	15	15	100.00	0x1E5,0x205,0x21B,0x22B	0x3,0x8,0xA4,0x14F,0x15D,0x1BE,0x40A,0x651,0x65C,0x663,0xCA4,0x136A,0x16A0,0x18A6,0x1B88
0x14A829D10	15	15	100.00	0x10	0x3,0x8,0xA4,0x14F,0x15D,0x1BE,0x40A,0x651,0x65C,0x663,0xCA4,0x136A,0x16A0,0x18A6,0x1B88
0x147E1D8F0	1	1	6.67	0x54	0xA4
0x147E1E390	1	1	6.67	0x54	0x15D
0x147E1E8E0	1	1	6.67	0x54	0x3
0x147E1F150	1	1	6.67	0x54	0x14F
0x147E2E930	1	1	6.67	0x54	0x18A6
0x147E30410	1	1	6.67	0x54	0x663
0x147E323A0	1	1	6.67	0x54	0x65C
0x147E33610	1	1	6.67	0x54	0x651
0x147E54790	1	1	6.67	0x54	0x1B88
0x147E60910	1	1	6.67	0x54	0xCA4
0x147E62A50	1	1	6.67	0x54	0x136A
0x147E6E620	1	1	6.67	0x54	0x16A0
0x147EACD80	1	1	6.67	0x54	0x40A
0x147EACE20	1	1	6.67	0x54	0x1BE
0x147EACF60	1	1	6.67	0x54	0x8
0x147F442B8	1	1	6.67	0xB7	0xA4
0x147F442C8	1	1	6.67	0xC1	0xA4
0x147F442D0	1	1	6.67	0xE1	0xA4
0x147F44CE8	1	1	6.67	0x1BC	0xA4
0x147F46648	1	1	6.67	0x1A6	0x14F
0x147F46910	1	1	6.67	0x1CC	0x3
0x147F46D38	1	1	6.67	0x1A6	0x15D
0x147F47DE8	1	1	6.67	0x9E	0x14F
0x147F47DF0	1	1	6.67	0xAC	0x14F
0x147F47DF8	1	1	6.67	0xCD	0x14F
0x147F47EA8	1	1	6.67	0xB7	0x3
0x147F47EB8	1	1	6.67	0xC1	0x3
0x147F47EBC	1	1	6.67	0xCA	0x3
0x147F47EBE	1	1	6.67	0xD5	0x3
0x147F47EC0	1	1	6.67	0xF5	0x3
0x147F482B8	1	1	6.67	0x9B	0x15D
0x147F482BC	1	1	6.67	0xA6	0x15D
0x147F482BE	1	1	6.67	0xB2	0x15D
0x147F482E8	1	1	6.67	0xD4	0x15D
0x148002C60	1	1	6.67	0xB1	0x65C
0x148003688	1	1	6.67	0xB1	0x663
0x14800C6A8	1	1	6.67	0x186	0x651
0x148014880	1	1	6.67	0x186	0x65C
0x148015B10	1	1	6.67	0x186	0x663
0x1480283F0	1	1	6.67	0xB1	0x18A6
0x148029DB0	1	1	6.67	0xB1	0x651
0x14802D580	1	1	6.67	0x186	0x18A6
0x148137518	1	1	6.67	0xB1	0x1B88
0x148138AB0	1	1	6.67	0x186	0x1B88
0x14819C0C0	1	1	6.67	0x186	0xCA4
0x14819C948	1	1	6.67	0xB1	0xCA4
0x1481B3A38	1	1	6.67	0xB1	0x136A
0x1481B4308	1	1	6.67	0x186	0x136A
0x1481FF038	1	1	6.67	0x186	0x16A0
0x1481FF540	1	1	6.67	0xB1	0x16A0
0x1484C7DE8	1	1	6.67	0xB1	0x8
0x1484FC568	1	1	6.67	0xB1	0x40A
0x1484FC590	1	1	6.67	0xB1	0x1BE
0x148502378	1	1	6.67	0x186	0x40A
0x1485023A8	1	1	6.67	0x186	0x1BE
0x148502A48	1	1	6.67	0x186	0x8
0x14A2E7B00	1	2	6.67	0x33,0x4D	0xA4
0x14A2E7B10	1	4	6.67	0x2B,0x61,0x6F,0x7B	0xA4
0x14A2E81D0	1	2	6.67	0x33,0x4D	0x14F
0x14A2E81E0	1	4	6.67	0x2B,0x61,0x6F,0x7B	0x14F
0x14A2E81E8	1	2	6.67	0x33,0x4D	0x3
0x14A2E81F8	1	4	6.67	0x2B,0x61,0x6F,0x7B	0x3
0x14A2E8268	1	2	6.67	0x33,0x4D	0x15D
0x14A2E8290	1	4	6.67	0x2B,0x61,0x6F,0x7B	0x15D
0x14A31A0F0	1	2	6.67	0x33,0x4D	0x65C
0x14A31A124	1	4	6.67	0x2B,0x61,0x6F,0x7B	0x65C
0x14A31A1C0	1	2	6.67	0x33,0x4D	0x663
0x14A31A208	1	4	6.67	0x2B,0x61,0x6F,0x7B	0x663
0x14A31FF50	1	2	6.67	0x33,0x4D	0x18A6
0x14A31FF80	1	4	6.67	0x2B,0x61,0x6F,0x7B	0x18A6
0x14A320048	1	2	6.67	0x33,0x4D	0x651
0x14A320078	1	4	6.67	0x2B,0x61,0x6F,0x7B	0x651
0x14A351728	1	2	6.67	0x33,0x4D	0x1B88
0x14A351738	1	4	6.67	0x2B,0x61,0x6F,0x7B	0x1B88
0x14A368268	1	2	6.67	0x33,0x4D	0xCA4
0x14A368278	1	4	6.67	0x2B,0x61,0x6F,0x7B	0xCA4
0x14A36CF18	1	2	6.67	0x33,0x4D	0x136A
0x14A36CF28	1	4	6.67	0x2B,0x61,0x6F,0x7B	0x136A
0x14A37BD30	1	2	6.67	0x33,0x4D	0x16A0
0x14A37BD40	1	4	6.67	0x2B,0x61,0x6F,0x7B	0x16A0
0x14A554A38	1	2	6.67	0x33,0x4D	0x40A
0x14A554A48	1	4	6.67	0x2B,0x61,0x6F,0x7B	0x40A
0x14A554A50	1	2	6.67	0x33,0x4D	0x1BE
0x14A554A60	1	4	6.67	0x2B,0x61,0x6F,0x7B	0x1BE
0x14A554DE8	1	2	6.67	0x33,0x4D	0x8
0x14A554DF8	1	4	6.67	0x2B,0x61,0x6F,0x7B	0x8
