type_hex	class	entry	instructions	normalized	resolved_targets	direct_calls
0x3	RegistrationResponseMsg	0x147E1E8E0	rex push rbx ; sub    rsp,0x20 ; mov    rbx,QWORD PTR [rip+0x24c9903]        # 0x14a2e81f0 ; test   rbx,rbx ; je     0x147e1e928 ; mov    QWORD PTR [rsp+0x30],rdi ; mov    edi,0xffffffff ; mov    eax,edi ; lock xadd DWORD PTR [rbx+0x8],eax ; cmp    eax,0x1 ; jne    0x147e1e923 ; mov    rax,QWORD PTR [rbx] ; mov    rcx,rbx ; call   QWORD PTR [rax] ; lock xadd DWORD PTR [rbx+0xc],edi ; cmp    edi,0x1 ; jne    0x147e1e923 ; mov    rax,QWORD PTR [rbx] ; mov    rcx,rbx ; call   QWORD PTR [rax+0x8] ; mov    rdi,QWORD PTR [rsp+0x30] ; add    rsp,0x20 ; pop    rbx ; ret ; int3 ; int3 ; rex push rbx ; sub    rsp,0x20 ; mov    rbx,QWORD PTR [rip+0x24c99db]        # 0x14a2e8318 ; test   rbx,rbx ; je     0x147e1e978 ; mov    QWORD PTR [rsp+0x30],rdi ; mov    edi,0xffffffff ; mov    eax,edi ; lock xadd DWORD PTR [rbx+0x8],eax ; cmp    eax,0x1 ; jne    0x147e1e973 ; mov    rax,QWORD PTR [rbx] ; mov    rcx,rbx ; call   QWORD PTR [rax] ; lock xadd DWORD PTR [rbx+0xc],edi ; cmp    edi,0x1 ; jne    0x147e1e973 ; mov    rax,QWORD PTR [rbx] ; mov    rcx,rbx	rex push rbx ; sub    rsp,0x20 ; mov    rbx,QWORD PTR [rip+<ADDR>]        # <ADDR> ; test   rbx,rbx ; je     <ADDR> ; mov    QWORD PTR [rsp+0x30],rdi ; mov    edi,<ADDR> ; mov    eax,edi ; lock xadd DWORD PTR [rbx+0x8],eax ; cmp    eax,0x1 ; jne    <ADDR> ; mov    rax,QWORD PTR [rbx] ; mov    rcx,rbx ; call   QWORD PTR [rax] ; lock xadd DWORD PTR [rbx+0xc],edi ; cmp    edi,0x1 ; jne    <ADDR> ; mov    rax,QWORD PTR [rbx] ; mov    rcx,rbx ; call   QWORD PTR [rax+0x8] ; mov    rdi,QWORD PTR [rsp+0x30] ; add    rsp,0x20 ; pop    rbx ; ret ; int3 ; int3 ; rex push rbx ; sub    rsp,0x20 ; mov    rbx,QWORD PTR [rip+<ADDR>]        # <ADDR> ; test   rbx,rbx ; je     <ADDR> ; mov    QWORD PTR [rsp+0x30],rdi ; mov    edi,<ADDR> ; mov    eax,edi ; lock xadd DWORD PTR [rbx+0x8],eax ; cmp    eax,0x1 ; jne    <ADDR> ; mov    rax,QWORD PTR [rbx] ; mov    rcx,rbx ; call   QWORD PTR [rax] ; lock xadd DWORD PTR [rbx+0xc],edi ; cmp    edi,0x1 ; jne    <ADDR> ; mov    rax,QWORD PTR [rbx] ; mov    rcx,rbx	0x14A2E81F0,0x14A2E8318	
0x8	Amazon::Hub::ReplicatedStateBundle	0x147EACF60	rex push rbx ; sub    rsp,0x20 ; mov    rbx,QWORD PTR [rip+0x26a7e83]        # 0x14a554df0 ; test   rbx,rbx ; je     0x147eacfa8 ; mov    QWORD PTR [rsp+0x30],rdi ; mov    edi,0xffffffff ; mov    eax,edi ; lock xadd DWORD PTR [rbx+0x8],eax ; cmp    eax,0x1 ; jne    0x147eacfa3 ; mov    rax,QWORD PTR [rbx] ; mov    rcx,rbx ; call   QWORD PTR [rax] ; lock xadd DWORD PTR [rbx+0xc],edi ; cmp    edi,0x1 ; jne    0x147eacfa3 ; mov    rax,QWORD PTR [rbx] ; mov    rcx,rbx ; call   QWORD PTR [rax+0x8] ; mov    rdi,QWORD PTR [rsp+0x30] ; add    rsp,0x20 ; pop    rbx ; ret ; int3 ; int3 ; rex push rbx ; sub    rsp,0x20 ; mov    rbx,QWORD PTR [rip+0x26a7e1b]        # 0x14a554dd8 ; test   rbx,rbx ; je     0x147eacff8 ; mov    QWORD PTR [rsp+0x30],rdi ; mov    edi,0xffffffff ; mov    eax,edi ; lock xadd DWORD PTR [rbx+0x8],eax ; cmp    eax,0x1 ; jne    0x147eacff3 ; mov    rax,QWORD PTR [rbx] ; mov    rcx,rbx ; call   QWORD PTR [rax] ; lock xadd DWORD PTR [rbx+0xc],edi ; cmp    edi,0x1 ; jne    0x147eacff3 ; mov    rax,QWORD PTR [rbx] ; mov    rcx,rbx	rex push rbx ; sub    rsp,0x20 ; mov    rbx,QWORD PTR [rip+<ADDR>]        # <ADDR> ; test   rbx,rbx ; je     <ADDR> ; mov    QWORD PTR [rsp+0x30],rdi ; mov    edi,<ADDR> ; mov    eax,edi ; lock xadd DWORD PTR [rbx+0x8],eax ; cmp    eax,0x1 ; jne    <ADDR> ; mov    rax,QWORD PTR [rbx] ; mov    rcx,rbx ; call   QWORD PTR [rax] ; lock xadd DWORD PTR [rbx+0xc],edi ; cmp    edi,0x1 ; jne    <ADDR> ; mov    rax,QWORD PTR [rbx] ; mov    rcx,rbx ; call   QWORD PTR [rax+0x8] ; mov    rdi,QWORD PTR [rsp+0x30] ; add    rsp,0x20 ; pop    rbx ; ret ; int3 ; int3 ; rex push rbx ; sub    rsp,0x20 ; mov    rbx,QWORD PTR [rip+<ADDR>]        # <ADDR> ; test   rbx,rbx ; je     <ADDR> ; mov    QWORD PTR [rsp+0x30],rdi ; mov    edi,<ADDR> ; mov    eax,edi ; lock xadd DWORD PTR [rbx+0x8],eax ; cmp    eax,0x1 ; jne    <ADDR> ; mov    rax,QWORD PTR [rbx] ; mov    rcx,rbx ; call   QWORD PTR [rax] ; lock xadd DWORD PTR [rbx+0xc],edi ; cmp    edi,0x1 ; jne    <ADDR> ; mov    rax,QWORD PTR [rbx] ; mov    rcx,rbx	0x14A554DF0,0x14A554DD8	
0xA4	ClientAddEntryMsg	0x147E1D8F0	rex push rbx ; sub    rsp,0x20 ; mov    rbx,QWORD PTR [rip+0x24ca20b]        # 0x14a2e7b08 ; test   rbx,rbx ; je     0x147e1d938 ; mov    QWORD PTR [rsp+0x30],rdi ; mov    edi,0xffffffff ; mov    eax,edi ; lock xadd DWORD PTR [rbx+0x8],eax ; cmp    eax,0x1 ; jne    0x147e1d933 ; mov    rax,QWORD PTR [rbx] ; mov    rcx,rbx ; call   QWORD PTR [rax] ; lock xadd DWORD PTR [rbx+0xc],edi ; cmp    edi,0x1 ; jne    0x147e1d933 ; mov    rax,QWORD PTR [rbx] ; mov    rcx,rbx ; call   QWORD PTR [rax+0x8] ; mov    rdi,QWORD PTR [rsp+0x30] ; add    rsp,0x20 ; pop    rbx ; ret ; int3 ; int3 ; rex push rbx ; sub    rsp,0x20 ; mov    rbx,QWORD PTR [rip+0x24ca13b]        # 0x14a2e7a88 ; test   rbx,rbx ; je     0x147e1d988 ; mov    QWORD PTR [rsp+0x30],rdi ; mov    edi,0xffffffff ; mov    eax,edi ; lock xadd DWORD PTR [rbx+0x8],eax ; cmp    eax,0x1 ; jne    0x147e1d983 ; mov    rax,QWORD PTR [rbx] ; mov    rcx,rbx ; call   QWORD PTR [rax] ; lock xadd DWORD PTR [rbx+0xc],edi ; cmp    edi,0x1 ; jne    0x147e1d983 ; mov    rax,QWORD PTR [rbx] ; mov    rcx,rbx	rex push rbx ; sub    rsp,0x20 ; mov    rbx,QWORD PTR [rip+<ADDR>]        # <ADDR> ; test   rbx,rbx ; je     <ADDR> ; mov    QWORD PTR [rsp+0x30],rdi ; mov    edi,<ADDR> ; mov    eax,edi ; lock xadd DWORD PTR [rbx+0x8],eax ; cmp    eax,0x1 ; jne    <ADDR> ; mov    rax,QWORD PTR [rbx] ; mov    rcx,rbx ; call   QWORD PTR [rax] ; lock xadd DWORD PTR [rbx+0xc],edi ; cmp    edi,0x1 ; jne    <ADDR> ; mov    rax,QWORD PTR [rbx] ; mov    rcx,rbx ; call   QWORD PTR [rax+0x8] ; mov    rdi,QWORD PTR [rsp+0x30] ; add    rsp,0x20 ; pop    rbx ; ret ; int3 ; int3 ; rex push rbx ; sub    rsp,0x20 ; mov    rbx,QWORD PTR [rip+<ADDR>]        # <ADDR> ; test   rbx,rbx ; je     <ADDR> ; mov    QWORD PTR [rsp+0x30],rdi ; mov    edi,<ADDR> ; mov    eax,edi ; lock xadd DWORD PTR [rbx+0x8],eax ; cmp    eax,0x1 ; jne    <ADDR> ; mov    rax,QWORD PTR [rbx] ; mov    rcx,rbx ; call   QWORD PTR [rax] ; lock xadd DWORD PTR [rbx+0xc],edi ; cmp    edi,0x1 ; jne    <ADDR> ; mov    rax,QWORD PTR [rbx] ; mov    rcx,rbx	0x14A2E7B08,0x14A2E7A88	
0x14F	TimeSynchMsg	0x147E1F150	rex push rbx ; sub    rsp,0x20 ; mov    rbx,QWORD PTR [rip+0x24c907b]        # 0x14a2e81d8 ; test   rbx,rbx ; je     0x147e1f198 ; mov    QWORD PTR [rsp+0x30],rdi ; mov    edi,0xffffffff ; mov    eax,edi ; lock xadd DWORD PTR [rbx+0x8],eax ; cmp    eax,0x1 ; jne    0x147e1f193 ; mov    rax,QWORD PTR [rbx] ; mov    rcx,rbx ; call   QWORD PTR [rax] ; lock xadd DWORD PTR [rbx+0xc],edi ; cmp    edi,0x1 ; jne    0x147e1f193 ; mov    rax,QWORD PTR [rbx] ; mov    rcx,rbx ; call   QWORD PTR [rax+0x8] ; mov    rdi,QWORD PTR [rsp+0x30] ; add    rsp,0x20 ; pop    rbx ; ret ; int3 ; int3 ; rex push rbx ; sub    rsp,0x20 ; mov    rbx,QWORD PTR [rip+0x24c8683]        # 0x14a2e7830 ; test   rbx,rbx ; je     0x147e1f1e8 ; mov    QWORD PTR [rsp+0x30],rdi ; mov    edi,0xffffffff ; mov    eax,edi ; lock xadd DWORD PTR [rbx+0x8],eax ; cmp    eax,0x1 ; jne    0x147e1f1e3 ; mov    rax,QWORD PTR [rbx] ; mov    rcx,rbx ; call   QWORD PTR [rax] ; lock xadd DWORD PTR [rbx+0xc],edi ; cmp    edi,0x1 ; jne    0x147e1f1e3 ; mov    rax,QWORD PTR [rbx] ; mov    rcx,rbx	rex push rbx ; sub    rsp,0x20 ; mov    rbx,QWORD PTR [rip+<ADDR>]        # <ADDR> ; test   rbx,rbx ; je     <ADDR> ; mov    QWORD PTR [rsp+0x30],rdi ; mov    edi,<ADDR> ; mov    eax,edi ; lock xadd DWORD PTR [rbx+0x8],eax ; cmp    eax,0x1 ; jne    <ADDR> ; mov    rax,QWORD PTR [rbx] ; mov    rcx,rbx ; call   QWORD PTR [rax] ; lock xadd DWORD PTR [rbx+0xc],edi ; cmp    edi,0x1 ; jne    <ADDR> ; mov    rax,QWORD PTR [rbx] ; mov    rcx,rbx ; call   QWORD PTR [rax+0x8] ; mov    rdi,QWORD PTR [rsp+0x30] ; add    rsp,0x20 ; pop    rbx ; ret ; int3 ; int3 ; rex push rbx ; sub    rsp,0x20 ; mov    rbx,QWORD PTR [rip+<ADDR>]        # <ADDR> ; test   rbx,rbx ; je     <ADDR> ; mov    QWORD PTR [rsp+0x30],rdi ; mov    edi,<ADDR> ; mov    eax,edi ; lock xadd DWORD PTR [rbx+0x8],eax ; cmp    eax,0x1 ; jne    <ADDR> ; mov    rax,QWORD PTR [rbx] ; mov    rcx,rbx ; call   QWORD PTR [rax] ; lock xadd DWORD PTR [rbx+0xc],edi ; cmp    edi,0x1 ; jne    <ADDR> ; mov    rax,QWORD PTR [rbx] ; mov    rcx,rbx	0x14A2E81D8,0x14A2E7830	
0x15D	PingMsg	0x147E1E390	rex push rbx ; sub    rsp,0x20 ; mov    rbx,QWORD PTR [rip+0x24c9ed3]        # 0x14a2e8270 ; test   rbx,rbx ; je     0x147e1e3d8 ; mov    QWORD PTR [rsp+0x30],rdi ; mov    edi,0xffffffff ; mov    eax,edi ; lock xadd DWORD PTR [rbx+0x8],eax ; cmp    eax,0x1 ; jne    0x147e1e3d3 ; mov    rax,QWORD PTR [rbx] ; mov    rcx,rbx ; call   QWORD PTR [rax] ; lock xadd DWORD PTR [rbx+0xc],edi ; cmp    edi,0x1 ; jne    0x147e1e3d3 ; mov    rax,QWORD PTR [rbx] ; mov    rcx,rbx ; call   QWORD PTR [rax+0x8] ; mov    rdi,QWORD PTR [rsp+0x30] ; add    rsp,0x20 ; pop    rbx ; ret ; int3 ; int3 ; rex push rbx ; sub    rsp,0x20 ; mov    rbx,QWORD PTR [rip+0x24c9cb3]        # 0x14a2e80a0 ; test   rbx,rbx ; je     0x147e1e428 ; mov    QWORD PTR [rsp+0x30],rdi ; mov    edi,0xffffffff ; mov    eax,edi ; lock xadd DWORD PTR [rbx+0x8],eax ; cmp    eax,0x1 ; jne    0x147e1e423 ; mov    rax,QWORD PTR [rbx] ; mov    rcx,rbx ; call   QWORD PTR [rax] ; lock xadd DWORD PTR [rbx+0xc],edi ; cmp    edi,0x1 ; jne    0x147e1e423 ; mov    rax,QWORD PTR [rbx] ; mov    rcx,rbx	rex push rbx ; sub    rsp,0x20 ; mov    rbx,QWORD PTR [rip+<ADDR>]        # <ADDR> ; test   rbx,rbx ; je     <ADDR> ; mov    QWORD PTR [rsp+0x30],rdi ; mov    edi,<ADDR> ; mov    eax,edi ; lock xadd DWORD PTR [rbx+0x8],eax ; cmp    eax,0x1 ; jne    <ADDR> ; mov    rax,QWORD PTR [rbx] ; mov    rcx,rbx ; call   QWORD PTR [rax] ; lock xadd DWORD PTR [rbx+0xc],edi ; cmp    edi,0x1 ; jne    <ADDR> ; mov    rax,QWORD PTR [rbx] ; mov    rcx,rbx ; call   QWORD PTR [rax+0x8] ; mov    rdi,QWORD PTR [rsp+0x30] ; add    rsp,0x20 ; pop    rbx ; ret ; int3 ; int3 ; rex push rbx ; sub    rsp,0x20 ; mov    rbx,QWORD PTR [rip+<ADDR>]        # <ADDR> ; test   rbx,rbx ; je     <ADDR> ; mov    QWORD PTR [rsp+0x30],rdi ; mov    edi,<ADDR> ; mov    eax,edi ; lock xadd DWORD PTR [rbx+0x8],eax ; cmp    eax,0x1 ; jne    <ADDR> ; mov    rax,QWORD PTR [rbx] ; mov    rcx,rbx ; call   QWORD PTR [rax] ; lock xadd DWORD PTR [rbx+0xc],edi ; cmp    edi,0x1 ; jne    <ADDR> ; mov    rax,QWORD PTR [rbx] ; mov    rcx,rbx	0x14A2E8270,0x14A2E80A0	
0x1BE	CoatlicueClientMessages::CoatlicueTimingConfigurationConnectedMsg	0x147EACE20	rex push rbx ; sub    rsp,0x20 ; mov    rbx,QWORD PTR [rip+0x26a7c2b]        # 0x14a554a58 ; test   rbx,rbx ; je     0x147eace68 ; mov    QWORD PTR [rsp+0x30],rdi ; mov    edi,0xffffffff ; mov    eax,edi ; lock xadd DWORD PTR [rbx+0x8],eax ; cmp    eax,0x1 ; jne    0x147eace63 ; mov    rax,QWORD PTR [rbx] ; mov    rcx,rbx ; call   QWORD PTR [rax] ; lock xadd DWORD PTR [rbx+0xc],edi ; cmp    edi,0x1 ; jne    0x147eace63 ; mov    rax,QWORD PTR [rbx] ; mov    rcx,rbx ; call   QWORD PTR [rax+0x8] ; mov    rdi,QWORD PTR [rsp+0x30] ; add    rsp,0x20 ; pop    rbx ; ret ; int3 ; int3 ; rex push rbx ; sub    rsp,0x20 ; mov    rbx,QWORD PTR [rip+0x26a7bf3]        # 0x14a554a70 ; test   rbx,rbx ; je     0x147eaceb8 ; mov    QWORD PTR [rsp+0x30],rdi ; mov    edi,0xffffffff ; mov    eax,edi ; lock xadd DWORD PTR [rbx+0x8],eax ; cmp    eax,0x1 ; jne    0x147eaceb3 ; mov    rax,QWORD PTR [rbx] ; mov    rcx,rbx ; call   QWORD PTR [rax] ; lock xadd DWORD PTR [rbx+0xc],edi ; cmp    edi,0x1 ; jne    0x147eaceb3 ; mov    rax,QWORD PTR [rbx] ; mov    rcx,rbx	rex push rbx ; sub    rsp,0x20 ; mov    rbx,QWORD PTR [rip+<ADDR>]        # <ADDR> ; test   rbx,rbx ; je     <ADDR> ; mov    QWORD PTR [rsp+0x30],rdi ; mov    edi,<ADDR> ; mov    eax,edi ; lock xadd DWORD PTR [rbx+0x8],eax ; cmp    eax,0x1 ; jne    <ADDR> ; mov    rax,QWORD PTR [rbx] ; mov    rcx,rbx ; call   QWORD PTR [rax] ; lock xadd DWORD PTR [rbx+0xc],edi ; cmp    edi,0x1 ; jne    <ADDR> ; mov    rax,QWORD PTR [rbx] ; mov    rcx,rbx ; call   QWORD PTR [rax+0x8] ; mov    rdi,QWORD PTR [rsp+0x30] ; add    rsp,0x20 ; pop    rbx ; ret ; int3 ; int3 ; rex push rbx ; sub    rsp,0x20 ; mov    rbx,QWORD PTR [rip+<ADDR>]        # <ADDR> ; test   rbx,rbx ; je     <ADDR> ; mov    QWORD PTR [rsp+0x30],rdi ; mov    edi,<ADDR> ; mov    eax,edi ; lock xadd DWORD PTR [rbx+0x8],eax ; cmp    eax,0x1 ; jne    <ADDR> ; mov    rax,QWORD PTR [rbx] ; mov    rcx,rbx ; call   QWORD PTR [rax] ; lock xadd DWORD PTR [rbx+0xc],edi ; cmp    edi,0x1 ; jne    <ADDR> ; mov    rax,QWORD PTR [rbx] ; mov    rcx,rbx	0x14A554A58,0x14A554A70	
0x40A	CoatlicueClientMessages::CalendarConnectedMsg	0x147EACD80	rex push rbx ; sub    rsp,0x20 ; mov    rbx,QWORD PTR [rip+0x26a7cb3]        # 0x14a554a40 ; test   rbx,rbx ; je     0x147eacdc8 ; mov    QWORD PTR [rsp+0x30],rdi ; mov    edi,0xffffffff ; mov    eax,edi ; lock xadd DWORD PTR [rbx+0x8],eax ; cmp    eax,0x1 ; jne    0x147eacdc3 ; mov    rax,QWORD PTR [rbx] ; mov    rcx,rbx ; call   QWORD PTR [rax] ; lock xadd DWORD PTR [rbx+0xc],edi ; cmp    edi,0x1 ; jne    0x147eacdc3 ; mov    rax,QWORD PTR [rbx] ; mov    rcx,rbx ; call   QWORD PTR [rax+0x8] ; mov    rdi,QWORD PTR [rsp+0x30] ; add    rsp,0x20 ; pop    rbx ; ret ; int3 ; int3 ; rex push rbx ; sub    rsp,0x20 ; mov    rbx,QWORD PTR [rip+0x26a7c13]        # 0x14a5549f0 ; test   rbx,rbx ; je     0x147eace18 ; mov    QWORD PTR [rsp+0x30],rdi ; mov    edi,0xffffffff ; mov    eax,edi ; lock xadd DWORD PTR [rbx+0x8],eax ; cmp    eax,0x1 ; jne    0x147eace13 ; mov    rax,QWORD PTR [rbx] ; mov    rcx,rbx ; call   QWORD PTR [rax] ; lock xadd DWORD PTR [rbx+0xc],edi ; cmp    edi,0x1 ; jne    0x147eace13 ; mov    rax,QWORD PTR [rbx] ; mov    rcx,rbx	rex push rbx ; sub    rsp,0x20 ; mov    rbx,QWORD PTR [rip+<ADDR>]        # <ADDR> ; test   rbx,rbx ; je     <ADDR> ; mov    QWORD PTR [rsp+0x30],rdi ; mov    edi,<ADDR> ; mov    eax,edi ; lock xadd DWORD PTR [rbx+0x8],eax ; cmp    eax,0x1 ; jne    <ADDR> ; mov    rax,QWORD PTR [rbx] ; mov    rcx,rbx ; call   QWORD PTR [rax] ; lock xadd DWORD PTR [rbx+0xc],edi ; cmp    edi,0x1 ; jne    <ADDR> ; mov    rax,QWORD PTR [rbx] ; mov    rcx,rbx ; call   QWORD PTR [rax+0x8] ; mov    rdi,QWORD PTR [rsp+0x30] ; add    rsp,0x20 ; pop    rbx ; ret ; int3 ; int3 ; rex push rbx ; sub    rsp,0x20 ; mov    rbx,QWORD PTR [rip+<ADDR>]        # <ADDR> ; test   rbx,rbx ; je     <ADDR> ; mov    QWORD PTR [rsp+0x30],rdi ; mov    edi,<ADDR> ; mov    eax,edi ; lock xadd DWORD PTR [rbx+0x8],eax ; cmp    eax,0x1 ; jne    <ADDR> ; mov    rax,QWORD PTR [rbx] ; mov    rcx,rbx ; call   QWORD PTR [rax] ; lock xadd DWORD PTR [rbx+0xc],edi ; cmp    edi,0x1 ; jne    <ADDR> ; mov    rax,QWORD PTR [rbx] ; mov    rcx,rbx	0x14A554A40,0x14A5549F0	
0x651	Javelin::ClientViewListenerTrait::ReceivePlayerSpawnPointMsg	0x147E33610	rex push rbx ; sub    rsp,0x20 ; mov    rbx,QWORD PTR [rip+0x24eca33]        # 0x14a320050 ; test   rbx,rbx ; je     0x147e33658 ; mov    QWORD PTR [rsp+0x30],rdi ; mov    edi,0xffffffff ; mov    eax,edi ; lock xadd DWORD PTR [rbx+0x8],eax ; cmp    eax,0x1 ; jne    0x147e33653 ; mov    rax,QWORD PTR [rbx] ; mov    rcx,rbx ; call   QWORD PTR [rax] ; lock xadd DWORD PTR [rbx+0xc],edi ; cmp    edi,0x1 ; jne    0x147e33653 ; mov    rax,QWORD PTR [rbx] ; mov    rcx,rbx ; call   QWORD PTR [rax+0x8] ; mov    rdi,QWORD PTR [rsp+0x30] ; add    rsp,0x20 ; pop    rbx ; ret ; int3 ; int3 ; rex push rbx ; sub    rsp,0x20 ; mov    rbx,QWORD PTR [rip+0x24ead5b]        # 0x14a31e3c8 ; test   rbx,rbx ; je     0x147e336a8 ; mov    QWORD PTR [rsp+0x30],rdi ; mov    edi,0xffffffff ; mov    eax,edi ; lock xadd DWORD PTR [rbx+0x8],eax ; cmp    eax,0x1 ; jne    0x147e336a3 ; mov    rax,QWORD PTR [rbx] ; mov    rcx,rbx ; call   QWORD PTR [rax] ; lock xadd DWORD PTR [rbx+0xc],edi ; cmp    edi,0x1 ; jne    0x147e336a3 ; mov    rax,QWORD PTR [rbx] ; mov    rcx,rbx	rex push rbx ; sub    rsp,0x20 ; mov    rbx,QWORD PTR [rip+<ADDR>]        # <ADDR> ; test   rbx,rbx ; je     <ADDR> ; mov    QWORD PTR [rsp+0x30],rdi ; mov    edi,<ADDR> ; mov    eax,edi ; lock xadd DWORD PTR [rbx+0x8],eax ; cmp    eax,0x1 ; jne    <ADDR> ; mov    rax,QWORD PTR [rbx] ; mov    rcx,rbx ; call   QWORD PTR [rax] ; lock xadd DWORD PTR [rbx+0xc],edi ; cmp    edi,0x1 ; jne    <ADDR> ; mov    rax,QWORD PTR [rbx] ; mov    rcx,rbx ; call   QWORD PTR [rax+0x8] ; mov    rdi,QWORD PTR [rsp+0x30] ; add    rsp,0x20 ; pop    rbx ; ret ; int3 ; int3 ; rex push rbx ; sub    rsp,0x20 ; mov    rbx,QWORD PTR [rip+<ADDR>]        # <ADDR> ; test   rbx,rbx ; je     <ADDR> ; mov    QWORD PTR [rsp+0x30],rdi ; mov    edi,<ADDR> ; mov    eax,edi ; lock xadd DWORD PTR [rbx+0x8],eax ; cmp    eax,0x1 ; jne    <ADDR> ; mov    rax,QWORD PTR [rbx] ; mov    rcx,rbx ; call   QWORD PTR [rax] ; lock xadd DWORD PTR [rbx+0xc],edi ; cmp    edi,0x1 ; jne    <ADDR> ; mov    rax,QWORD PTR [rbx] ; mov    rcx,rbx	0x14A320050,0x14A31E3C8	
0x65C	Javelin::ClientMessagesTrait::PlayerManagerSelfIdentificationMsg	0x147E323A0	rex push rbx ; sub    rsp,0x20 ; mov    rbx,QWORD PTR [rip+0x24e7d4b]        # 0x14a31a0f8 ; test   rbx,rbx ; je     0x147e323e8 ; mov    QWORD PTR [rsp+0x30],rdi ; mov    edi,0xffffffff ; mov    eax,edi ; lock xadd DWORD PTR [rbx+0x8],eax ; cmp    eax,0x1 ; jne    0x147e323e3 ; mov    rax,QWORD PTR [rbx] ; mov    rcx,rbx ; call   QWORD PTR [rax] ; lock xadd DWORD PTR [rbx+0xc],edi ; cmp    edi,0x1 ; jne    0x147e323e3 ; mov    rax,QWORD PTR [rbx] ; mov    rcx,rbx ; call   QWORD PTR [rax+0x8] ; mov    rdi,QWORD PTR [rsp+0x30] ; add    rsp,0x20 ; pop    rbx ; ret ; int3 ; int3 ; rex push rbx ; sub    rsp,0x20 ; mov    rbx,QWORD PTR [rip+0x24ed0c3]        # 0x14a31f4c0 ; test   rbx,rbx ; je     0x147e32438 ; mov    QWORD PTR [rsp+0x30],rdi ; mov    edi,0xffffffff ; mov    eax,edi ; lock xadd DWORD PTR [rbx+0x8],eax ; cmp    eax,0x1 ; jne    0x147e32433 ; mov    rax,QWORD PTR [rbx] ; mov    rcx,rbx ; call   QWORD PTR [rax] ; lock xadd DWORD PTR [rbx+0xc],edi ; cmp    edi,0x1 ; jne    0x147e32433 ; mov    rax,QWORD PTR [rbx] ; mov    rcx,rbx	rex push rbx ; sub    rsp,0x20 ; mov    rbx,QWORD PTR [rip+<ADDR>]        # <ADDR> ; test   rbx,rbx ; je     <ADDR> ; mov    QWORD PTR [rsp+0x30],rdi ; mov    edi,<ADDR> ; mov    eax,edi ; lock xadd DWORD PTR [rbx+0x8],eax ; cmp    eax,0x1 ; jne    <ADDR> ; mov    rax,QWORD PTR [rbx] ; mov    rcx,rbx ; call   QWORD PTR [rax] ; lock xadd DWORD PTR [rbx+0xc],edi ; cmp    edi,0x1 ; jne    <ADDR> ; mov    rax,QWORD PTR [rbx] ; mov    rcx,rbx ; call   QWORD PTR [rax+0x8] ; mov    rdi,QWORD PTR [rsp+0x30] ; add    rsp,0x20 ; pop    rbx ; ret ; int3 ; int3 ; rex push rbx ; sub    rsp,0x20 ; mov    rbx,QWORD PTR [rip+<ADDR>]        # <ADDR> ; test   rbx,rbx ; je     <ADDR> ; mov    QWORD PTR [rsp+0x30],rdi ; mov    edi,<ADDR> ; mov    eax,edi ; lock xadd DWORD PTR [rbx+0x8],eax ; cmp    eax,0x1 ; jne    <ADDR> ; mov    rax,QWORD PTR [rbx] ; mov    rcx,rbx ; call   QWORD PTR [rax] ; lock xadd DWORD PTR [rbx+0xc],edi ; cmp    edi,0x1 ; jne    <ADDR> ; mov    rax,QWORD PTR [rbx] ; mov    rcx,rbx	0x14A31A0F8,0x14A31F4C0	
0x663	Javelin::ClientMessagesTrait::LevelInfoChangedMsg	0x147E30410	rex push rbx ; sub    rsp,0x20 ; mov    rbx,QWORD PTR [rip+0x24e9dab]        # 0x14a31a1c8 ; test   rbx,rbx ; je     0x147e30458 ; mov    QWORD PTR [rsp+0x30],rdi ; mov    edi,0xffffffff ; mov    eax,edi ; lock xadd DWORD PTR [rbx+0x8],eax ; cmp    eax,0x1 ; jne    0x147e30453 ; mov    rax,QWORD PTR [rbx] ; mov    rcx,rbx ; call   QWORD PTR [rax] ; lock xadd DWORD PTR [rbx+0xc],edi ; cmp    edi,0x1 ; jne    0x147e30453 ; mov    rax,QWORD PTR [rbx] ; mov    rcx,rbx ; call   QWORD PTR [rax+0x8] ; mov    rdi,QWORD PTR [rsp+0x30] ; add    rsp,0x20 ; pop    rbx ; ret ; int3 ; int3 ; rex push rbx ; sub    rsp,0x20 ; mov    rbx,QWORD PTR [rip+0x24e9ebb]        # 0x14a31a328 ; test   rbx,rbx ; je     0x147e304a8 ; mov    QWORD PTR [rsp+0x30],rdi ; mov    edi,0xffffffff ; mov    eax,edi ; lock xadd DWORD PTR [rbx+0x8],eax ; cmp    eax,0x1 ; jne    0x147e304a3 ; mov    rax,QWORD PTR [rbx] ; mov    rcx,rbx ; call   QWORD PTR [rax] ; lock xadd DWORD PTR [rbx+0xc],edi ; cmp    edi,0x1 ; jne    0x147e304a3 ; mov    rax,QWORD PTR [rbx] ; mov    rcx,rbx	rex push rbx ; sub    rsp,0x20 ; mov    rbx,QWORD PTR [rip+<ADDR>]        # <ADDR> ; test   rbx,rbx ; je     <ADDR> ; mov    QWORD PTR [rsp+0x30],rdi ; mov    edi,<ADDR> ; mov    eax,edi ; lock xadd DWORD PTR [rbx+0x8],eax ; cmp    eax,0x1 ; jne    <ADDR> ; mov    rax,QWORD PTR [rbx] ; mov    rcx,rbx ; call   QWORD PTR [rax] ; lock xadd DWORD PTR [rbx+0xc],edi ; cmp    edi,0x1 ; jne    <ADDR> ; mov    rax,QWORD PTR [rbx] ; mov    rcx,rbx ; call   QWORD PTR [rax+0x8] ; mov    rdi,QWORD PTR [rsp+0x30] ; add    rsp,0x20 ; pop    rbx ; ret ; int3 ; int3 ; rex push rbx ; sub    rsp,0x20 ; mov    rbx,QWORD PTR [rip+<ADDR>]        # <ADDR> ; test   rbx,rbx ; je     <ADDR> ; mov    QWORD PTR [rsp+0x30],rdi ; mov    edi,<ADDR> ; mov    eax,edi ; lock xadd DWORD PTR [rbx+0x8],eax ; cmp    eax,0x1 ; jne    <ADDR> ; mov    rax,QWORD PTR [rbx] ; mov    rcx,rbx ; call   QWORD PTR [rax] ; lock xadd DWORD PTR [rbx+0xc],edi ; cmp    edi,0x1 ; jne    <ADDR> ; mov    rax,QWORD PTR [rbx] ; mov    rcx,rbx	0x14A31A1C8,0x14A31A328	
0xCA4	Javelin::ClientMessages::EventNotificationComponentClientFacet_SyncNotifications	0x147E60910	rex push rbx ; sub    rsp,0x20 ; mov    rbx,QWORD PTR [rip+0x2507953]        # 0x14a368270 ; test   rbx,rbx ; je     0x147e60958 ; mov    QWORD PTR [rsp+0x30],rdi ; mov    edi,0xffffffff ; mov    eax,edi ; lock xadd DWORD PTR [rbx+0x8],eax ; cmp    eax,0x1 ; jne    0x147e60953 ; mov    rax,QWORD PTR [rbx] ; mov    rcx,rbx ; call   QWORD PTR [rax] ; lock xadd DWORD PTR [rbx+0xc],edi ; cmp    edi,0x1 ; jne    0x147e60953 ; mov    rax,QWORD PTR [rbx] ; mov    rcx,rbx ; call   QWORD PTR [rax+0x8] ; mov    rdi,QWORD PTR [rsp+0x30] ; add    rsp,0x20 ; pop    rbx ; ret ; int3 ; int3 ; rex push rbx ; sub    rsp,0x20 ; mov    rbx,QWORD PTR [rip+0x250796b]        # 0x14a3682d8 ; test   rbx,rbx ; je     0x147e609a8 ; mov    QWORD PTR [rsp+0x30],rdi ; mov    edi,0xffffffff ; mov    eax,edi ; lock xadd DWORD PTR [rbx+0x8],eax ; cmp    eax,0x1 ; jne    0x147e609a3 ; mov    rax,QWORD PTR [rbx] ; mov    rcx,rbx ; call   QWORD PTR [rax] ; lock xadd DWORD PTR [rbx+0xc],edi ; cmp    edi,0x1 ; jne    0x147e609a3 ; mov    rax,QWORD PTR [rbx] ; mov    rcx,rbx	rex push rbx ; sub    rsp,0x20 ; mov    rbx,QWORD PTR [rip+<ADDR>]        # <ADDR> ; test   rbx,rbx ; je     <ADDR> ; mov    QWORD PTR [rsp+0x30],rdi ; mov    edi,<ADDR> ; mov    eax,edi ; lock xadd DWORD PTR [rbx+0x8],eax ; cmp    eax,0x1 ; jne    <ADDR> ; mov    rax,QWORD PTR [rbx] ; mov    rcx,rbx ; call   QWORD PTR [rax] ; lock xadd DWORD PTR [rbx+0xc],edi ; cmp    edi,0x1 ; jne    <ADDR> ; mov    rax,QWORD PTR [rbx] ; mov    rcx,rbx ; call   QWORD PTR [rax+0x8] ; mov    rdi,QWORD PTR [rsp+0x30] ; add    rsp,0x20 ; pop    rbx ; ret ; int3 ; int3 ; rex push rbx ; sub    rsp,0x20 ; mov    rbx,QWORD PTR [rip+<ADDR>]        # <ADDR> ; test   rbx,rbx ; je     <ADDR> ; mov    QWORD PTR [rsp+0x30],rdi ; mov    edi,<ADDR> ; mov    eax,edi ; lock xadd DWORD PTR [rbx+0x8],eax ; cmp    eax,0x1 ; jne    <ADDR> ; mov    rax,QWORD PTR [rbx] ; mov    rcx,rbx ; call   QWORD PTR [rax] ; lock xadd DWORD PTR [rbx+0xc],edi ; cmp    edi,0x1 ; jne    <ADDR> ; mov    rax,QWORD PTR [rbx] ; mov    rcx,rbx	0x14A368270,0x14A3682D8	
0x136A	Javelin::ClientMessages::GameModeParticipantComponentClientFacet_OnLeftQueueForGameModeMsg	0x147E62A50	rex push rbx ; sub    rsp,0x20 ; mov    rbx,QWORD PTR [rip+0x250a4c3]        # 0x14a36cf20 ; test   rbx,rbx ; je     0x147e62a98 ; mov    QWORD PTR [rsp+0x30],rdi ; mov    edi,0xffffffff ; mov    eax,edi ; lock xadd DWORD PTR [rbx+0x8],eax ; cmp    eax,0x1 ; jne    0x147e62a93 ; mov    rax,QWORD PTR [rbx] ; mov    rcx,rbx ; call   QWORD PTR [rax] ; lock xadd DWORD PTR [rbx+0xc],edi ; cmp    edi,0x1 ; jne    0x147e62a93 ; mov    rax,QWORD PTR [rbx] ; mov    rcx,rbx ; call   QWORD PTR [rax+0x8] ; mov    rdi,QWORD PTR [rsp+0x30] ; add    rsp,0x20 ; pop    rbx ; ret ; int3 ; int3 ; rex push rbx ; sub    rsp,0x20 ; mov    rbx,QWORD PTR [rip+0x250a26b]        # 0x14a36cd18 ; test   rbx,rbx ; je     0x147e62ae8 ; mov    QWORD PTR [rsp+0x30],rdi ; mov    edi,0xffffffff ; mov    eax,edi ; lock xadd DWORD PTR [rbx+0x8],eax ; cmp    eax,0x1 ; jne    0x147e62ae3 ; mov    rax,QWORD PTR [rbx] ; mov    rcx,rbx ; call   QWORD PTR [rax] ; lock xadd DWORD PTR [rbx+0xc],edi ; cmp    edi,0x1 ; jne    0x147e62ae3 ; mov    rax,QWORD PTR [rbx] ; mov    rcx,rbx	rex push rbx ; sub    rsp,0x20 ; mov    rbx,QWORD PTR [rip+<ADDR>]        # <ADDR> ; test   rbx,rbx ; je     <ADDR> ; mov    QWORD PTR [rsp+0x30],rdi ; mov    edi,<ADDR> ; mov    eax,edi ; lock xadd DWORD PTR [rbx+0x8],eax ; cmp    eax,0x1 ; jne    <ADDR> ; mov    rax,QWORD PTR [rbx] ; mov    rcx,rbx ; call   QWORD PTR [rax] ; lock xadd DWORD PTR [rbx+0xc],edi ; cmp    edi,0x1 ; jne    <ADDR> ; mov    rax,QWORD PTR [rbx] ; mov    rcx,rbx ; call   QWORD PTR [rax+0x8] ; mov    rdi,QWORD PTR [rsp+0x30] ; add    rsp,0x20 ; pop    rbx ; ret ; int3 ; int3 ; rex push rbx ; sub    rsp,0x20 ; mov    rbx,QWORD PTR [rip+<ADDR>]        # <ADDR> ; test   rbx,rbx ; je     <ADDR> ; mov    QWORD PTR [rsp+0x30],rdi ; mov    edi,<ADDR> ; mov    eax,edi ; lock xadd DWORD PTR [rbx+0x8],eax ; cmp    eax,0x1 ; jne    <ADDR> ; mov    rax,QWORD PTR [rbx] ; mov    rcx,rbx ; call   QWORD PTR [rax] ; lock xadd DWORD PTR [rbx+0xc],edi ; cmp    edi,0x1 ; jne    <ADDR> ; mov    rax,QWORD PTR [rbx] ; mov    rcx,rbx	0x14A36CF20,0x14A36CD18	
0x16A0	Javelin::ClientMessages::InventoriesComponentClientFacet_OnQueryInventories	0x147E6E620	rex push rbx ; sub    rsp,0x20 ; mov    rbx,QWORD PTR [rip+0x250d70b]        # 0x14a37bd38 ; test   rbx,rbx ; je     0x147e6e668 ; mov    QWORD PTR [rsp+0x30],rdi ; mov    edi,0xffffffff ; mov    eax,edi ; lock xadd DWORD PTR [rbx+0x8],eax ; cmp    eax,0x1 ; jne    0x147e6e663 ; mov    rax,QWORD PTR [rbx] ; mov    rcx,rbx ; call   QWORD PTR [rax] ; lock xadd DWORD PTR [rbx+0xc],edi ; cmp    edi,0x1 ; jne    0x147e6e663 ; mov    rax,QWORD PTR [rbx] ; mov    rcx,rbx ; call   QWORD PTR [rax+0x8] ; mov    rdi,QWORD PTR [rsp+0x30] ; add    rsp,0x20 ; pop    rbx ; ret ; int3 ; int3 ; rex push rbx ; sub    rsp,0x20 ; mov    rbx,QWORD PTR [rip+0x250d7f3]        # 0x14a37be70 ; test   rbx,rbx ; je     0x147e6e6b8 ; mov    QWORD PTR [rsp+0x30],rdi ; mov    edi,0xffffffff ; mov    eax,edi ; lock xadd DWORD PTR [rbx+0x8],eax ; cmp    eax,0x1 ; jne    0x147e6e6b3 ; mov    rax,QWORD PTR [rbx] ; mov    rcx,rbx ; call   QWORD PTR [rax] ; lock xadd DWORD PTR [rbx+0xc],edi ; cmp    edi,0x1 ; jne    0x147e6e6b3 ; mov    rax,QWORD PTR [rbx] ; mov    rcx,rbx	rex push rbx ; sub    rsp,0x20 ; mov    rbx,QWORD PTR [rip+<ADDR>]        # <ADDR> ; test   rbx,rbx ; je     <ADDR> ; mov    QWORD PTR [rsp+0x30],rdi ; mov    edi,<ADDR> ; mov    eax,edi ; lock xadd DWORD PTR [rbx+0x8],eax ; cmp    eax,0x1 ; jne    <ADDR> ; mov    rax,QWORD PTR [rbx] ; mov    rcx,rbx ; call   QWORD PTR [rax] ; lock xadd DWORD PTR [rbx+0xc],edi ; cmp    edi,0x1 ; jne    <ADDR> ; mov    rax,QWORD PTR [rbx] ; mov    rcx,rbx ; call   QWORD PTR [rax+0x8] ; mov    rdi,QWORD PTR [rsp+0x30] ; add    rsp,0x20 ; pop    rbx ; ret ; int3 ; int3 ; rex push rbx ; sub    rsp,0x20 ; mov    rbx,QWORD PTR [rip+<ADDR>]        # <ADDR> ; test   rbx,rbx ; je     <ADDR> ; mov    QWORD PTR [rsp+0x30],rdi ; mov    edi,<ADDR> ; mov    eax,edi ; lock xadd DWORD PTR [rbx+0x8],eax ; cmp    eax,0x1 ; jne    <ADDR> ; mov    rax,QWORD PTR [rbx] ; mov    rcx,rbx ; call   QWORD PTR [rax] ; lock xadd DWORD PTR [rbx+0xc],edi ; cmp    edi,0x1 ; jne    <ADDR> ; mov    rax,QWORD PTR [rbx] ; mov    rcx,rbx	0x14A37BD38,0x14A37BE70	
0x18A6	Javelin::ClientMessages::GridTrackingComponentClientFacet_UpdatePhasing	0x147E2E930	rex push rbx ; sub    rsp,0x20 ; mov    rbx,QWORD PTR [rip+0x24f161b]        # 0x14a31ff58 ; test   rbx,rbx ; je     0x147e2e978 ; mov    QWORD PTR [rsp+0x30],rdi ; mov    edi,0xffffffff ; mov    eax,edi ; lock xadd DWORD PTR [rbx+0x8],eax ; cmp    eax,0x1 ; jne    0x147e2e973 ; mov    rax,QWORD PTR [rbx] ; mov    rcx,rbx ; call   QWORD PTR [rax] ; lock xadd DWORD PTR [rbx+0xc],edi ; cmp    edi,0x1 ; jne    0x147e2e973 ; mov    rax,QWORD PTR [rbx] ; mov    rcx,rbx ; call   QWORD PTR [rax+0x8] ; mov    rdi,QWORD PTR [rsp+0x30] ; add    rsp,0x20 ; pop    rbx ; ret ; int3 ; int3 ; rex push rbx ; sub    rsp,0x20 ; mov    rbx,QWORD PTR [rip+0x24ef4e3]        # 0x14a31de70 ; test   rbx,rbx ; je     0x147e2e9c8 ; mov    QWORD PTR [rsp+0x30],rdi ; mov    edi,0xffffffff ; mov    eax,edi ; lock xadd DWORD PTR [rbx+0x8],eax ; cmp    eax,0x1 ; jne    0x147e2e9c3 ; mov    rax,QWORD PTR [rbx] ; mov    rcx,rbx ; call   QWORD PTR [rax] ; lock xadd DWORD PTR [rbx+0xc],edi ; cmp    edi,0x1 ; jne    0x147e2e9c3 ; mov    rax,QWORD PTR [rbx] ; mov    rcx,rbx	rex push rbx ; sub    rsp,0x20 ; mov    rbx,QWORD PTR [rip+<ADDR>]        # <ADDR> ; test   rbx,rbx ; je     <ADDR> ; mov    QWORD PTR [rsp+0x30],rdi ; mov    edi,<ADDR> ; mov    eax,edi ; lock xadd DWORD PTR [rbx+0x8],eax ; cmp    eax,0x1 ; jne    <ADDR> ; mov    rax,QWORD PTR [rbx] ; mov    rcx,rbx ; call   QWORD PTR [rax] ; lock xadd DWORD PTR [rbx+0xc],edi ; cmp    edi,0x1 ; jne    <ADDR> ; mov    rax,QWORD PTR [rbx] ; mov    rcx,rbx ; call   QWORD PTR [rax+0x8] ; mov    rdi,QWORD PTR [rsp+0x30] ; add    rsp,0x20 ; pop    rbx ; ret ; int3 ; int3 ; rex push rbx ; sub    rsp,0x20 ; mov    rbx,QWORD PTR [rip+<ADDR>]        # <ADDR> ; test   rbx,rbx ; je     <ADDR> ; mov    QWORD PTR [rsp+0x30],rdi ; mov    edi,<ADDR> ; mov    eax,edi ; lock xadd DWORD PTR [rbx+0x8],eax ; cmp    eax,0x1 ; jne    <ADDR> ; mov    rax,QWORD PTR [rbx] ; mov    rcx,rbx ; call   QWORD PTR [rax] ; lock xadd DWORD PTR [rbx+0xc],edi ; cmp    edi,0x1 ; jne    <ADDR> ; mov    rax,QWORD PTR [rbx] ; mov    rcx,rbx	0x14A31FF58,0x14A31DE70	
0x1B88	Javelin::ClientMessages::GlobalStorageComponentClientFacet_ReceiveStorageSearchItems	0x147E54790	rex push rbx ; sub    rsp,0x20 ; mov    rbx,QWORD PTR [rip+0x24fcf93]        # 0x14a351730 ; test   rbx,rbx ; je     0x147e547d8 ; mov    QWORD PTR [rsp+0x30],rdi ; mov    edi,0xffffffff ; mov    eax,edi ; lock xadd DWORD PTR [rbx+0x8],eax ; cmp    eax,0x1 ; jne    0x147e547d3 ; mov    rax,QWORD PTR [rbx] ; mov    rcx,rbx ; call   QWORD PTR [rax] ; lock xadd DWORD PTR [rbx+0xc],edi ; cmp    edi,0x1 ; jne    0x147e547d3 ; mov    rax,QWORD PTR [rbx] ; mov    rcx,rbx ; call   QWORD PTR [rax+0x8] ; mov    rdi,QWORD PTR [rsp+0x30] ; add    rsp,0x20 ; pop    rbx ; ret ; int3 ; int3 ; rex push rbx ; sub    rsp,0x20 ; mov    rbx,QWORD PTR [rip+0x24fd4f3]        # 0x14a351ce0 ; test   rbx,rbx ; je     0x147e54828 ; mov    QWORD PTR [rsp+0x30],rdi ; mov    edi,0xffffffff ; mov    eax,edi ; lock xadd DWORD PTR [rbx+0x8],eax ; cmp    eax,0x1 ; jne    0x147e54823 ; mov    rax,QWORD PTR [rbx] ; mov    rcx,rbx ; call   QWORD PTR [rax] ; lock xadd DWORD PTR [rbx+0xc],edi ; cmp    edi,0x1 ; jne    0x147e54823 ; mov    rax,QWORD PTR [rbx] ; mov    rcx,rbx	rex push rbx ; sub    rsp,0x20 ; mov    rbx,QWORD PTR [rip+<ADDR>]        # <ADDR> ; test   rbx,rbx ; je     <ADDR> ; mov    QWORD PTR [rsp+0x30],rdi ; mov    edi,<ADDR> ; mov    eax,edi ; lock xadd DWORD PTR [rbx+0x8],eax ; cmp    eax,0x1 ; jne    <ADDR> ; mov    rax,QWORD PTR [rbx] ; mov    rcx,rbx ; call   QWORD PTR [rax] ; lock xadd DWORD PTR [rbx+0xc],edi ; cmp    edi,0x1 ; jne    <ADDR> ; mov    rax,QWORD PTR [rbx] ; mov    rcx,rbx ; call   QWORD PTR [rax+0x8] ; mov    rdi,QWORD PTR [rsp+0x30] ; add    rsp,0x20 ; pop    rbx ; ret ; int3 ; int3 ; rex push rbx ; sub    rsp,0x20 ; mov    rbx,QWORD PTR [rip+<ADDR>]        # <ADDR> ; test   rbx,rbx ; je     <ADDR> ; mov    QWORD PTR [rsp+0x30],rdi ; mov    edi,<ADDR> ; mov    eax,edi ; lock xadd DWORD PTR [rbx+0x8],eax ; cmp    eax,0x1 ; jne    <ADDR> ; mov    rax,QWORD PTR [rbx] ; mov    rcx,rbx ; call   QWORD PTR [rax] ; lock xadd DWORD PTR [rbx+0xc],edi ; cmp    edi,0x1 ; jne    <ADDR> ; mov    rax,QWORD PTR [rbx] ; mov    rcx,rbx	0x14A351730,0x14A351CE0	
