type_hex	class	helper_base	section	slot_00	slot_08	slot_10	slot_18	slot_20	slot_28	slot_30	slot_38	unmarshal_offset_28_match
0x3	RegistrationResponseMsg	0x147F46910	.rdata	0x1407CD200	0x1407C7DF0	0x1407CBE90	0x1407CBEA0	0x1407CCEB0	0x1407CD040	0x1407CCEA0	0x1407CCEA0	YES
0x8	Amazon::Hub::ReplicatedStateBundle	0x148502A48	.rdata	0x14641D820	0x1407C7DF0	0x146420CA0	0x1464300C0	0x14644B260	0x14646C2B0	0x14641D6A0	0x1407C7DF0	YES
0xA4	ClientAddEntryMsg	0x147F44CE8	.rdata	0x1407C8BB0	0x1407C7DF0	0x1407C1160	0x1407C1170	0x1407C1EE0	0x1407C8A70	0x1407C8A60	0x1407C8A60	YES
0x14F	TimeSynchMsg	0x147F46648	.rdata	0x1407CC990	0x1407C7DF0	0x1407CC8A0	0x1407CC8B0	0x1407CC8C0	0x1407CC8F0	0x1407CCAE0	0x1407C7DF0	YES
0x15D	PingMsg	0x147F46D38	.rdata	0x1407CDBD0	0x1407C7DF0	0x1407CC8A0	0x1407CC8B0	0x1407CDA40	0x1407CDA70	0x764F6769666E6F43	0x4473656469727265	YES
0x1BE	CoatlicueClientMessages::CoatlicueTimingConfigurationConnectedMsg	0x1485023A8	.rdata	0x14641D760	0x1407C7DF0	0x1407D0870	0x1407D0880	0x14644B240	0x14646C070	0x14641D7A0	0x1407C7DF0	YES
0x40A	CoatlicueClientMessages::CalendarConnectedMsg	0x148502378	.rdata	0x14641D6E0	0x1407C7DF0	0x1407D0870	0x1407D0880	0x14644B240	0x14646BF10	0x14641D760	0x1407C7DF0	YES
0x651	Javelin::ClientViewListenerTrait::ReceivePlayerSpawnPointMsg	0x14800C6A8	.rdata	0x1414E3E90	0x1407C7DF0	0x1407C31C0	0x1407C31E0	0x140294860	0x1414E3930	0x3033363530313132	0x62342D386163312D	YES
0x65C	Javelin::ClientMessagesTrait::PlayerManagerSelfIdentificationMsg	0x148014880	.rdata	0x1414FD7F0	0x1407C7DF0	0x1414FAFF0	0x1414FB0E0	0x1414FD380	0x1414FD530	0x140294690	0x1414FD250	YES
0x663	Javelin::ClientMessagesTrait::LevelInfoChangedMsg	0x148015B10	.rdata	0x141500D80	0x1407C7DF0	0x1414D2FF0	0x1414D3160	0x141500850	0x1415009E0	0x141500760	0x141500760	YES
0xCA4	Javelin::ClientMessages::EventNotificationComponentClientFacet_SyncNotifications	0x14819C0C0	.rdata	0x143198150	0x1407C7DF0	0x1414D2FF0	0x1414D3160	0x1414C30D0	0x143197FE0	0x2E6E696C6576616A	0x726F746972726574	YES
0x136A	Javelin::ClientMessages::GameModeParticipantComponentClientFacet_OnLeftQueueForGameModeMsg	0x1481B4308	.rdata	0x14327C9C0	0x1407C7DF0	0x1407C8390	0x1407C83A0	0x1414C30D0	0x14327C880	0x14327C910	0x14327C910	YES
0x16A0	Javelin::ClientMessages::InventoriesComponentClientFacet_OnQueryInventories	0x1481FF038	.rdata	0x1435EF2E0	0x1407C7DF0	0x1407C6D50	0x1407C6D60	0x1414C30D0	0x1435EF1C0	0x1435EF320	0x1435EF320	YES
0x18A6	Javelin::ClientMessages::GridTrackingComponentClientFacet_UpdatePhasing	0x14802D580	.rdata	0x141549D60	0x1407C7DF0	0x1407CBE90	0x1407CBEA0	0x1414C30D0	0x141549930	0x476E6F65676E7544	0x61656C4374616572	YES
0x1B88	Javelin::ClientMessages::GlobalStorageComponentClientFacet_ReceiveStorageSearchItems	0x148138AB0	.rdata	0x142CD6410	0x1407C7DF0	0x1414CEBC0	0x1414CEC80	0x1414C30D0	0x142CD62D0	0x142CD6390	0x142CD63A0	YES
