type_hex	class	helper_base	reference_site	function_start	function_end	function_size	reference_offset	unwind	instruction
0xA4	ClientAddEntryMsg	0x147F44CE8	0x1407C8BBA	0x1407C8BB0	0x1407C8BEE	62	0xA	0x14977D3F0	"1407c8bba:	48 8d 05 27 c1 77 07 	lea    0x777c127(%rip),%rax        # 0x147f44ce8"
0x14F	TimeSynchMsg	0x147F46648	0x1407CC99A	0x1407CC990	0x1407CC9CE	62	0xA	0x14977D3F0	"1407cc99a:	48 8d 05 a7 9c 77 07 	lea    0x7779ca7(%rip),%rax        # 0x147f46648"
0x3	RegistrationResponseMsg	0x147F46910	0x1407CD20A	0x1407CD200	0x1407CD23E	62	0xA	0x14977D3F0	"1407cd20a:	48 8d 05 ff 96 77 07 	lea    0x77796ff(%rip),%rax        # 0x147f46910"
0x15D	PingMsg	0x147F46D38	0x1407CDBDA	0x1407CDBD0	0x1407CDC0E	62	0xA	0x14977D3F0	"1407cdbda:	48 8d 05 57 91 77 07 	lea    0x7779157(%rip),%rax        # 0x147f46d38"
0xA4	ClientAddEntryMsg	0x147F44CE8	0x1407EC07C	0x1407EBEC0	0x1407EC0EE	558	0x1BC	0x1497C06E0	"1407ec07c:	48 8d 0d 65 8c 75 07 	lea    0x7758c65(%rip),%rcx        # 0x147f44ce8"
0x15D	PingMsg	0x147F46D38	0x1407F0AE6	0x1407F0940	0x1407F0B58	536	0x1A6	0x1497C371C	"1407f0ae6:	48 8d 0d 4b 62 75 07 	lea    0x775624b(%rip),%rcx        # 0x147f46d38"
0x3	RegistrationResponseMsg	0x147F46910	0x1407F304C	0x1407F2E80	0x1407F30BE	574	0x1CC	0x1497C369C	"1407f304c:	48 8d 0d bd 38 75 07 	lea    0x77538bd(%rip),%rcx        # 0x147f46910"
0x14F	TimeSynchMsg	0x147F46648	0x1407F6BD6	0x1407F6A30	0x1407F6C48	536	0x1A6	0x1497C3648	"1407f6bd6:	48 8d 0d 6b fa 74 07 	lea    0x774fa6b(%rip),%rcx        # 0x147f46648"
0x651	Javelin::ClientViewListenerTrait::ReceivePlayerSpawnPointMsg	0x14800C6A8	0x1414E3E9A	0x1414E3E90	0x1414E3ECE	62	0xA	0x14977D3F0	"1414e3e9a:	48 8d 05 07 88 b2 06 	lea    0x6b28807(%rip),%rax        # 0x14800c6a8"
0x65C	Javelin::ClientMessagesTrait::PlayerManagerSelfIdentificationMsg	0x148014880	0x1414FD7FA	0x1414FD7F0	0x1414FD82E	62	0xA	0x14977D3F0	"1414fd7fa:	48 8d 05 7f 70 b1 06 	lea    0x6b1707f(%rip),%rax        # 0x148014880"
0x663	Javelin::ClientMessagesTrait::LevelInfoChangedMsg	0x148015B10	0x141500D8A	0x141500D80	0x141500DBE	62	0xA	0x14977D3F0	"141500d8a:	48 8d 05 7f 4d b1 06 	lea    0x6b14d7f(%rip),%rax        # 0x148015b10"
0x18A6	Javelin::ClientMessages::GridTrackingComponentClientFacet_UpdatePhasing	0x14802D580	0x141549D6A	0x141549D60	0x141549D9E	62	0xA	0x14977D3F0	"141549d6a:	48 8d 05 0f 38 ae 06 	lea    0x6ae380f(%rip),%rax        # 0x14802d580"
0x18A6	Javelin::ClientMessages::GridTrackingComponentClientFacet_UpdatePhasing	0x14802D580	0x1416D48A6	0x1416D4720	0x1416D4918	504	0x186	0x1498A64E0	"1416d48a6:	48 8d 0d d3 8c 95 06 	lea    0x6958cd3(%rip),%rcx        # 0x14802d580"
0x663	Javelin::ClientMessagesTrait::LevelInfoChangedMsg	0x148015B10	0x1416DF4A6	0x1416DF320	0x1416DF518	504	0x186	0x149890D7C	"1416df4a6:	48 8d 0d 63 66 93 06 	lea    0x6936663(%rip),%rcx        # 0x148015b10"
0x65C	Javelin::ClientMessagesTrait::PlayerManagerSelfIdentificationMsg	0x148014880	0x1416EBEA6	0x1416EBD20	0x1416EBF18	504	0x186	0x149890CD8	"1416ebea6:	48 8d 0d d3 89 92 06 	lea    0x69289d3(%rip),%rcx        # 0x148014880"
0x651	Javelin::ClientViewListenerTrait::ReceivePlayerSpawnPointMsg	0x14800C6A8	0x1416F34A6	0x1416F3320	0x1416F3518	504	0x186	0x149890A44	"1416f34a6:	48 8d 0d fb 91 91 06 	lea    0x69191fb(%rip),%rcx        # 0x14800c6a8"
0x1B88	Javelin::ClientMessages::GlobalStorageComponentClientFacet_ReceiveStorageSearchItems	0x148138AB0	0x142CD641A	0x142CD6410	0x142CD644E	62	0xA	0x14977D3F0	"142cd641a:	48 8d 05 8f 26 46 05 	lea    0x546268f(%rip),%rax        # 0x148138ab0"
0x1B88	Javelin::ClientMessages::GlobalStorageComponentClientFacet_ReceiveStorageSearchItems	0x148138AB0	0x142D05256	0x142D050D0	0x142D052C8	504	0x186	0x1499A008C	"142d05256:	48 8d 0d 53 38 43 05 	lea    0x5433853(%rip),%rcx        # 0x148138ab0"
0xCA4	Javelin::ClientMessages::EventNotificationComponentClientFacet_SyncNotifications	0x14819C0C0	0x14319815A	0x143198150	0x14319818E	62	0xA	0x14977D3F0	"14319815a:	48 8d 05 5f 3f 00 05 	lea    0x5003f5f(%rip),%rax        # 0x14819c0c0"
0xCA4	Javelin::ClientMessages::EventNotificationComponentClientFacet_SyncNotifications	0x14819C0C0	0x1431C0B26	0x1431C09A0	0x1431C0B98	504	0x186	0x1499F5EC0	"1431c0b26:	48 8d 0d 93 b5 fd 04 	lea    0x4fdb593(%rip),%rcx        # 0x14819c0c0"
0x136A	Javelin::ClientMessages::GameModeParticipantComponentClientFacet_OnLeftQueueForGameModeMsg	0x1481B4308	0x14327C9CA	0x14327C9C0	0x14327C9FE	62	0xA	0x14977D3F0	"14327c9ca:	48 8d 05 37 79 f3 04 	lea    0x4f37937(%rip),%rax        # 0x1481b4308"
0x136A	Javelin::ClientMessages::GameModeParticipantComponentClientFacet_OnLeftQueueForGameModeMsg	0x1481B4308	0x1432ADC56	0x1432ADAD0	0x1432ADCC8	504	0x186	0x149A07140	"1432adc56:	48 8d 0d ab 66 f0 04 	lea    0x4f066ab(%rip),%rcx        # 0x1481b4308"
0x16A0	Javelin::ClientMessages::InventoriesComponentClientFacet_OnQueryInventories	0x1481FF038	0x1435EF2EA	0x1435EF2E0	0x1435EF31E	62	0xA	0x14977D3F0	"1435ef2ea:	48 8d 05 47 fd c0 04 	lea    0x4c0fd47(%rip),%rax        # 0x1481ff038"
0x16A0	Javelin::ClientMessages::InventoriesComponentClientFacet_OnQueryInventories	0x1481FF038	0x143616046	0x143615EC0	0x1436160B8	504	0x186	0x149A49A5C	"143616046:	48 8d 0d eb 8f be 04 	lea    0x4be8feb(%rip),%rcx        # 0x1481ff038"
0x40A	CoatlicueClientMessages::CalendarConnectedMsg	0x148502378	0x14641D6EA	0x14641D6E0	0x14641D71E	62	0xA	0x14977D3F0	"14641d6ea:	48 8d 05 87 4c 0e 02 	lea    0x20e4c87(%rip),%rax        # 0x148502378"
0x1BE	CoatlicueClientMessages::CoatlicueTimingConfigurationConnectedMsg	0x1485023A8	0x14641D76A	0x14641D760	0x14641D79E	62	0xA	0x14977D3F0	"14641d76a:	48 8d 05 37 4c 0e 02 	lea    0x20e4c37(%rip),%rax        # 0x1485023a8"
0x8	Amazon::Hub::ReplicatedStateBundle	0x148502A48	0x14641D82A	0x14641D820	0x14641D85E	62	0xA	0x14977D3F0	"14641d82a:	48 8d 05 17 52 0e 02 	lea    0x20e5217(%rip),%rax        # 0x148502a48"
0x40A	CoatlicueClientMessages::CalendarConnectedMsg	0x148502378	0x1464365F6	0x146436470	0x146436668	504	0x186	0x149CC1610	"1464365f6:	48 8d 0d 7b bd 0c 02 	lea    0x20cbd7b(%rip),%rcx        # 0x148502378"
0x1BE	CoatlicueClientMessages::CoatlicueTimingConfigurationConnectedMsg	0x1485023A8	0x1464369F6	0x146436870	0x146436A68	504	0x186	0x149CC1664	"1464369f6:	48 8d 0d ab b9 0c 02 	lea    0x20cb9ab(%rip),%rcx        # 0x1485023a8"
0x8	Amazon::Hub::ReplicatedStateBundle	0x148502A48	0x1464371F6	0x146437070	0x146437268	504	0x186	0x149CC5518	"1464371f6:	48 8d 0d 4b b8 0c 02 	lea    0x20cb84b(%rip),%rcx        # 0x148502a48"
