va	unwind_status	primary_context	mentions	function_label_hits	call_site_hits	thunk_stub_hits	instruction_site_hits	unclassified_hits	sample
0x140294850	NOT_IN_UNWIND_FUNCTION	UNCLASSIFIED	1	0	0	0	0	1	analysis/vtable_dump_14858b2b0.txt:10: [ 7] 14858b2e8 -> 0x140294850  in Bytes @ 140294850
0x1402a1750	NOT_IN_UNWIND_FUNCTION	FUNCTION_CLAIM	1	1	0	0	0	0	"tools/ghidra_scripts/FindWrapperSubstateWriters.py:22: ACCESSOR_ADDR_HEX = ""0x1402a1750"""
0x1402a1a70	NOT_IN_UNWIND_FUNCTION	FUNCTION_CLAIM	1	1	0	0	0	0	analysis/ghidra_findings.md:58: | `0x1402a1a70`| `FUN_...`      | `Javelin_SSL_verify_callback`        |
0x1402a633a	INSIDE_FUNCTION	UNCLASSIFIED	2	0	0	0	0	2	analysis/decomp_FUN_1402a6310_lowrange.txt:55: uStack_30 = 0x1402a633a; || site/decomp/decomp_FUN_1402a6310_lowrange.txt:55: uStack_30 = 0x1402a633a;
0x1402b8100	EXACT_FUNCTION_START	FUNCTION_CLAIM	2	2	2	0	2	0	analysis/find_memcmp_36.txt:19: ## hit 17: MOV at 1416b836c in FUN_1416b7a90 -> CALL 0x1402b8100 at 1416b837e || analysis/find_memcmp_36.txt:34: ## hit 32: MOV at 1445bf9e9 in FUN_1445bd7b0 -> CALL 0x1402b8100 at 1445bf9fd || analysis/find_memcmp_36.txt:19: ## hit 17: MOV at 1416b836c in FUN_1416b7a90 -> CALL 0x1402b8100 at 1416b837e || analysis/find_memcmp_36.txt:34: ## hit 32: MOV at 1445bf9e9 in FUN_1445bd7b0 -> CALL 0x1402b8100 at 1445bf9fd || analysis/find_memcmp_36.txt:19: ## hit 17: MOV at 1416b836c in FUN_1416b7a90 -> CALL 0x1402b8100 at 1416b837e || analysis/find_memcmp_36.txt:34: ## hit 32: MOV at 1445bf9e9 in FUN_1445bd7b0 -> CALL 0x1402b8100 at 1445bf9fd
0x1402c43b0	EXACT_FUNCTION_START	FUNCTION_CLAIM	3	3	3	0	3	0	analysis/find_memcmp_36.txt:55: ## hit 53: MOV at 146aec756 in FUN_146aec630 -> CALL 0x1402c43b0 at 146aec768 || analysis/find_memcmp_36.txt:56: ## hit 54: MOV at 146b00f49 in FUN_146b00a80 -> CALL 0x1402c43b0 at 146b00f5b || analysis/find_memcmp_36.txt:55: ## hit 53: MOV at 146aec756 in FUN_146aec630 -> CALL 0x1402c43b0 at 146aec768 || analysis/find_memcmp_36.txt:56: ## hit 54: MOV at 146b00f49 in FUN_146b00a80 -> CALL 0x1402c43b0 at 146b00f5b || analysis/find_memcmp_36.txt:55: ## hit 53: MOV at 146aec756 in FUN_146aec630 -> CALL 0x1402c43b0 at 146aec768 || analysis/find_memcmp_36.txt:56: ## hit 54: MOV at 146b00f49 in FUN_146b00a80 -> CALL 0x1402c43b0 at 146b00f5b
0x14046c760	EXACT_FUNCTION_START	FUNCTION_CLAIM	18	18	18	0	18	0	analysis/find_memcmp_36.txt:6: ## hit 4: MOV at 140d0ff2e in FUN_140d0fbf0 -> CALL 0x14046c760 at 140d0ff43 || analysis/find_memcmp_36.txt:7: ## hit 5: MOV at 140d175c6 in FUN_140d170a0 -> CALL 0x14046c760 at 140d175db || analysis/find_memcmp_36.txt:6: ## hit 4: MOV at 140d0ff2e in FUN_140d0fbf0 -> CALL 0x14046c760 at 140d0ff43 || analysis/find_memcmp_36.txt:7: ## hit 5: MOV at 140d175c6 in FUN_140d170a0 -> CALL 0x14046c760 at 140d175db || analysis/find_memcmp_36.txt:6: ## hit 4: MOV at 140d0ff2e in FUN_140d0fbf0 -> CALL 0x14046c760 at 140d0ff43 || analysis/find_memcmp_36.txt:7: ## hit 5: MOV at 140d175c6 in FUN_140d170a0 -> CALL 0x14046c760 at 140d175db
0x14046c940	EXACT_FUNCTION_START	FUNCTION_CLAIM	3	3	3	0	3	0	analysis/find_memcmp_36.txt:22: ## hit 20: MOV at 142de2ac7 in FUN_142de26d0 -> CALL 0x14046c940 at 142de2adc || analysis/find_memcmp_36.txt:28: ## hit 26: MOV at 143aa8835 in FUN_143aa8060 -> CALL 0x14046c940 at 143aa8845 || analysis/find_memcmp_36.txt:22: ## hit 20: MOV at 142de2ac7 in FUN_142de26d0 -> CALL 0x14046c940 at 142de2adc || analysis/find_memcmp_36.txt:28: ## hit 26: MOV at 143aa8835 in FUN_143aa8060 -> CALL 0x14046c940 at 143aa8845 || analysis/find_memcmp_36.txt:22: ## hit 20: MOV at 142de2ac7 in FUN_142de26d0 -> CALL 0x14046c940 at 142de2adc || analysis/find_memcmp_36.txt:28: ## hit 26: MOV at 143aa8835 in FUN_143aa8060 -> CALL 0x14046c940 at 143aa8845
0x14046ca30	EXACT_FUNCTION_START	FUNCTION_CLAIM	1	1	1	0	1	0	analysis/find_memcmp_36.txt:3: ## hit 1: MOV at 14074ce7a in FUN_14074c040 -> CALL 0x14046ca30 at 14074ce8a || analysis/find_memcmp_36.txt:3: ## hit 1: MOV at 14074ce7a in FUN_14074c040 -> CALL 0x14046ca30 at 14074ce8a || analysis/find_memcmp_36.txt:3: ## hit 1: MOV at 14074ce7a in FUN_14074c040 -> CALL 0x14046ca30 at 14074ce8a
0x14046cc60	EXACT_FUNCTION_START	FUNCTION_CLAIM	1	1	1	0	1	0	analysis/find_memcmp_36.txt:9: ## hit 7: MOV at 140d23d5f in FUN_140d237b0 -> CALL 0x14046cc60 at 140d23d6f || analysis/find_memcmp_36.txt:9: ## hit 7: MOV at 140d23d5f in FUN_140d237b0 -> CALL 0x14046cc60 at 140d23d6f || analysis/find_memcmp_36.txt:9: ## hit 7: MOV at 140d23d5f in FUN_140d237b0 -> CALL 0x14046cc60 at 140d23d6f
0x14046d160	EXACT_FUNCTION_START	FUNCTION_CLAIM	2	2	2	0	2	0	analysis/find_memcmp_36.txt:20: ## hit 18: MOV at 14176a585 in FUN_141769ef0 -> CALL 0x14046d160 at 14176a597 || analysis/find_memcmp_36.txt:44: ## hit 42: MOV at 145cc00d4 in FUN_145cbfea0 -> CALL 0x14046d160 at 145cc00e9 || analysis/find_memcmp_36.txt:20: ## hit 18: MOV at 14176a585 in FUN_141769ef0 -> CALL 0x14046d160 at 14176a597 || analysis/find_memcmp_36.txt:44: ## hit 42: MOV at 145cc00d4 in FUN_145cbfea0 -> CALL 0x14046d160 at 145cc00e9 || analysis/find_memcmp_36.txt:20: ## hit 18: MOV at 14176a585 in FUN_141769ef0 -> CALL 0x14046d160 at 14176a597 || analysis/find_memcmp_36.txt:44: ## hit 42: MOV at 145cc00d4 in FUN_145cbfea0 -> CALL 0x14046d160 at 145cc00e9
0x14046dc90	NOT_IN_UNWIND_FUNCTION	FUNCTION_CLAIM	3	2	0	0	0	1	analysis/vtable_dump_14858b2b0.txt:6: [ 3] 14858b2c8 -> 0x14046dc90  in FUN_14046dc90 @ 14046dc90 || docs/progress.md:1746: - `NewWorld.exe+0x46dc90` / `0x14046dc90` was confirmed as the repeated getter: || docs/progress.md:1720: - Ghidra address: `0x14046dc90`
0x1405012f0	EXACT_FUNCTION_START	FUNCTION_CLAIM	1	1	0	0	0	0	docs/progress.md:1748: - `NewWorld.exe+0x5012f0` / `0x1405012f0` is now the strongest new target above that getter path.
0x14067d7e0	EXACT_FUNCTION_START	FUNCTION_CLAIM	1	1	1	0	1	0	analysis/find_memcmp_36.txt:5: ## hit 3: MOV at 14075a04e in FUN_140759cf0 -> CALL 0x14067d7e0 at 14075a060 || analysis/find_memcmp_36.txt:5: ## hit 3: MOV at 14075a04e in FUN_140759cf0 -> CALL 0x14067d7e0 at 14075a060 || analysis/find_memcmp_36.txt:5: ## hit 3: MOV at 14075a04e in FUN_140759cf0 -> CALL 0x14067d7e0 at 14075a060
0x14067db40	EXACT_FUNCTION_START	FUNCTION_CLAIM	1	1	1	0	1	0	analysis/find_memcmp_36.txt:4: ## hit 2: MOV at 140759fab in FUN_140759cf0 -> CALL 0x14067db40 at 140759fbd || analysis/find_memcmp_36.txt:4: ## hit 2: MOV at 140759fab in FUN_140759cf0 -> CALL 0x14067db40 at 140759fbd || analysis/find_memcmp_36.txt:4: ## hit 2: MOV at 140759fab in FUN_140759cf0 -> CALL 0x14067db40 at 140759fbd
0x14078e9f0	EXACT_FUNCTION_START	FUNCTION_CLAIM	1	1	1	0	1	0	analysis/find_memcmp_36.txt:57: ## hit 55: MOV at 146cf6d2a in FUN_146cf6c10 -> CALL 0x14078e9f0 at 146cf6d41 || analysis/find_memcmp_36.txt:57: ## hit 55: MOV at 146cf6d2a in FUN_146cf6c10 -> CALL 0x14078e9f0 at 146cf6d41 || analysis/find_memcmp_36.txt:57: ## hit 55: MOV at 146cf6d2a in FUN_146cf6c10 -> CALL 0x14078e9f0 at 146cf6d41
0x1407940b0	EXACT_FUNCTION_START	FUNCTION_CLAIM	2	2	2	0	2	0	analysis/find_memcmp_36.txt:53: ## hit 51: MOV at 14691db8e in FUN_14691d090 -> CALL 0x1407940b0 at 14691dba0 || analysis/find_memcmp_36.txt:54: ## hit 52: MOV at 14691df97 in FUN_14691d090 -> CALL 0x1407940b0 at 14691dfa9 || analysis/find_memcmp_36.txt:53: ## hit 51: MOV at 14691db8e in FUN_14691d090 -> CALL 0x1407940b0 at 14691dba0 || analysis/find_memcmp_36.txt:54: ## hit 52: MOV at 14691df97 in FUN_14691d090 -> CALL 0x1407940b0 at 14691dfa9 || analysis/find_memcmp_36.txt:53: ## hit 51: MOV at 14691db8e in FUN_14691d090 -> CALL 0x1407940b0 at 14691dba0 || analysis/find_memcmp_36.txt:54: ## hit 52: MOV at 14691df97 in FUN_14691d090 -> CALL 0x1407940b0 at 14691dfa9
0x1407c7df0	EXACT_FUNCTION_START	FUNCTION_CLAIM	1	1	0	0	0	0	analysis/vtable_dump_14858b2b0.txt:12: [ 9] 14858b2f8 -> 0x1407c7df0  in FUN_1407c7df0 @ 1407c7df0
0x1407cbe90	NOT_IN_UNWIND_FUNCTION	UNCLASSIFIED	1	0	0	0	0	1	analysis/autonomous_worklog_through_253.md:8922: `0x1407cbe90` in the binary; surrounding structure shows class
0x140a23590	EXACT_FUNCTION_START	UNCLASSIFIED	1	0	0	0	0	1	analysis/ghidra_findings.md:512: | `Javelin_TriggerAreaChunk_descriptor_init`      | `0x140a23590` | `TriggerAreaChunk`       | (nearby)   |
0x140ad2870	EXACT_FUNCTION_START	UNCLASSIFIED	1	0	0	0	0	1	analysis/ghidra_findings.md:537: | `0x140ad2870` | `Javelin_ReplicaChunkDescriptor_Register` | Creates a registry entry |
0x140f4bfe0	EXACT_FUNCTION_START	UNCLASSIFIED	1	0	0	0	0	1	analysis/ghidra_findings.md:167: ### `Javelin_CarrierImpl_ctor` @ `0x140f4bfe0`
0x140f4c5a0	EXACT_FUNCTION_START	FUNCTION_CLAIM	3	2	0	0	0	1	analysis/ghidra_findings.md:176: ### `Javelin_Carrier_ctor` @ `0x140f4c5a0` (renamed; was FUN_140f4c5a0) || analysis/state_13_14_writer_investigation.md:336: - **`FUN_140f4c5a0`** @ `0x140f4c5a0` — writes `AL`. Lower address || analysis/ghidra_findings.md:80: ### `Javelin_Carrier_ctor` @ `0x140f4c5a0`
0x140f51620	EXACT_FUNCTION_START	UNCLASSIFIED	1	0	0	0	0	1	analysis/ghidra_findings.md:193: ### `Javelin_ReplicaManager_ctor` @ `0x140f51620`
0x140f65b20	EXACT_FUNCTION_START	UNCLASSIFIED	5	0	0	0	0	5	docs/progress.md:214: - [x] **`Javelin_Carrier_WriteMessages` @ `0x140f65b20` — WriteMessageHeader fully decoded** || server/javelin/bitstream.py:4: Javelin_Carrier_WriteMessages (@ 0x140f65b20).
0x140f69c00	EXACT_FUNCTION_START	CODE_SITE	1	0	0	0	1	0	"analysis/ghidra_findings.md:352: | `0x140f69c00`| `Javelin_CarrierThread_Spawn`  | Where `""GridMate-Carrier Packet Send Thread""` is used as thread name at CreateThread site |"
0x140f72d30	EXACT_FUNCTION_START	UNCLASSIFIED	1	0	0	0	0	1	analysis/ghidra_findings.md:139: ### `Javelin_Session_Init_and_Event` @ `0x140f72d30`
0x140f76d60	EXACT_FUNCTION_START	UNCLASSIFIED	1	0	0	0	0	1	analysis/ghidra_findings.md:353: | `0x140f76d60`| `Javelin_ConnectionStats_Dump` | Prints `conn.dataSend =`, `conn.packetLost =`, etc. |
0x140f777f0	EXACT_FUNCTION_START	UNCLASSIFIED	1	0	0	0	0	1	analysis/ghidra_findings.md:364: ├─ CheckConnectionTimeouts       (0x140f777f0)  - per-tick watchdog
0x140f77eb0	EXACT_FUNCTION_START	FUNCTION_CLAIM	5	1	1	0	0	4	docs/progress.md:2184: - **Carrier envelope decoded.** Decompiled `Javelin_Carrier_ParseMessages @ 0x140f77eb0` and its caller `FUN_140f898e0`. Each post-DTLS datagram has a 4-byte Carrier envelope before the inner record stream: || docs/progress.md:2184: - **Carrier envelope decoded.** Decompiled `Javelin_Carrier_ParseMessages @ 0x140f77eb0` and its caller `FUN_140f898e0`. Each post-DTLS datagram has a 4-byte Carrier envelope before the inner record stream: || analysis/ghidra_findings.md:413: ## 3G. ReadMessageHeader & message parsing (`Javelin_Carrier_ParseMessages` @ `0x140f77eb0`) || docs/progress.md:213: - [x] **`Javelin_Carrier_ParseMessages` @ `0x140f77eb0` — ReadMessageHeader fully decoded**
0x140f7bdd0	EXACT_FUNCTION_START	UNCLASSIFIED	1	0	0	0	0	1	analysis/ghidra_findings.md:496: | 6  | `SM_CT_ACKS`   | handled by `Javelin_Carrier_HandleAckVector` @ `0x140f7bdd0` |
0x140f7c420	EXACT_FUNCTION_START	FUNCTION_CLAIM	7	1	0	0	0	6	docs/handoff_2026-04-23.md:83: | `server/javelin/bitstream.py` | Bit-level reader/writer (`BitStream`, `BitStreamWriter`). Mirrors `Javelin_BitStream_ReadBits @ 0x140f7c420`. | || analysis/ghidra_findings.md:477: ### BitStream (`Javelin_BitStream_ReadBits` @ `0x140f7c420`) || docs/handoff_2026-04-23.md:105: - `Javelin_BitStream_ReadBits @ 0x140f7c420` — reference for `server/javelin/bitstream.py`.
0x140f82340	EXACT_FUNCTION_START	FUNCTION_CLAIM	5	4	0	0	0	1	analysis/ghidra_findings.md:85: - Thread function pointer stored: `0x140f82340` (label, not yet decompiled) || analysis/ghidra_findings.md:183: body address `0x140f82340` (not yet defined as function in Ghidra) || analysis/ghidra_findings.md:360: Javelin_CarrierThread_ThreadPump (0x140f82340)
0x140f898e0	EXACT_FUNCTION_START	CODE_SITE	3	0	0	0	1	2	docs/progress.md:211: - [x] `Javelin_CarrierThread_ReceiveLoop` @ `0x140f898e0` — ingress path + DTLS decrypt vtable offset (0x30) || analysis/ghidra_findings.md:369: ├─ ReceiveLoop                   (0x140f898e0)  ← see 3E || analysis/ghidra_findings.md:377: ## 3E. ReceiveLoop (`Javelin_CarrierThread_ReceiveLoop` @ `0x140f898e0`)
0x140f8ab70	EXACT_FUNCTION_START	CODE_SITE	3	0	0	0	1	2	docs/progress.md:212: - [x] `Javelin_CarrierThread_SendLoop` @ `0x140f8ab70` — egress path + DTLS encrypt vtable offset (0x28) || analysis/ghidra_findings.md:371: ├─ SendLoop                      (0x140f8ab70)  ← see 3F || analysis/ghidra_findings.md:404: ## 3F. SendLoop (`Javelin_CarrierThread_SendLoop` @ `0x140f8ab70`)
0x140fb3560	EXACT_FUNCTION_START	FUNCTION_CLAIM	1	1	0	0	0	0	analysis/xrefs_FUN_140fb3560_destroy_writer.txt:1: # xrefs to FUN_140fb3560 @ 0x140fb3560
0x1410d1120	EXACT_FUNCTION_START	FUNCTION_CLAIM	1	1	0	0	0	0	analysis/autonomous_worklog_through_253.md:4041: function `FUN_1410d1120` (Ghidra address `0x1410d1120`).
0x1410d11b5	INSIDE_FUNCTION	UNCLASSIFIED	1	0	0	0	0	1	analysis/autonomous_worklog_through_253.md:4183: correct Ghidra address is `0x1470D11B5`, not `0x1410D11B5`. Wake
0x1412f4730	EXACT_FUNCTION_START	UNCLASSIFIED	1	0	0	0	0	1	analysis/ghidra_findings.md:538: | `0x1412f4730` | `Javelin_ReplicaChunkClassId_FromName` | CRC-hashes the chunk name to a class ID |
0x14143b250	EXACT_FUNCTION_START	FUNCTION_CLAIM	3	3	3	0	3	0	analysis/find_memcmp_36.txt:16: ## hit 14: MOV at 14145fb0c in FUN_14145f910 -> CALL 0x14143b250 at 14145fb16 || analysis/find_memcmp_36.txt:48: ## hit 46: MOV at 14631be1f in FUN_14631bc60 -> CALL 0x14143b250 at 14631be29 || analysis/find_memcmp_36.txt:16: ## hit 14: MOV at 14145fb0c in FUN_14145f910 -> CALL 0x14143b250 at 14145fb16 || analysis/find_memcmp_36.txt:48: ## hit 46: MOV at 14631be1f in FUN_14631bc60 -> CALL 0x14143b250 at 14631be29 || analysis/find_memcmp_36.txt:16: ## hit 14: MOV at 14145fb0c in FUN_14145f910 -> CALL 0x14143b250 at 14145fb16 || analysis/find_memcmp_36.txt:48: ## hit 46: MOV at 14631be1f in FUN_14631bc60 -> CALL 0x14143b250 at 14631be29
0x141480b10	EXACT_FUNCTION_START	UNCLASSIFIED	2	0	0	0	0	2	analysis/ghidra_findings.md:213: Transitions are performed by `Javelin_StateMachine_Transition(ctx, new_state_id)` @ `0x141480b10`. || analysis/ghidra_findings.md:245: | `0x141480b10` | `Javelin_StateMachine_Transition` | Set next state id |
0x1414e9ad0	NOT_IN_UNWIND_FUNCTION	FUNCTION_CLAIM	2	2	0	2	0	0	DASHBOARD.md:101: | In-binary CreateInstance stub | `0x1414e9ad0` | || analysis/autonomous_worklog_through_253.md:8966: - Found its CreateInstance stub at `0x1414e9ad0` via fingerprint || DASHBOARD.md:101: | In-binary CreateInstance stub | `0x1414e9ad0` | || analysis/autonomous_worklog_through_253.md:8966: - Found its CreateInstance stub at `0x1414e9ad0` via fingerprint
0x14154161c	NOT_IN_UNWIND_FUNCTION	FUNCTION_CLAIM	1	1	0	0	0	0	analysis/autonomous_worklog_through_253.md:4640: `0x14154161c`** (Ghidra has no function defined there;
0x141721c20	EXACT_FUNCTION_START	FUNCTION_CLAIM	1	1	0	0	0	0	analysis/xrefs_FUN_141721c20_trace_logger.txt:1: # xrefs to FUN_141721c20 @ 0x141721c20
0x142fdf450	EXACT_FUNCTION_START	FUNCTION_CLAIM	1	1	0	0	0	0	analysis/state_13_14_writer_investigation.md:339: - **`FUN_142fdf450`** @ `0x142fdf450` — writes `CL`. Similar.
0x142ffbc50	EXACT_FUNCTION_START	FUNCTION_CLAIM	1	1	0	0	1	0	analysis/state_13_14_writer_investigation.md:320: - **`FUN_142ffbc50`** @ `0x142ffbc50` — CMP + MOV `R15B` + LEA || analysis/state_13_14_writer_investigation.md:320: - **`FUN_142ffbc50`** @ `0x142ffbc50` — CMP + MOV `R15B` + LEA
0x143007ec3	INSIDE_FUNCTION	FUNCTION_CLAIM	3	1	0	0	1	1	analysis/ctd_investigation.md:81: 5. If a clean-environment run still hits 0x143007EC3 deterministically, the bug is real game code (likely tickled by our REP path landing the client somewhere it normally cannot reach). In that case open the dump in WinDbg/Visual Studio: `windbg -z <crash-dumps>\NewWorld.exe.19216.dmp` and run `!analyze -v` to get the function name at +0x3007ec3 - then we know whether to add a Frida bypass for that path. || analysis/ctd_investigation.md:33: All four crashes share the **same WER bucket** (1843783487914520197) and **same Fault Offset 0x3007ec3** => deterministic same code site. NewWorld.exe ImageBase = 0x140000000, so absolute crash address = **0x143007EC3** (in NewWorld.exe `.text`, not in any third-party DLL). || analysis/ctd_investigation.md:64: - **Exception:** 0xc0000005 access violation at NewWorld.exe+0x3007ec3 (abs 0x143007EC3)
0x1436b4780	EXACT_FUNCTION_START	FUNCTION_CLAIM	1	1	1	0	1	0	analysis/find_memcmp_36.txt:23: ## hit 21: MOV at 1436e0535 in FUN_1436dfb00 -> CALL 0x1436b4780 at 1436e0548 || analysis/find_memcmp_36.txt:23: ## hit 21: MOV at 1436e0535 in FUN_1436dfb00 -> CALL 0x1436b4780 at 1436e0548 || analysis/find_memcmp_36.txt:23: ## hit 21: MOV at 1436e0535 in FUN_1436dfb00 -> CALL 0x1436b4780 at 1436e0548
0x14371ee50	EXACT_FUNCTION_START	FUNCTION_CLAIM	3	3	3	0	3	0	analysis/find_memcmp_36.txt:27: ## hit 25: MOV at 143aa5fe6 in FUN_143aa5390 -> CALL 0x14371ee50 at 143aa5ffe || analysis/find_memcmp_36.txt:35: ## hit 33: MOV at 14465a87c in FUN_14465a630 -> CALL 0x14371ee50 at 14465a891 || analysis/find_memcmp_36.txt:27: ## hit 25: MOV at 143aa5fe6 in FUN_143aa5390 -> CALL 0x14371ee50 at 143aa5ffe || analysis/find_memcmp_36.txt:35: ## hit 33: MOV at 14465a87c in FUN_14465a630 -> CALL 0x14371ee50 at 14465a891 || analysis/find_memcmp_36.txt:27: ## hit 25: MOV at 143aa5fe6 in FUN_143aa5390 -> CALL 0x14371ee50 at 143aa5ffe || analysis/find_memcmp_36.txt:35: ## hit 33: MOV at 14465a87c in FUN_14465a630 -> CALL 0x14371ee50 at 14465a891
0x1438912d0	EXACT_FUNCTION_START	FUNCTION_CLAIM	1	1	1	0	1	0	analysis/find_memcmp_36.txt:24: ## hit 22: MOV at 1438b409d in FUN_1438b3910 -> CALL 0x1438912d0 at 1438b40af || analysis/find_memcmp_36.txt:24: ## hit 22: MOV at 1438b409d in FUN_1438b3910 -> CALL 0x1438912d0 at 1438b40af || analysis/find_memcmp_36.txt:24: ## hit 22: MOV at 1438b409d in FUN_1438b3910 -> CALL 0x1438912d0 at 1438b40af
0x143e065e0	NOT_IN_UNWIND_FUNCTION	UNCLASSIFIED	1	0	0	0	0	1	analysis/vtable_dump_14858b2b0.txt:13: [10] 14858b300 -> 0x143e065e0
0x143e065f0	NOT_IN_UNWIND_FUNCTION	UNCLASSIFIED	1	0	0	0	0	1	analysis/vtable_dump_14858b2b0.txt:14: [11] 14858b308 -> 0x143e065f0
0x143f83ed0	EXACT_FUNCTION_START	FUNCTION_CLAIM	1	1	1	0	1	0	analysis/find_memcmp_36.txt:29: ## hit 27: MOV at 143f90c67 in FUN_143f905f0 -> CALL 0x143f83ed0 at 143f90c77 || analysis/find_memcmp_36.txt:29: ## hit 27: MOV at 143f90c67 in FUN_143f905f0 -> CALL 0x143f83ed0 at 143f90c77 || analysis/find_memcmp_36.txt:29: ## hit 27: MOV at 143f90c67 in FUN_143f905f0 -> CALL 0x143f83ed0 at 143f90c77
0x143f84110	EXACT_FUNCTION_START	FUNCTION_CLAIM	1	1	1	0	1	0	analysis/find_memcmp_36.txt:30: ## hit 28: MOV at 143f9149b in FUN_143f90e20 -> CALL 0x143f84110 at 143f914ab || analysis/find_memcmp_36.txt:30: ## hit 28: MOV at 143f9149b in FUN_143f90e20 -> CALL 0x143f84110 at 143f914ab || analysis/find_memcmp_36.txt:30: ## hit 28: MOV at 143f9149b in FUN_143f90e20 -> CALL 0x143f84110 at 143f914ab
0x144867c50	NOT_IN_UNWIND_FUNCTION	THUNK_OR_STUB	2	0	2	2	0	0	analysis/autonomous_worklog_through_253.md:9505: (low xref count, e.g. 0x635's 1-xref stub at 0x144867c50) might || analysis/autonomous_worklog_through_253.md:9528: - 0x635 stub at 0x144867c50 (xref source 0x14838a8c0) || analysis/autonomous_worklog_through_253.md:9505: (low xref count, e.g. 0x635's 1-xref stub at 0x144867c50) might || analysis/autonomous_worklog_through_253.md:9528: - 0x635 stub at 0x144867c50 (xref source 0x14838a8c0)
0x145a85940	INSIDE_FUNCTION	UNCLASSIFIED	2	0	0	0	0	2	analysis/autonomous_worklog_through_253.md:1926: binary's wrapper-class neighborhood** (0x145a85940 — between || analysis/autonomous_worklog_through_253.md:1985: blocker) against our binary. Result: `0x145a85940` is **not** a
0x145a87010	EXACT_FUNCTION_START	FUNCTION_CLAIM	2	1	0	0	0	1	analysis/xrefs_FUN_145a87010_ConnectionSuccess.txt:1: # xrefs to FUN_145a87010 @ 0x145a87010 || tools/ghidra_scripts/README.md:79: ghidra script FindXrefs 0x145a87010 analysis/xrefs_handler.txt
0x145a87170	INSIDE_FUNCTION	FUNCTION_CLAIM	1	1	0	0	0	0	analysis/autonomous_worklog_through_253.md:367: **One** hit in that region: `FUN_145a87010` at `0x145a87170`,
0x145a8d150	NOT_IN_UNWIND_FUNCTION	UNCLASSIFIED	1	0	0	0	0	1	analysis/autonomous_worklog_through_253.md:366: known wrapper methods cluster from `0x145a8d150` to `0x145a923c0`).
0x145a92370	NOT_IN_UNWIND_FUNCTION	UNCLASSIFIED	1	0	0	0	0	1	analysis/autonomous_worklog_through_253.md:264: - Decompiled task **A1**: `ghidra decompile 0x145a92370 --out analysis/decomp_state_advance_predicate.txt`.
0x145a923c0	NOT_IN_UNWIND_FUNCTION	UNCLASSIFIED	1	0	0	0	0	1	analysis/autonomous_worklog_through_253.md:366: known wrapper methods cluster from `0x145a8d150` to `0x145a923c0`).
0x145a9fa00	NOT_IN_UNWIND_FUNCTION	FUNCTION_CLAIM	2	2	0	0	0	0	analysis/state_13_14_writer_investigation.md:294: state-12 gate (whose writer `FUN_145a9fa00` lives at 0x145a9fa00, || analysis/xrefs_FUN_145a9fa00_state12_gate_writer.txt:1: # xrefs to FUN_145a9fa00 @ 0x145a9fa00
0x145b5afa0	EXACT_FUNCTION_START	FUNCTION_CLAIM	1	1	1	0	1	0	analysis/find_memcmp_36.txt:41: ## hit 39: MOV at 145cb4b1b in FUN_145cb4770 -> CALL 0x145b5afa0 at 145cb4b24 || analysis/find_memcmp_36.txt:41: ## hit 39: MOV at 145cb4b1b in FUN_145cb4770 -> CALL 0x145b5afa0 at 145cb4b24 || analysis/find_memcmp_36.txt:41: ## hit 39: MOV at 145cb4b1b in FUN_145cb4770 -> CALL 0x145b5afa0 at 145cb4b24
0x145b5c1a0	EXACT_FUNCTION_START	FUNCTION_CLAIM	1	1	1	0	1	0	analysis/find_memcmp_36.txt:37: ## hit 35: MOV at 145cab843 in FUN_145cab250 -> CALL 0x145b5c1a0 at 145cab853 || analysis/find_memcmp_36.txt:37: ## hit 35: MOV at 145cab843 in FUN_145cab250 -> CALL 0x145b5c1a0 at 145cab853 || analysis/find_memcmp_36.txt:37: ## hit 35: MOV at 145cab843 in FUN_145cab250 -> CALL 0x145b5c1a0 at 145cab853
0x145b5c3e0	EXACT_FUNCTION_START	FUNCTION_CLAIM	1	1	1	0	1	0	analysis/find_memcmp_36.txt:38: ## hit 36: MOV at 145cabe92 in FUN_145cab250 -> CALL 0x145b5c3e0 at 145cabea2 || analysis/find_memcmp_36.txt:38: ## hit 36: MOV at 145cabe92 in FUN_145cab250 -> CALL 0x145b5c3e0 at 145cabea2 || analysis/find_memcmp_36.txt:38: ## hit 36: MOV at 145cabe92 in FUN_145cab250 -> CALL 0x145b5c3e0 at 145cabea2
0x145dbae90	EXACT_FUNCTION_START	FUNCTION_CLAIM	3	1	0	0	0	2	analysis/state_13_14_writer_investigation.md:333: - **`FUN_145dbae90`** @ `0x145dbae90` — writes `AL`. In the || analysis/ghidra_findings.md:88: ### `Javelin_Carrier_ctor_GMAlloc` @ `0x145dbae90` || analysis/ghidra_findings.md:187: ### `Javelin_Carrier_ctor_GMAlloc` @ `0x145dbae90`
0x145dc99b0	EXACT_FUNCTION_START	UNCLASSIFIED	1	0	0	0	0	1	analysis/ghidra_findings.md:243: | `0x145dc99b0` | `Javelin_SecureSocketDriver_CreateSSL` | Allocate new SSL from context |
0x145dce4c0	EXACT_FUNCTION_START	FUNCTION_CLAIM	2	1	0	0	0	1	docs/progress.md:210: - [x] **Complete DTLS state machine enumerated** (`Javelin_SecureSocketDriver_StateDispatch` @ `0x145dce4c0` — all 12 states with handler addresses) || analysis/ghidra_findings.md:313: `Javelin_SecureSocketDriver_StateDispatch` @ `0x145dce4c0` registers
0x145dce750	EXACT_FUNCTION_START	UNCLASSIFIED	2	0	0	0	0	2	analysis/ghidra_findings.md:31: ### `Javelin_SecureSocketDriver_Initialize` @ `0x145dce750` || docs/dtls-trust-bypass.md:66: - `0x145dce750`
0x145dce8b5	INSIDE_FUNCTION	FUNCTION_CLAIM	9	5	0	2	6	3	docs/faq.md:21: 1. Ghidra decompilation found the cert-validation branch in `FUN_145dce750` (the Javelin DTLS driver init) at VA `0x145dce8b5`. One side of the branch enforces real cert validation against a bundled CA; the other side falls through to a permissive callback (`FUN_1402a1a70`) that just `return 1`s. || docs/handoff_2026-04-23.md:27: - The **working bypass** is a Frida `Interceptor.attach` on `FUN_145dce750` that nulls `ctx+0x288` **before** the function body runs. The function's own `JZ` at `0x145dce8b5` then naturally takes the permissive branch. SSL_CTX ends up cleanly configured. || docs/handoff_2026-04-23.md:28: - An earlier **byte patch** that rewrote `JZ → JMP` at `0x145dce8b5` failed — it forced the permissive branch but left the SSL_CTX half-wired (strict branch's CA-list setup was skipped), and the client created the UDP socket but never sent a ClientHello before CTD'ing ~2.68s later. Data-level bypass is the right approach. || docs/progress.md:2136: The first version of the trust patch (`frida_dtls_trust_patch.js` pre-rewrite) replaced the `JZ +0x119` at `0x145dce8b5` with `JMP +0x119` + NOP — forcing the permissive branch unconditionally. **Symptom:** client created the REP UDP socket but never emitted a single datagram; 2.68 s later the process died silently. **Root cause:** with `verifyField` still non-null, forcing the JMP past the strict branch skipped its CA-list setup, leaving the SSL_CTX half-wired. The DTLS state machine couldn't start the handshake. Replacing the byte patch with a data-level `onEnter` hook (null the field and let the function's own branch logic run) fixed it cleanly. || docs/faq.md:21: 1. Ghidra decompilation found the cert-validation branch in `FUN_145dce750` (the Javelin DTLS driver init) at VA `0x145dce8b5`. One side of the branch enforces real cert validation against a bundled CA; the other side falls through to a permissive callback (`FUN_1402a1a70`) that just `return 1`s. || docs/handoff_2026-04-23.md:27: - The
0x145dce9d4	INSIDE_FUNCTION	CODE_SITE	1	0	0	0	1	0	docs/dtls-trust-bypass.md:76: 145dce8b5: JZ  0x145dce9d4
0x145dd2180	EXACT_FUNCTION_START	UNCLASSIFIED	1	0	0	0	0	1	analysis/ghidra_findings.md:253: | CS_ACCEPT | 2 | @`0x145dd2180` | **Entry**: `SSL_set_accept_state`. **Tick**: `SSL_accept`, then drain post-handshake queued packets. Success → CS_ESTABLISHED (9); error → CS_SSL_ERROR (11) |
0x145dd22d0	EXACT_FUNCTION_START	CODE_SITE	1	0	1	0	0	0	analysis/ghidra_findings.md:252: | CS_ACTIVE | 1 | @`0x145dd22d0` | **Entry**: capture timestamp + call CreateSSL. **Tick**: if handshake timeout exceeded → transition to CS_DISCONNECTED (10) |
0x145dd2440	EXACT_FUNCTION_START	UNCLASSIFIED	1	0	0	0	0	1	analysis/ghidra_findings.md:256: | CS_CONNECT | 5 | @`0x145dd2440` | **Entry**: `SSL_set_connect_state`. **Tick**: `SSL_connect`, handle result. Success → CS_ESTABLISHED (9); error → CS_SSL_ERROR (11); timeout → CS_HANDSHAKE_RETRY (8) |
0x145dd25c0	EXACT_FUNCTION_START	UNCLASSIFIED	1	0	0	0	0	1	analysis/ghidra_findings.md:257: | CS_COOKIE_EXCHANGE | 6 | @`0x145dd25c0` | **Entry**: set handshake deadline = now + `[+0x18]*1000`. **Event 3** → CS_SSL_HANDSHAKE_CONNECT (7) |
0x145dd2e00	EXACT_FUNCTION_START	UNCLASSIFIED	1	0	0	0	0	1	analysis/ghidra_findings.md:259: | CS_HANDSHAKE_RETRY | 8 | @`0x145dd2e00` | **Entry**: rebuild SSL + set connect state. **Tick**: → CS_COOKIE_EXCHANGE (6) |
0x145dd3220	EXACT_FUNCTION_START	UNCLASSIFIED	1	0	0	0	0	1	analysis/ghidra_findings.md:258: | CS_SSL_HANDSHAKE_CONNECT | 7 | @`0x145dd3220` | **Entry**: `SSL_free` old SSL, `CreateSSL`, `SSL_set_connect_state`. Drives same loop as CS_CONNECT. |
0x145dd3280	EXACT_FUNCTION_START	UNCLASSIFIED	1	0	0	0	0	1	analysis/ghidra_findings.md:254: | CS_WAIT_FOR_STATEFUL_HANDSHAKE | 3 | @`0x145dd3280` | **Entry**: retransmit interval = 1000ms. **Tick**: if past deadline, manually build + send HelloVerifyRequest (25 bytes, DTLS 1.0 legacy wire format), double backoff. **Event 2** (cookie received) → CS_SSL_HANDSHAKE_ACCEPT (4) |
0x145dda0d0	EXACT_FUNCTION_START	UNCLASSIFIED	1	0	0	0	0	1	analysis/ghidra_findings.md:244: | `0x145dda0d0` | `Javelin_SecureSocketDriver_SendRawPacket` | Bypass-SSL raw UDP send |
0x145ddab20	EXACT_FUNCTION_START	FUNCTION_CLAIM	3	2	0	0	0	1	"analysis/ghidra_findings.md:92: - Thread function pointer: `0x145ddab20` (label, not yet decompiled) || analysis/ghidra_findings.md:555: - **Pump function at `0x140f82340` / `0x145ddab20`** — not auto-classified as || analysis/ghidra_findings.md:190: instead of `""OSAllocator""`, with thread body `0x145ddab20`. Classic"
0x145e70910	EXACT_FUNCTION_START	FUNCTION_CLAIM	1	1	1	0	1	0	analysis/find_memcmp_36.txt:46: ## hit 44: MOV at 145f93d29 in FUN_145f93cb0 -> CALL 0x145e70910 at 145f93d32 || analysis/find_memcmp_36.txt:46: ## hit 44: MOV at 145f93d29 in FUN_145f93cb0 -> CALL 0x145e70910 at 145f93d32 || analysis/find_memcmp_36.txt:46: ## hit 44: MOV at 145f93d29 in FUN_145f93cb0 -> CALL 0x145e70910 at 145f93d32
0x14602af10	EXACT_FUNCTION_START	FUNCTION_CLAIM	1	1	1	0	1	0	analysis/find_memcmp_36.txt:47: ## hit 45: MOV at 14600a9f4 in FUN_14600a790 -> CALL 0x14602af10 at 14600a9fd || analysis/find_memcmp_36.txt:47: ## hit 45: MOV at 14600a9f4 in FUN_14600a790 -> CALL 0x14602af10 at 14600a9fd || analysis/find_memcmp_36.txt:47: ## hit 45: MOV at 14600a9f4 in FUN_14600a790 -> CALL 0x14602af10 at 14600a9fd
0x146240d8b	INSIDE_FUNCTION	UNCLASSIFIED	2	0	0	0	0	2	analysis/decomp_FUN_146240d70.txt:43: uStack_48 = 0x146240d8b; || site/decomp/decomp_FUN_146240d70.txt:43: uStack_48 = 0x146240d8b;
0x1462abe00	EXACT_FUNCTION_START	UNCLASSIFIED	1	0	0	0	0	1	analysis/ghidra_findings.md:511: | `Javelin_TransformReplicaChunk_descriptor_init` | `0x1462abe00` | `TransformReplicaChunk` | `0x1484ee530` |
0x146420ca0	NOT_IN_UNWIND_FUNCTION	THUNK_OR_STUB	1	0	1	1	0	0	analysis/autonomous_worklog_through_253.md:9527: - 0x8 stub at 0x146420ca0 (xref source 0x148502a58) || analysis/autonomous_worklog_through_253.md:9527: - 0x8 stub at 0x146420ca0 (xref source 0x148502a58)
0x146425000	EXACT_FUNCTION_START	FUNCTION_CLAIM	1	1	0	0	1	0	docs/progress.md:2434: **Function**: `FUN_146425000` (ConfigureLogin) at 0x146425000. Reads `client-connection.client-gateway.mode` config and three-way branches: || docs/progress.md:2434: **Function**: `FUN_146425000` (ConfigureLogin) at 0x146425000. Reads `client-connection.client-gateway.mode` config and three-way branches:
0x1464467e8	NOT_IN_UNWIND_FUNCTION	FUNCTION_CLAIM	2	2	0	0	0	0	analysis/autonomous_worklog_through_253.md:4637: - Slot [11] = `0x1464467e8` (another handler) || analysis/autonomous_worklog_through_253.md:4682: `0x1464467e8`). If they're message handlers with similar
0x146446800	EXACT_FUNCTION_START	FUNCTION_CLAIM	1	1	0	0	0	0	analysis/state_13_14_writer_investigation.md:312: = LevelInfoChanged handler at 0x146446800, `FUN_146454c00`
0x14644a070	EXACT_FUNCTION_START	UNCLASSIFIED	2	0	0	0	0	2	tools/ghidra_scripts/README.md:63: ghidra decompile 0x14644a070 || tools/ghidra_scripts/README.md:64: ghidra decompile 0x14644a070 --out analysis/decomp_state_machine.txt
0x14645499c	NOT_IN_UNWIND_FUNCTION	FUNCTION_CLAIM	3	1	0	0	0	2	analysis/autonomous_worklog_through_253.md:4635: - Slot [10] = `0x14645499c` (another handler — probably a || analysis/autonomous_worklog_through_253.md:4658: SelfIdent, slot [10] (`0x14645499c`) is right next door in the || analysis/autonomous_worklog_through_253.md:4681: — specifically slots [10] and [11] (`0x14645499c` and
0x146454bec	NOT_IN_UNWIND_FUNCTION	THUNK_OR_STUB	2	0	0	2	0	0	analysis/autonomous_worklog_through_253.md:103: thunk at `0x146454bec..0x146454bf3` is a MSVC virtual-base `this` || analysis/autonomous_worklog_through_253.md:4634: - Slot [9] = `0x146454bec` (the SelfIdent thunk)
0x146454bf3	NOT_IN_UNWIND_FUNCTION	FUNCTION_CLAIM	6	1	2	2	0	3	"analysis/autonomous_worklog_through_253.md:627: 2. The `?` caller at `0x146454bf3` (13 bytes before `FUN_146454c00`) is || analysis/autonomous_worklog_through_253.md:103: thunk at `0x146454bec..0x146454bf3` is a MSVC virtual-base `this` || analysis/autonomous_worklog_through_253.md:656: 1. **The ""?"" caller at `0x146454bf3` is a MSVC virtual-base thunk**, not || analysis/autonomous_worklog_through_253.md:627: 2. The `?` caller at `0x146454bf3` (13 bytes before `FUN_146454c00`) is || analysis/autonomous_worklog_through_253.md:656: 1. **The ""?"" caller at `0x146454bf3` is a MSVC virtual-base thunk**, not || analysis/autonomous_worklog_through_253.md:633: - A2.9: decode dispatch-table entry at `0x14abcc15c` and read `0x146454bf3`'s || analysis/autonomous_worklog_through_253.md:649: - Disassembled around `0x146454bf3` (the ""?"" UNCONDITIONAL_CALL)."
0x146454c00	EXACT_FUNCTION_START	FUNCTION_CLAIM	10	6	0	2	0	2	analysis/autonomous_worklog_through_253.md:221: The Frida hook on `FUN_146454c00 (0x146454c00)` resolves it || analysis/autonomous_worklog_through_253.md:230: Frida hook on `FUN_146454c00 (0x146454c00)` that logs the seven || analysis/autonomous_worklog_through_253.md:661: 146454bf3  JMP 0x146454c00 || analysis/disasm_dispatcher_thunk.txt:6: 146454bf3  JMP 0x146454c00  <-- TARGET || analysis/state_machine_summary.md:412: (`0x146454c00`) at entry, dump the seven in-args. ~30 lines in || docs/protocol-overview.md:178: `0x146454c00` during a replay — if it fires when seq 0x7 arrives,
0x14645563f	INSIDE_FUNCTION	FUNCTION_CLAIM	1	1	1	0	0	0	analysis/autonomous_worklog_through_253.md:439: `0x14ab72930` and one direct call from `FUN_146454c00` at `0x14645563f`. || analysis/autonomous_worklog_through_253.md:439: `0x14ab72930` and one direct call from `FUN_146454c00` at `0x14645563f`.
0x14645c65b	NOT_IN_UNWIND_FUNCTION	THUNK_OR_STUB	1	0	0	1	0	0	analysis/autonomous_worklog_through_253.md:1110: - Thunk JMP at `0x14645c65b`, same MSVC virtual-base
0x14645c660	EXACT_FUNCTION_START	FUNCTION_CLAIM	2	2	1	0	0	0	analysis/autonomous_worklog_through_253.md:17466: - **Caller bridge**: `FUN_14645c660 @ 0x14645c660` || analysis/state_machine_summary.md:241: `FUN_14645c660 @ 0x14645c660`. That bridge looks up the wrapper || analysis/autonomous_worklog_through_253.md:17466: - **Caller bridge**: `FUN_14645c660 @ 0x14645c660`
0x14645fd70	EXACT_FUNCTION_START	FUNCTION_CLAIM	1	1	0	0	0	0	analysis/xrefs_FUN_14645fd70_state_setter.txt:1: # xrefs to FUN_14645fd70 @ 0x14645fd70
0x146466650	EXACT_FUNCTION_START	FUNCTION_CLAIM	1	1	0	0	0	0	analysis/xrefs_FUN_146466650_state_setter_wrapper.txt:1: # xrefs to FUN_146466650 @ 0x146466650
0x146502e00	EXACT_FUNCTION_START	FUNCTION_CLAIM	1	1	1	0	1	0	analysis/find_memcmp_36.txt:49: ## hit 47: MOV at 1464cc80a in FUN_1464cbfb0 -> CALL 0x146502e00 at 1464cc815 || analysis/find_memcmp_36.txt:49: ## hit 47: MOV at 1464cc80a in FUN_1464cbfb0 -> CALL 0x146502e00 at 1464cc815 || analysis/find_memcmp_36.txt:49: ## hit 47: MOV at 1464cc80a in FUN_1464cbfb0 -> CALL 0x146502e00 at 1464cc815
0x14659b0b0	NOT_IN_UNWIND_FUNCTION	THUNK_OR_STUB	1	0	1	1	0	0	analysis/autonomous_worklog_through_253.md:9529: - 0x12f6 stub at 0x14659b0b0 (xref source 0x1485264d0) || analysis/autonomous_worklog_through_253.md:9529: - 0x12f6 stub at 0x14659b0b0 (xref source 0x1485264d0)
0x146662690	EXACT_FUNCTION_START	FUNCTION_CLAIM	1	1	1	0	1	0	analysis/find_memcmp_36.txt:50: ## hit 48: MOV at 1468de2b0 in FUN_1468ddda0 -> CALL 0x146662690 at 1468de2c8 || analysis/find_memcmp_36.txt:50: ## hit 48: MOV at 1468de2b0 in FUN_1468ddda0 -> CALL 0x146662690 at 1468de2c8 || analysis/find_memcmp_36.txt:50: ## hit 48: MOV at 1468de2b0 in FUN_1468ddda0 -> CALL 0x146662690 at 1468de2c8
0x146a41bf0	EXACT_FUNCTION_START	FUNCTION_CLAIM	1	1	0	0	0	0	analysis/vtable_dump_14858b2b0.txt:8: [ 5] 14858b2d8 -> 0x146a41bf0  in FUN_146a41bf0 @ 146a41bf0
0x146aab820	EXACT_FUNCTION_START	FUNCTION_CLAIM	2	2	0	0	0	0	analysis/vtable_dump_14858b2b0.txt:11: [ 8] 14858b2f0 -> 0x146aab820  in FUN_146aab820 @ 146aab820 || analysis/vtable_dump_14858b2b0.txt:17: [14] 14858b320 -> 0x146aab820  in FUN_146aab820 @ 146aab820
0x146aac820	EXACT_FUNCTION_START	FUNCTION_CLAIM	1	1	0	0	0	0	analysis/vtable_dump_14858b2b0.txt:9: [ 6] 14858b2e0 -> 0x146aac820  in FUN_146aac820 @ 146aac820
0x146ab5be0	EXACT_FUNCTION_START	FUNCTION_CLAIM	1	1	0	0	0	0	analysis/vtable_dump_14858b2b0.txt:18: [15] 14858b328 -> 0x146ab5be0  in FUN_146ab5be0 @ 146ab5be0
0x146ae61a0	EXACT_FUNCTION_START	FUNCTION_CLAIM	1	1	0	0	0	0	analysis/vtable_dump_14858b2b0.txt:15: [12] 14858b310 -> 0x146ae61a0  in FUN_146ae61a0 @ 146ae61a0
0x146aef990	NOT_IN_UNWIND_FUNCTION	FUNCTION_CLAIM	1	1	0	0	0	0	"analysis/autonomous_worklog_through_253.md:1540: name-getters. `0x146aef990` returns ""ActorInitializedMessage"";"
0x146aef9f0	NOT_IN_UNWIND_FUNCTION	UNCLASSIFIED	1	0	0	0	0	1	"analysis/autonomous_worklog_through_253.md:1541: `0x146aef9f0` returns ""ActorStatusNotificationMessage""."
0x146b054c0	EXACT_FUNCTION_START	FUNCTION_CLAIM	1	1	0	0	0	0	analysis/vtable_dump_14858b2b0.txt:16: [13] 14858b318 -> 0x146b054c0  in FUN_146b054c0 @ 146b054c0
0x146b10110	NOT_IN_UNWIND_FUNCTION	FUNCTION_CLAIM	1	1	0	0	0	0	analysis/vtable_dump_14858b2b0.txt:5: [ 2] 14858b2c0 -> 0x146b10110  in FUN_146b10110 @ 146b10110
0x146b10750	EXACT_FUNCTION_START	FUNCTION_CLAIM	1	1	0	0	0	0	analysis/vtable_dump_14858b2b0.txt:7: [ 4] 14858b2d0 -> 0x146b10750  in FUN_146b10750 @ 146b10750
0x146b11020	EXACT_FUNCTION_START	FUNCTION_CLAIM	1	1	0	0	0	0	analysis/vtable_dump_14858b2b0.txt:3: [ 0] 14858b2b0 -> 0x146b11020  in FUN_146b11020 @ 146b11020
0x146b13380	NOT_IN_UNWIND_FUNCTION	UNCLASSIFIED	1	0	0	0	0	1	analysis/vtable_dump_14858b2b0.txt:4: [ 1] 14858b2b8 -> 0x146b13380
0x146b66820	EXACT_FUNCTION_START	FUNCTION_CLAIM	1	1	0	0	0	0	docs/progress.md:2718: | `0x146b66820` | `FUN_146b66820` | (unrenamed) | RegistrationRequestV3Msg constructor — 0x470 bytes. |
0x146b66a60	EXACT_FUNCTION_START	FUNCTION_CLAIM	1	1	0	0	0	0	docs/progress.md:2719: | `0x146b66a60` | `FUN_146b66a60` | (unrenamed) | RegistrationRequestMsg (V2) constructor — 0x360 bytes. |
0x146b6c500	EXACT_FUNCTION_START	FUNCTION_CLAIM	1	1	0	0	0	0	docs/progress.md:2720: | `0x146b6c500` | `FUN_146b6c500` | (unrenamed) | SystemMessage sender — SRW-locked queue append at `wrapper[0xc4]`. Wraps `FUN_146b69e80` for serialization. |
0x146b6e190	EXACT_FUNCTION_START	FUNCTION_CLAIM	5	4	2	1	2	0	docs/handoff_state10_question.md:33: This week we got Ghidra to define-as-function the previously-unanalyzed `0x146b6e190` — sole vtable entry for the wrapper's per-tick dispatcher. Decompiled: || docs/progress.md:2662: Both flags reverted to false → back to MODE_GATEWAY baseline. Next session should focus on the **unanalyzed code at `0x146b6e190–0x146b6e7c0`** — specifically the call to `FUN_146b6df50` at `0x146b6e2ab` and what gates the wrapper's state-10 → state-11 transition. Per memory `project_gridmate_carrier_breakthrough.md`, this region is what actually validates the REP handshake, and Ghidra MCP can't see it without manual define-as-function in the UI. || docs/progress.md:2676: Installed `akiselev/ghidra-cli` (Rust CLI bridge to Ghidra headless). Two patches applied to make it work with our Ghidra 11.3 install — see memory `feedback_ghidra_cli_setup.md`. Used it to **define-as-function** the gap entry at `0x146b6e190` (which Ghidra MCP could not see because it is only reached via vtable dispatch + tail-call thunk), then decompiled. || docs/progress.md:2662: Both flags reverted to false → back to MODE_GATEWAY baseline. Next session should focus on the **unanalyzed code at `0x146b6e190–0x146b6e7c0`** — specifically the call to `FUN_146b6df50` at `0x146b6e2ab` and what gates the wrapper's state-10 → state-11 transition. Per memory `project_gridmate_carrier_breakthrough.md`, this region is what actually validates the REP handshake, and Ghidra MCP can't see it without manual define-as-function in the UI. || docs/progress.md:2676: Installed `akiselev/ghidra-cli` (Rust CLI bridge to Ghidra headless). Two patches applied to make it work with our Ghidra 11.3 install — see memory `feedback_ghidra_cli_setup.md`. Used it to **define-as-function** the gap entry at `0x146b6e190` (which Ghidra MCP could not see because it is only reached via vtable dispatch + tail-call thunk), then decompiled. || docs/progress.md:2717: | `0x146b6e190` | (unanalyzed) | `REP_state10_dispat
0x146b6e2ab	INSIDE_FUNCTION	FUNCTION_CLAIM	1	1	1	0	0	0	docs/progress.md:2662: Both flags reverted to false → back to MODE_GATEWAY baseline. Next session should focus on the **unanalyzed code at `0x146b6e190–0x146b6e7c0`** — specifically the call to `FUN_146b6df50` at `0x146b6e2ab` and what gates the wrapper's state-10 → state-11 transition. Per memory `project_gridmate_carrier_breakthrough.md`, this region is what actually validates the REP handshake, and Ghidra MCP can't see it without manual define-as-function in the UI. || docs/progress.md:2662: Both flags reverted to false → back to MODE_GATEWAY baseline. Next session should focus on the **unanalyzed code at `0x146b6e190–0x146b6e7c0`** — specifically the call to `FUN_146b6df50` at `0x146b6e2ab` and what gates the wrapper's state-10 → state-11 transition. Per memory `project_gridmate_carrier_breakthrough.md`, this region is what actually validates the REP handshake, and Ghidra MCP can't see it without manual define-as-function in the UI.
0x146b6e7c0	EXACT_FUNCTION_START	FUNCTION_CLAIM	1	1	1	0	0	0	docs/progress.md:2662: Both flags reverted to false → back to MODE_GATEWAY baseline. Next session should focus on the **unanalyzed code at `0x146b6e190–0x146b6e7c0`** — specifically the call to `FUN_146b6df50` at `0x146b6e2ab` and what gates the wrapper's state-10 → state-11 transition. Per memory `project_gridmate_carrier_breakthrough.md`, this region is what actually validates the REP handshake, and Ghidra MCP can't see it without manual define-as-function in the UI. || docs/progress.md:2662: Both flags reverted to false → back to MODE_GATEWAY baseline. Next session should focus on the **unanalyzed code at `0x146b6e190–0x146b6e7c0`** — specifically the call to `FUN_146b6df50` at `0x146b6e2ab` and what gates the wrapper's state-10 → state-11 transition. Per memory `project_gridmate_carrier_breakthrough.md`, this region is what actually validates the REP handshake, and Ghidra MCP can't see it without manual define-as-function in the UI.
0x146b6ed39	INSIDE_FUNCTION	FUNCTION_CLAIM	2	2	2	0	0	0	docs/progress.md:2403: 2. **Trace the inbound dispatch chain**: 0x146b6ed39 (sole in-code caller of FUN_146b6f190) is the dispatcher. Its containing function is the message-routing layer that converts wire bytes → typed message → dispatcher call. Find it to learn the wire format. || docs/progress.md:2483: - The unidentified function containing 0x146b6ed39 (sole caller of FUN_146b6f190 — the dispatcher) || docs/progress.md:2403: 2. **Trace the inbound dispatch chain**: 0x146b6ed39 (sole in-code caller of FUN_146b6f190) is the dispatcher. Its containing function is the message-routing layer that converts wire bytes → typed message → dispatcher call. Find it to learn the wire format. || docs/progress.md:2483: - The unidentified function containing 0x146b6ed39 (sole caller of FUN_146b6f190 — the dispatcher)
0x146c60830	EXACT_FUNCTION_START	FUNCTION_CLAIM	1	1	0	0	0	0	analysis/state_13_14_writer_investigation.md:308: - **`FUN_146c60830`** @ `0x146c60830` — writes `DIL` (a function
0x1470d11b5	INSIDE_FUNCTION	UNCLASSIFIED	2	0	0	0	0	2	analysis/autonomous_worklog_through_253.md:4183: correct Ghidra address is `0x1470D11B5`, not `0x1410D11B5`. Wake || analysis/autonomous_worklog_through_253.md:4187: **Decompiling the correct address** at `0x1470D11B5`:
0x147143d2b	INSIDE_FUNCTION	FUNCTION_CLAIM	1	1	1	0	0	0	analysis/autonomous_worklog_through_253.md:3905: Single xref, from `0x147143d2b` inside FUN_147143960. || analysis/autonomous_worklog_through_253.md:3905: Single xref, from `0x147143d2b` inside FUN_147143960.
0x1472030e0	EXACT_FUNCTION_START	FUNCTION_CLAIM	2	2	2	0	2	0	analysis/find_memcmp_36.txt:45: ## hit 43: MOV at 145e0cac2 in FUN_145e0c9e0 -> CALL 0x1472030e0 at 145e0cad6 || analysis/find_memcmp_36.txt:60: ## hit 58: MOV at 147213a1a in FUN_147213960 -> CALL 0x1472030e0 at 147213a34 || analysis/find_memcmp_36.txt:45: ## hit 43: MOV at 145e0cac2 in FUN_145e0c9e0 -> CALL 0x1472030e0 at 145e0cad6 || analysis/find_memcmp_36.txt:60: ## hit 58: MOV at 147213a1a in FUN_147213960 -> CALL 0x1472030e0 at 147213a34 || analysis/find_memcmp_36.txt:45: ## hit 43: MOV at 145e0cac2 in FUN_145e0c9e0 -> CALL 0x1472030e0 at 145e0cad6 || analysis/find_memcmp_36.txt:60: ## hit 58: MOV at 147213a1a in FUN_147213960 -> CALL 0x1472030e0 at 147213a34
0x1472d3e90	EXACT_FUNCTION_START	FUNCTION_CLAIM	1	1	1	0	1	0	analysis/find_memcmp_36.txt:61: ## hit 59: MOV at 1472d4739 in FUN_1472d46a0 -> CALL 0x1472d3e90 at 1472d473f || analysis/find_memcmp_36.txt:61: ## hit 59: MOV at 1472d4739 in FUN_1472d46a0 -> CALL 0x1472d3e90 at 1472d473f || analysis/find_memcmp_36.txt:61: ## hit 59: MOV at 1472d4739 in FUN_1472d46a0 -> CALL 0x1472d3e90 at 1472d473f
0x147780cd0	EXACT_FUNCTION_START	FUNCTION_CLAIM	2	2	2	0	2	0	analysis/find_memcmp_36.txt:65: ## hit 63: MOV at 1477d7e15 in FUN_1477d7d80 -> CALL 0x147780cd0 at 1477d7e25 || analysis/find_memcmp_36.txt:66: ## hit 64: MOV at 1477d9479 in FUN_1477d9450 -> CALL 0x147780cd0 at 1477d9489 || analysis/find_memcmp_36.txt:65: ## hit 63: MOV at 1477d7e15 in FUN_1477d7d80 -> CALL 0x147780cd0 at 1477d7e25 || analysis/find_memcmp_36.txt:66: ## hit 64: MOV at 1477d9479 in FUN_1477d9450 -> CALL 0x147780cd0 at 1477d9489 || analysis/find_memcmp_36.txt:65: ## hit 63: MOV at 1477d7e15 in FUN_1477d7d80 -> CALL 0x147780cd0 at 1477d7e25 || analysis/find_memcmp_36.txt:66: ## hit 64: MOV at 1477d9479 in FUN_1477d9450 -> CALL 0x147780cd0 at 1477d9489
0x1478ef900	EXACT_FUNCTION_START	FUNCTION_CLAIM	1	1	0	0	0	0	analysis/ghidra_findings.md:52: | `0x1478ef900`| `FUN_...`      | `openssl_SSL_CTX_new`                |
0x1478efe40	EXACT_FUNCTION_START	FUNCTION_CLAIM	1	1	0	0	0	0	analysis/ghidra_findings.md:53: | `0x1478efe40`| `FUN_...`      | `openssl_SSL_CTX_set_cipher_list`    |
0x1478eff40	NOT_IN_UNWIND_FUNCTION	FUNCTION_CLAIM	1	1	0	0	0	0	analysis/ghidra_findings.md:54: | `0x1478eff40`| `FUN_...`      | `openssl_SSL_CTX_set_options`        |
0x1478eff50	NOT_IN_UNWIND_FUNCTION	FUNCTION_CLAIM	1	1	0	0	0	0	analysis/ghidra_findings.md:57: | `0x1478eff50`| `FUN_...`      | `openssl_SSL_CTX_set_verify`         |
0x1478effb0	EXACT_FUNCTION_START	UNCLASSIFIED	1	0	0	0	0	1	analysis/ghidra_findings.md:240: | `0x1478effb0` | `openssl_SSL_accept` | Drive server handshake |
0x1478f0210	EXACT_FUNCTION_START	UNCLASSIFIED	1	0	0	0	0	1	analysis/ghidra_findings.md:239: | `0x1478f0210` | `openssl_SSL_connect` | Drive client handshake |
0x1478f0710	EXACT_FUNCTION_START	UNCLASSIFIED	1	0	0	0	0	1	analysis/ghidra_findings.md:242: | `0x1478f0710` | `openssl_SSL_free` | Destroy SSL object |
0x1478f0e10	EXACT_FUNCTION_START	UNCLASSIFIED	1	0	0	0	0	1	analysis/ghidra_findings.md:241: | `0x1478f0e10` | `openssl_SSL_get_error` | Translate handshake error |
0x1478f1a00	EXACT_FUNCTION_START	UNCLASSIFIED	1	0	0	0	0	1	analysis/ghidra_findings.md:238: | `0x1478f1a00` | `openssl_SSL_set_accept_state` | Put SSL into accept mode |
0x1478f1c80	EXACT_FUNCTION_START	UNCLASSIFIED	1	0	0	0	0	1	analysis/ghidra_findings.md:237: | `0x1478f1c80` | `openssl_SSL_set_connect_state` | Put SSL into connect mode |
0x1478f4e00	EXACT_FUNCTION_START	FUNCTION_CLAIM	1	1	0	0	0	0	analysis/ghidra_findings.md:56: | `0x1478f4e00`| `FUN_...`      | `openssl_SSL_CTX_use_certificate`    |
0x1478f4f80	EXACT_FUNCTION_START	FUNCTION_CLAIM	1	1	0	0	0	0	analysis/ghidra_findings.md:55: | `0x1478f4f80`| `FUN_...`      | `openssl_SSL_CTX_use_PrivateKey`     |
0x1478f6110	NOT_IN_UNWIND_FUNCTION	FUNCTION_CLAIM	1	1	0	0	0	0	analysis/ghidra_findings.md:51: | `0x1478f6110`| `FUN_...`      | `openssl_DTLSv1_2_method`            |
0x147910b40	EXACT_FUNCTION_START	FUNCTION_CLAIM	1	1	1	0	1	0	analysis/find_memcmp_36.txt:68: ## hit 66: MOV at 14792c5f4 in FUN_14792c560 -> CALL 0x147910b40 at 14792c601 || analysis/find_memcmp_36.txt:68: ## hit 66: MOV at 14792c5f4 in FUN_14792c560 -> CALL 0x147910b40 at 14792c601 || analysis/find_memcmp_36.txt:68: ## hit 66: MOV at 14792c5f4 in FUN_14792c560 -> CALL 0x147910b40 at 14792c601
0x1479b741f	INSIDE_FUNCTION	FUNCTION_CLAIM	1	1	0	0	0	0	docs/omnisdk-research.md:18: - Disassembly in this function shows several immediate `0xCB` assignments (`0x1479b741f`, `0x1479b7883`, `0x1479b7a11`, `0x1479b7d82`, `0x1479b7f31`).
0x1479b7883	INSIDE_FUNCTION	FUNCTION_CLAIM	1	1	0	0	0	0	docs/omnisdk-research.md:18: - Disassembly in this function shows several immediate `0xCB` assignments (`0x1479b741f`, `0x1479b7883`, `0x1479b7a11`, `0x1479b7d82`, `0x1479b7f31`).
0x1479b7a11	INSIDE_FUNCTION	FUNCTION_CLAIM	1	1	0	0	0	0	docs/omnisdk-research.md:18: - Disassembly in this function shows several immediate `0xCB` assignments (`0x1479b741f`, `0x1479b7883`, `0x1479b7a11`, `0x1479b7d82`, `0x1479b7f31`).
0x1479b7d82	INSIDE_FUNCTION	FUNCTION_CLAIM	1	1	0	0	0	0	docs/omnisdk-research.md:18: - Disassembly in this function shows several immediate `0xCB` assignments (`0x1479b741f`, `0x1479b7883`, `0x1479b7a11`, `0x1479b7d82`, `0x1479b7f31`).
0x1479b7f31	INSIDE_FUNCTION	FUNCTION_CLAIM	1	1	0	0	0	0	docs/omnisdk-research.md:18: - Disassembly in this function shows several immediate `0xCB` assignments (`0x1479b741f`, `0x1479b7883`, `0x1479b7a11`, `0x1479b7d82`, `0x1479b7f31`).
0x1479c4a80	EXACT_FUNCTION_START	FUNCTION_CLAIM	1	1	0	0	0	0	docs/omnisdk-research.md:19: - Nearby Omni functions in the same family also set `0xCB` (`0x1479c4a80`, `0x1479c6720`, `0x1479c7900`, `0x1479ca3e0`, `0x1479cb880`, `0x1479cc820`, `0x1479d22a0`).
0x1479c6720	EXACT_FUNCTION_START	FUNCTION_CLAIM	1	1	0	0	0	0	docs/omnisdk-research.md:19: - Nearby Omni functions in the same family also set `0xCB` (`0x1479c4a80`, `0x1479c6720`, `0x1479c7900`, `0x1479ca3e0`, `0x1479cb880`, `0x1479cc820`, `0x1479d22a0`).
0x1479c7900	EXACT_FUNCTION_START	FUNCTION_CLAIM	1	1	0	0	0	0	docs/omnisdk-research.md:19: - Nearby Omni functions in the same family also set `0xCB` (`0x1479c4a80`, `0x1479c6720`, `0x1479c7900`, `0x1479ca3e0`, `0x1479cb880`, `0x1479cc820`, `0x1479d22a0`).
0x1479c9f00	EXACT_FUNCTION_START	FUNCTION_CLAIM	2	2	0	0	0	0	docs/omnisdk-notes.md:87: 1. **Binary patch the 203 check** — find `FUN_1479c9f00` @ `0x1479c9f00` (in || docs/omnisdk-research.md:11: - `FUN_1479c9f00` (`0x1479c9f00`) still does the expected top-level parse check:
0x1479ca21d	INSIDE_FUNCTION	FUNCTION_CLAIM	1	1	1	0	0	0	docs/omnisdk-research.md:93: - `0x1479ca21d`: call `FUN_1426a8f10` || docs/omnisdk-research.md:93: - `0x1479ca21d`: call `FUN_1426a8f10`
0x1479ca222	INSIDE_FUNCTION	CODE_SITE	1	0	0	0	1	0	docs/omnisdk-research.md:94: - `0x1479ca222`: `TEST AL,AL`
0x1479ca224	INSIDE_FUNCTION	CODE_SITE	1	0	0	0	1	0	docs/omnisdk-research.md:95: - `0x1479ca224`: conditional jump to success path
0x1479ca3e0	EXACT_FUNCTION_START	FUNCTION_CLAIM	1	1	0	0	0	0	docs/omnisdk-research.md:19: - Nearby Omni functions in the same family also set `0xCB` (`0x1479c4a80`, `0x1479c6720`, `0x1479c7900`, `0x1479ca3e0`, `0x1479cb880`, `0x1479cc820`, `0x1479d22a0`).
0x1479cb880	EXACT_FUNCTION_START	FUNCTION_CLAIM	1	1	0	0	0	0	docs/omnisdk-research.md:19: - Nearby Omni functions in the same family also set `0xCB` (`0x1479c4a80`, `0x1479c6720`, `0x1479c7900`, `0x1479ca3e0`, `0x1479cb880`, `0x1479cc820`, `0x1479d22a0`).
0x1479cc820	EXACT_FUNCTION_START	FUNCTION_CLAIM	1	1	0	0	0	0	docs/omnisdk-research.md:19: - Nearby Omni functions in the same family also set `0xCB` (`0x1479c4a80`, `0x1479c6720`, `0x1479c7900`, `0x1479ca3e0`, `0x1479cb880`, `0x1479cc820`, `0x1479d22a0`).
0x1479d22a0	EXACT_FUNCTION_START	FUNCTION_CLAIM	1	1	0	0	0	0	docs/omnisdk-research.md:19: - Nearby Omni functions in the same family also set `0xCB` (`0x1479c4a80`, `0x1479c6720`, `0x1479c7900`, `0x1479ca3e0`, `0x1479cb880`, `0x1479cc820`, `0x1479d22a0`).
0x1479d58d0	EXACT_FUNCTION_START	FUNCTION_CLAIM	1	1	0	0	0	0	docs/omnisdk-research.md:30: ### `FUN_1479d58d0` (`0x1479d58d0`)
0x1479d5a70	EXACT_FUNCTION_START	FUNCTION_CLAIM	1	1	0	0	0	0	docs/omnisdk-research.md:26: ### `FUN_1479d5a70` (`0x1479d5a70`)
0x147aad055	NOT_IN_UNWIND_FUNCTION	FUNCTION_CLAIM	4	4	4	0	4	0	analysis/find_memcmp_36.txt:15: ## hit 13: MOV at 141003f98 in FUN_141003d40 -> CALL 0x147aad055 at 141003fac || analysis/find_memcmp_36.txt:18: ## hit 16: MOV at 141678a0c in FUN_141678940 -> CALL 0x147aad055 at 141678a20 || analysis/find_memcmp_36.txt:15: ## hit 13: MOV at 141003f98 in FUN_141003d40 -> CALL 0x147aad055 at 141003fac || analysis/find_memcmp_36.txt:18: ## hit 16: MOV at 141678a0c in FUN_141678940 -> CALL 0x147aad055 at 141678a20 || analysis/find_memcmp_36.txt:15: ## hit 13: MOV at 141003f98 in FUN_141003d40 -> CALL 0x147aad055 at 141003fac || analysis/find_memcmp_36.txt:18: ## hit 16: MOV at 141678a0c in FUN_141678940 -> CALL 0x147aad055 at 141678a20
