anchor	function	address	call_target	rip_target	instruction
receive_pump	0x146A9FE30	0x146A9FE4F	0x146AE4900		"146a9fe4f:	e8 ac 4a 04 00       	call   0x146ae4900"
receive_pump	0x146A9FE30	0x146A9FE67	0x146ABAE10		"146a9fe67:	e8 a4 af 01 00       	call   0x146abae10"
receive_pump	0x146A9FE30	0x146A9FE77	0x14615E0C0		"146a9fe77:	e8 44 e2 6b ff       	call   0x14615e0c0"
receive_pump	0x146A9FE30	0x146A9FE7F		0x14A829D10	"146a9fe7f:	8b 15 8b 9e d8 03    	mov    edx,DWORD PTR [rip+0x3d89e8b]        # 0x14a829d10"
receive_pump	0x146A9FE30	0x146A9FEA1	0x1407EB290		"146a9fea1:	e8 ea b3 d4 f9       	call   0x1407eb290"
receive_pump	0x146A9FE30	0x146A9FEB6		0x147F496C8	"146a9feb6:	4c 8d 2d 0b 98 4a 01 	lea    r13,[rip+0x14a980b]        # 0x147f496c8"
receive_pump	0x146A9FE30	0x146A9FECF		0x14A56B858	"146a9fecf:	48 8d 15 82 b9 ac 03 	lea    rdx,[rip+0x3acb982]        # 0x14a56b858"
receive_pump	0x146A9FE30	0x146A9FED9	0x146161960		"146a9fed9:	e8 82 1a 6c ff       	call   0x146161960"
receive_pump	0x146A9FE30	0x146A9FEE9	0x146165FF0		"146a9fee9:	e8 02 61 6c ff       	call   0x146165ff0"
receive_pump	0x146A9FE30	0x146A9FEF6	0x147AA61C1		"146a9fef6:	e8 c6 62 00 01       	call   0x147aa61c1"
receive_pump	0x146A9FE30	0x146A9FF08		0x14A56B858	"146a9ff08:	0f 10 05 49 b9 ac 03 	movups xmm0,XMMWORD PTR [rip+0x3acb949]        # 0x14a56b858"
receive_pump	0x146A9FE30	0x146A9FF17	0x1461AAB40		"146a9ff17:	e8 24 ac 70 ff       	call   0x1461aab40"
receive_pump	0x146A9FE30	0x146A9FF24		0x148584148	"146a9ff24:	48 8d 15 1d 42 ae 01 	lea    rdx,[rip+0x1ae421d]        # 0x148584148"
receive_pump	0x146A9FE30	0x146A9FF2E	0x1402B6E60		"146a9ff2e:	e8 2d 6f 81 f9       	call   0x1402b6e60"
receive_pump	0x146A9FE30	0x146A9FF3A		0x148584140	"146a9ff3a:	48 8d 15 ff 41 ae 01 	lea    rdx,[rip+0x1ae41ff]        # 0x148584140"
receive_pump	0x146A9FE30	0x146A9FF44	0x146A71700		"146a9ff44:	e8 b7 17 fd ff       	call   0x146a71700"
receive_pump	0x146A9FE30	0x146A9FF4C		0x148584128	"146a9ff4c:	48 8d 15 d5 41 ae 01 	lea    rdx,[rip+0x1ae41d5]        # 0x148584128"
receive_pump	0x146A9FE30	0x146A9FF56	0x146145E50		"146a9ff56:	e8 f5 5e 6a ff       	call   0x146145e50"
receive_pump	0x146A9FE30	0x146A9FF7F	0x1461AE980		"146a9ff7f:	e8 fc e9 70 ff       	call   0x1461ae980"
receive_pump	0x146A9FE30	0x146A9FF97	0x146163DB0		"146a9ff97:	e8 14 3e 6c ff       	call   0x146163db0"
receive_pump	0x146A9FE30	0x146A9FFB2	0x147AA6B60		"146a9ffb2:	e8 a9 6b 00 01       	call   0x147aa6b60"
receive_pump	0x146A9FE30	0x146A9FFD1	0x146B213D0		"146a9ffd1:	e8 fa 13 08 00       	call   0x146b213d0"
receive_pump	0x146A9FE30	0x146AA001A	0x14149CA40		"146aa001a:	e8 21 ca 9f fa       	call   0x14149ca40"
receive_pump	0x146A9FE30	0x146AA0027	0x146B13440		"146aa0027:	e8 14 34 07 00       	call   0x146b13440"
receive_pump	0x146A9FE30	0x146AA0033	0x143240200		"146aa0033:	e8 c8 01 7a fc       	call   0x143240200"
receive_pump	0x146A9FE30	0x146AA003F	0x140E82850		"146aa003f:	e8 0c 28 3e fa       	call   0x140e82850"
receive_pump	0x146A9FE30	0x146AA004B	0x146A9EE90		"146aa004b:	e8 40 ee ff ff       	call   0x146a9ee90"
receive_pump	0x146A9FE30	0x146AA0057	0x146A9D480		"146aa0057:	e8 24 d4 ff ff       	call   0x146a9d480"
receive_pump	0x146A9FE30	0x146AA0075	0x140D83510		"146aa0075:	e8 96 34 2e fa       	call   0x140d83510"
receive_pump	0x146A9FE30	0x146AA01C5	0x14149CA40		"146aa01c5:	e8 76 c8 9f fa       	call   0x14149ca40"
receive_pump	0x146A9FE30	0x146AA01D2	0x14029B520		"146aa01d2:	e8 49 b3 7f f9       	call   0x14029b520"
receive_pump	0x146A9FE30	0x146AA01DE	0x14055C530		"146aa01de:	e8 4d c3 ab f9       	call   0x14055c530"
receive_pump	0x146A9FE30	0x146AA0242	0x14029B780		"146aa0242:	e8 39 b5 7f f9       	call   0x14029b780"
receive_pump	0x146A9FE30	0x146AA0253	0x147AA664C		"146aa0253:	e8 f4 63 00 01       	call   0x147aa664c"
receive_pump	0x146A9FE30	0x146AA025F	0x140871AD0		"146aa025f:	e8 6c 18 dd f9       	call   0x140871ad0"
receive_pump	0x146A9FE30	0x146AA026B	0x146A9D7F0		"146aa026b:	e8 80 d5 ff ff       	call   0x146a9d7f0"
receive_pump	0x146A9FE30	0x146AA0277	0x1407E52A0		"146aa0277:	e8 24 50 d4 f9       	call   0x1407e52a0"
receive_pump	0x146A9FE30	0x146AA0283	0x146AA1480		"146aa0283:	e8 f8 11 00 00       	call   0x146aa1480"
receive_pump	0x146A9FE30	0x146AA02A2	0x141653C90		"146aa02a2:	e8 e9 39 bb fa       	call   0x141653c90"
coordinator	0x146ABAE10	0x146ABAE49	0x140799EC0		"146abae49:	e8 72 f0 cd f9       	call   0x140799ec0"
coordinator	0x146ABAE10	0x146ABAE5A		0x149F7FAC8	"146abae5a:	48 8d 05 67 4c 4c 03 	lea    rax,[rip+0x34c4c67]        # 0x149f7fac8"
coordinator	0x146ABAE10	0x146ABAE6B		0x1484D6010	"146abae6b:	48 8d 05 9e b1 a1 01 	lea    rax,[rip+0x1a1b19e]        # 0x1484d6010"
coordinator	0x146ABAE10	0x146ABAE7A		0x1482983C4	"146abae7a:	48 8d 05 43 d5 7d 01 	lea    rax,[rip+0x17dd543]        # 0x1482983c4"
coordinator	0x146ABAE10	0x146ABAE91	0x146189770		"146abae91:	e8 da e8 6c ff       	call   0x146189770"
coordinator	0x146ABAE10	0x146ABAEA0		0x148041760	"146abaea0:	48 8d 0d b9 68 58 01 	lea    rcx,[rip+0x15868b9]        # 0x148041760"
coordinator	0x146ABAE10	0x146ABAEAF		0x1480416F8	"146abaeaf:	48 8d 0d 42 68 58 01 	lea    rcx,[rip+0x1586842]        # 0x1480416f8"
coordinator	0x146ABAE10	0x146ABAEC2	0x146189770		"146abaec2:	e8 a9 e8 6c ff       	call   0x146189770"
coordinator	0x146ABAE10	0x146ABAEFE	0x146AECDF0		"146abaefe:	e8 ed 1e 03 00       	call   0x146aecdf0"
coordinator	0x146ABAE10	0x146ABAF1B	0x146B04560		"146abaf1b:	e8 40 96 04 00       	call   0x146b04560"
coordinator	0x146ABAE10	0x146ABAF40	0x146B04560		"146abaf40:	e8 1b 96 04 00       	call   0x146b04560"
coordinator	0x146ABAE10	0x146ABAF61	0x146AAD4B0		"146abaf61:	e8 4a 25 ff ff       	call   0x146aad4b0"
coordinator	0x146ABAE10	0x146ABAF74	0x146AAD4B0		"146abaf74:	e8 37 25 ff ff       	call   0x146aad4b0"
coordinator	0x146ABAE10	0x146ABAFBE	0x146AFA350		"146abafbe:	e8 8d f3 03 00       	call   0x146afa350"
coordinator	0x146ABAE10	0x146ABAFFD		0x148041760	"146abaffd:	48 8d 05 5c 67 58 01 	lea    rax,[rip+0x158675c]        # 0x148041760"
coordinator	0x146ABAE10	0x146ABB00E	0x1461896C0		"146abb00e:	e8 ad e6 6c ff       	call   0x1461896c0"
coordinator	0x146ABAE10	0x146ABB014		0x1484D6010	"146abb014:	48 8d 05 f5 af a1 01 	lea    rax,[rip+0x1a1aff5]        # 0x1484d6010"
coordinator	0x146ABAE10	0x146ABB025	0x1461896C0		"146abb025:	e8 96 e6 6c ff       	call   0x1461896c0"
receive_materializer	0x146AECDF0	0x146AECE27		0x147EC9350	"146aece27:	ff 15 23 c5 3d 01    	call   QWORD PTR [rip+0x13dc523]        # 0x147ec9350"
receive_materializer	0x146AECDF0	0x146AECEC8		0x14A56C0E8	"146aecec8:	0f b6 05 19 f2 a7 03 	movzx  eax,BYTE PTR [rip+0x3a7f219]        # 0x14a56c0e8"
receive_materializer	0x146AECDF0	0x146AECED4		0x14A56C0E0	"146aeced4:	48 8d 0d 05 f2 a7 03 	lea    rcx,[rip+0x3a7f205]        # 0x14a56c0e0"
receive_materializer	0x146AECDF0	0x146AECEDB		0x14A56C0E0	"146aecedb:	48 8b 05 fe f1 a7 03 	mov    rax,QWORD PTR [rip+0x3a7f1fe]        # 0x14a56c0e0"
receive_materializer	0x146AECDF0	0x146AECEE5		0x14A56C0EC	"146aecee5:	80 3d 00 f2 a7 03 00 	cmp    BYTE PTR [rip+0x3a7f200],0x0        # 0x14a56c0ec"
receive_materializer	0x146AECDF0	0x146AECEFA		0x147FDAF74	"146aecefa:	f3 0f 59 1d 72 e0 4e 	mulss  xmm3,DWORD PTR [rip+0x14ee072]        # 0x147fdaf74"
receive_materializer	0x146AECDF0	0x146AECF2A		0x147FBD008	"146aecf2a:	f3 0f 59 0d d6 00 4d 	mulss  xmm1,DWORD PTR [rip+0x14d00d6]        # 0x147fbd008"
receive_materializer	0x146AECDF0	0x146AECF6C		0x147FDEAD4	"146aecf6c:	f3 0f 59 05 60 1b 4f 	mulss  xmm0,DWORD PTR [rip+0x14f1b60]        # 0x147fdead4"
receive_materializer	0x146AECDF0	0x146AECF95		0x14807EAF8	"146aecf95:	f3 0f 59 0d 5b 1b 59 	mulss  xmm1,DWORD PTR [rip+0x1591b5b]        # 0x14807eaf8"
receive_materializer	0x146AECDF0	0x146AECF9F		0x147EFA35C	"146aecf9f:	f3 0f 10 05 b5 d3 40 	movss  xmm0,DWORD PTR [rip+0x140d3b5]        # 0x147efa35c"
receive_materializer	0x146AECDF0	0x146AED00B	0x147AA6610		"146aed00b:	e8 00 96 fb 00       	call   0x147aa6610"
receive_materializer	0x146AECDF0	0x146AED02A	0x147AA6610		"146aed02a:	e8 e1 95 fb 00       	call   0x147aa6610"
receive_materializer	0x146AECDF0	0x146AED06E	0x146A95D90		"146aed06e:	e8 1d 8d fa ff       	call   0x146a95d90"
receive_materializer	0x146AECDF0	0x146AED090	0x140870C50		"146aed090:	e8 bb 3b d8 f9       	call   0x140870c50"
receive_materializer	0x146AECDF0	0x146AED0DE	0x146AAD4B0		"146aed0de:	e8 cd 03 fc ff       	call   0x146aad4b0"
receive_materializer	0x146AECDF0	0x146AED181		0x147ECAE68	"146aed181:	ff 15 e1 dc 3d 01    	call   QWORD PTR [rip+0x13ddce1]        # 0x147ecae68"
receive_materializer	0x146AECDF0	0x146AED18B	0x147AA664C		"146aed18b:	e8 bc 94 fb 00       	call   0x147aa664c"
receive_materializer	0x146AECDF0	0x146AED1D3	0x146B134B0		"146aed1d3:	e8 d8 62 02 00       	call   0x146b134b0"
receive_materializer	0x146AECDF0	0x146AED255		0x147ECAE68	"146aed255:	ff 15 0d dc 3d 01    	call   QWORD PTR [rip+0x13ddc0d]        # 0x147ecae68"
receive_materializer	0x146AECDF0	0x146AED25F	0x147AA664C		"146aed25f:	e8 e8 93 fb 00       	call   0x147aa664c"
receive_materializer	0x146AECDF0	0x146AED27A		0x147EC9358	"146aed27a:	ff 15 d8 c0 3d 01    	call   QWORD PTR [rip+0x13dc0d8]        # 0x147ec9358"
receive_materializer	0x146AECDF0	0x146AED295	0x140877E60		"146aed295:	e8 c6 ab d8 f9       	call   0x140877e60"
receive_materializer	0x146AECDF0	0x146AED2A1	0x146ABA5D0		"146aed2a1:	e8 2a d3 fc ff       	call   0x146aba5d0"
receive_materializer	0x146AECDF0	0x146AED2AB	0x140877E60		"146aed2ab:	e8 b0 ab d8 f9       	call   0x140877e60"
receive_materializer	0x146AECDF0	0x146AED2BB	0x140871EB0		"146aed2bb:	e8 f0 4b d8 f9       	call   0x140871eb0"
receive_materializer	0x146AECDF0	0x146AED2CD	0x140C9F410		"146aed2cd:	e8 3e 21 1b fa       	call   0x140c9f410"
receive_materializer	0x146AECDF0	0x146AED2F9	0x140C9F410		"146aed2f9:	e8 12 21 1b fa       	call   0x140c9f410"
receive_materializer	0x146AECDF0	0x146AED311	0x140C9F410		"146aed311:	e8 fa 20 1b fa       	call   0x140c9f410"
receive_materializer	0x146AECDF0	0x146AED325	0x146B034C0		"146aed325:	e8 96 61 01 00       	call   0x146b034c0"
receive_materializer	0x146AECDF0	0x146AED33E	0x146A7FE90		"146aed33e:	e8 4d 2b f9 ff       	call   0x146a7fe90"
receive_materializer	0x146AECDF0	0x146AED353	0x146A7FE90		"146aed353:	e8 38 2b f9 ff       	call   0x146a7fe90"
receive_materializer	0x146AECDF0	0x146AED38D	0x141159D00		"146aed38d:	e8 6e c9 66 fa       	call   0x141159d00"
receive_materializer	0x146AECDF0	0x146AED3A9	0x146AAD4B0		"146aed3a9:	e8 02 01 fc ff       	call   0x146aad4b0"
receive_materializer	0x146AECDF0	0x146AED3D3	0x146AA0D90		"146aed3d3:	e8 b8 39 fb ff       	call   0x146aa0d90"
receive_materializer	0x146AECDF0	0x146AED3FD	0x1402C4100		"146aed3fd:	e8 fe 6c 7d f9       	call   0x1402c4100"
receive_materializer	0x146AECDF0	0x146AED403	0x1402C4220		"146aed403:	e8 18 6e 7d f9       	call   0x1402c4220"
deserialize_wrapper	0x146ABA5D0	0x146ABA62F	0x146AAD4B0		"146aba62f:	e8 7c 2e ff ff       	call   0x146aad4b0"
deserialize_wrapper	0x146ABA5D0	0x146ABA63D	0x146B085D0		"146aba63d:	e8 8e df 04 00       	call   0x146b085d0"
deserialize_wrapper	0x146ABA5D0	0x146ABA658	0x146AAD4B0		"146aba658:	e8 53 2e ff ff       	call   0x146aad4b0"
deserialize_wrapper	0x146ABA5D0	0x146ABA66B	0x146AAD4B0		"146aba66b:	e8 40 2e ff ff       	call   0x146aad4b0"
deserialize_wrapper	0x146ABA5D0	0x146ABA680		0x14A56E51C	"146aba680:	80 3d 95 3e ab 03 00 	cmp    BYTE PTR [rip+0x3ab3e95],0x0        # 0x14a56e51c"
deserialize_wrapper	0x146ABA5D0	0x146ABA68D	0x14615E0C0		"146aba68d:	e8 2e 3a 6a ff       	call   0x14615e0c0"
deserialize_wrapper	0x146ABA5D0	0x146ABA695		0x14A829D10	"146aba695:	8b 15 75 f6 d6 03    	mov    edx,DWORD PTR [rip+0x3d6f675]        # 0x14a829d10"
deserialize_wrapper	0x146ABA5D0	0x146ABA6B5	0x1407EB290		"146aba6b5:	e8 d6 0b d3 f9       	call   0x1407eb290"
deserialize_wrapper	0x146ABA5D0	0x146ABA6CA		0x147F496C8	"146aba6ca:	4c 8d 2d f7 ef 48 01 	lea    r13,[rip+0x148eff7]        # 0x147f496c8"
deserialize_wrapper	0x146ABA5D0	0x146ABA6E3		0x14A56BD78	"146aba6e3:	48 8d 15 8e 16 ab 03 	lea    rdx,[rip+0x3ab168e]        # 0x14a56bd78"
deserialize_wrapper	0x146ABA5D0	0x146ABA6ED	0x146161960		"146aba6ed:	e8 6e 72 6a ff       	call   0x146161960"
deserialize_wrapper	0x146ABA5D0	0x146ABA6FD	0x146165FF0		"146aba6fd:	e8 ee b8 6a ff       	call   0x146165ff0"
deserialize_wrapper	0x146ABA5D0	0x146ABA70A	0x147AA61C1		"146aba70a:	e8 b2 ba fe 00       	call   0x147aa61c1"
deserialize_wrapper	0x146ABA5D0	0x146ABA71C		0x14A56BD78	"146aba71c:	0f 10 05 55 16 ab 03 	movups xmm0,XMMWORD PTR [rip+0x3ab1655]        # 0x14a56bd78"
deserialize_wrapper	0x146ABA5D0	0x146ABA72B	0x1461AAB40		"146aba72b:	e8 10 04 6f ff       	call   0x1461aab40"
deserialize_wrapper	0x146ABA5D0	0x146ABA738		0x148585960	"146aba738:	48 8d 15 21 b2 ac 01 	lea    rdx,[rip+0x1acb221]        # 0x148585960"
deserialize_wrapper	0x146ABA5D0	0x146ABA742	0x1402B6E60		"146aba742:	e8 19 c7 7f f9       	call   0x1402b6e60"
deserialize_wrapper	0x146ABA5D0	0x146ABA74D	0x146AA3EE0		"146aba74d:	e8 8e 97 fe ff       	call   0x146aa3ee0"
deserialize_wrapper	0x146ABA5D0	0x146ABA77F	0x1461AE980		"146aba77f:	e8 fc 41 6f ff       	call   0x1461ae980"
deserialize_wrapper	0x146ABA5D0	0x146ABA797	0x146163DB0		"146aba797:	e8 14 96 6a ff       	call   0x146163db0"
deserialize_wrapper	0x146ABA5D0	0x146ABA7AB		0x14A56E51C	"146aba7ab:	c6 05 6a 3d ab 03 01 	mov    BYTE PTR [rip+0x3ab3d6a],0x1        # 0x14a56e51c"
deserialize_wrapper	0x146ABA5D0	0x146ABA7B2	0x14615E0C0		"146aba7b2:	e8 09 39 6a ff       	call   0x14615e0c0"
deserialize_wrapper	0x146ABA5D0	0x146ABA7BA		0x14A829D10	"146aba7ba:	8b 15 50 f5 d6 03    	mov    edx,DWORD PTR [rip+0x3d6f550]        # 0x14a829d10"
deserialize_wrapper	0x146ABA5D0	0x146ABA7DA	0x1407EB290		"146aba7da:	e8 b1 0a d3 f9       	call   0x1407eb290"
deserialize_wrapper	0x146ABA5D0	0x146ABA7EF		0x147F496C8	"146aba7ef:	4c 8d 2d d2 ee 48 01 	lea    r13,[rip+0x148eed2]        # 0x147f496c8"
deserialize_wrapper	0x146ABA5D0	0x146ABA808		0x14A56BD78	"146aba808:	48 8d 15 69 15 ab 03 	lea    rdx,[rip+0x3ab1569]        # 0x14a56bd78"
deserialize_wrapper	0x146ABA5D0	0x146ABA812	0x146161960		"146aba812:	e8 49 71 6a ff       	call   0x146161960"
deserialize_wrapper	0x146ABA5D0	0x146ABA822	0x146165FF0		"146aba822:	e8 c9 b7 6a ff       	call   0x146165ff0"
deserialize_wrapper	0x146ABA5D0	0x146ABA82F	0x147AA61C1		"146aba82f:	e8 8d b9 fe 00       	call   0x147aa61c1"
deserialize_wrapper	0x146ABA5D0	0x146ABA841		0x14A56BD78	"146aba841:	0f 10 05 30 15 ab 03 	movups xmm0,XMMWORD PTR [rip+0x3ab1530]        # 0x14a56bd78"
deserialize_wrapper	0x146ABA5D0	0x146ABA850	0x1461AAB40		"146aba850:	e8 eb 02 6f ff       	call   0x1461aab40"
deserialize_wrapper	0x146ABA5D0	0x146ABA85D		0x148585960	"146aba85d:	48 8d 15 fc b0 ac 01 	lea    rdx,[rip+0x1acb0fc]        # 0x148585960"
deserialize_wrapper	0x146ABA5D0	0x146ABA867	0x1402B6E60		"146aba867:	e8 f4 c5 7f f9       	call   0x1402b6e60"
deserialize_wrapper	0x146ABA5D0	0x146ABA87A	0x146AA3EE0		"146aba87a:	e8 61 96 fe ff       	call   0x146aa3ee0"
deserialize_wrapper	0x146ABA5D0	0x146ABA882		0x147EFA228	"146aba882:	48 8d 15 9f f9 43 01 	lea    rdx,[rip+0x143f99f]        # 0x147efa228"
deserialize_wrapper	0x146ABA5D0	0x146ABA889	0x1402B6E60		"146aba889:	e8 d2 c5 7f f9       	call   0x1402b6e60"
deserialize_wrapper	0x146ABA5D0	0x146ABA895	0x140871D70		"146aba895:	e8 d6 74 db f9       	call   0x140871d70"
deserialize_wrapper	0x146ABA5D0	0x146ABA8BF	0x1461AE980		"146aba8bf:	e8 bc 40 6f ff       	call   0x1461ae980"
deserialize_wrapper	0x146ABA5D0	0x146ABA8D7	0x146163DB0		"146aba8d7:	e8 d4 94 6a ff       	call   0x146163db0"
deserialize_wrapper	0x146ABA5D0	0x146ABA8FC	0x147AA6B60		"146aba8fc:	e8 5f c2 fe 00       	call   0x147aa6b60"
deserialize_wrapper	0x146ABA5D0	0x146ABA90D	0x146A95E60		"146aba90d:	e8 4e b5 fd ff       	call   0x146a95e60"
deserialize_wrapper	0x146ABA5D0	0x146ABA919	0x146AA38A0		"146aba919:	e8 82 8f fe ff       	call   0x146aa38a0"
deserialize_wrapper	0x146ABA5D0	0x146ABA965	0x1461AA5B0		"146aba965:	e8 46 fc 6e ff       	call   0x1461aa5b0"
deserialize_wrapper	0x146ABA5D0	0x146ABA971	0x140877E60		"146aba971:	e8 ea d4 db f9       	call   0x140877e60"
deserialize_wrapper	0x146ABA5D0	0x146ABA97C	0x1461AA730		"146aba97c:	e8 af fd 6e ff       	call   0x1461aa730"
outer_materializer	0x146B085D0	0x146B085F9		0x14A2E36B8	"146b085f9:	48 8b 05 b8 b0 7d 03 	mov    rax,QWORD PTR [rip+0x37db0b8]        # 0x14a2e36b8"
outer_materializer	0x146B085D0	0x146B08605		0x147F02138	"146b08605:	48 8d 0d 2c 9b 3f 01 	lea    rcx,[rip+0x13f9b2c]        # 0x147f02138"
outer_materializer	0x146B085D0	0x146B0860C	0x1413F94B0		"146b0860c:	e8 9f 0e 8f fa       	call   0x1413f94b0"
outer_materializer	0x146B085D0	0x146B08617	0x141414A20		"146b08617:	e8 04 c4 90 fa       	call   0x141414a20"
outer_materializer	0x146B085D0	0x146B0862F	0x1402B2680		"146b0862f:	e8 4c a0 7a f9       	call   0x1402b2680"
outer_materializer	0x146B085D0	0x146B08637		0x14A2E3794	"146b08637:	ff 05 57 b1 7d 03    	inc    DWORD PTR [rip+0x37db157]        # 0x14a2e3794"
outer_materializer	0x146B085D0	0x146B08654		0x14A2E36B8	"146b08654:	48 8b 05 5d b0 7d 03 	mov    rax,QWORD PTR [rip+0x37db05d]        # 0x14a2e36b8"
outer_materializer	0x146B085D0	0x146B0865F		0x14A2E36B8	"146b0865f:	48 89 35 52 b0 7d 03 	mov    QWORD PTR [rip+0x37db052],rsi        # 0x14a2e36b8"
outer_materializer	0x146B085D0	0x146B0866A	0x14055AF90		"146b0866a:	e8 21 29 a5 f9       	call   0x14055af90"
outer_materializer	0x146B085D0	0x146B08670		0x14A2E36B8	"146b08670:	48 8b 05 41 b0 7d 03 	mov    rax,QWORD PTR [rip+0x37db041]        # 0x14a2e36b8"
outer_materializer	0x146B085D0	0x146B0869C	0x14137E220		"146b0869c:	e8 7f 5b 87 fa       	call   0x14137e220"
outer_materializer	0x146B085D0	0x146B086AD	0x146154030		"146b086ad:	e8 7e b9 64 ff       	call   0x146154030"
outer_materializer	0x146B085D0	0x146B086C4	0x140879580		"146b086c4:	e8 b7 0e d7 f9       	call   0x140879580"
outer_materializer	0x146B085D0	0x146B086DA	0x140870BC0		"146b086da:	e8 e1 84 d6 f9       	call   0x140870bc0"
outer_materializer	0x146B085D0	0x146B086F2	0x1461AC8D0		"146b086f2:	e8 d9 41 6a ff       	call   0x1461ac8d0"
outer_materializer	0x146B085D0	0x146B08701	0x140876B20		"146b08701:	e8 1a e4 d6 f9       	call   0x140876b20"
outer_materializer	0x146B085D0	0x146B0870D	0x14046DC80		"146b0870d:	e8 6e 55 96 f9       	call   0x14046dc80"
outer_materializer	0x146B085D0	0x146B08724	0x1406D8F80		"146b08724:	e8 57 08 bd f9       	call   0x1406d8f80"
outer_materializer	0x146B085D0	0x146B08732	0x1406D8F80		"146b08732:	e8 49 08 bd f9       	call   0x1406d8f80"
outer_materializer	0x146B085D0	0x146B08743	0x1406D97B0		"146b08743:	e8 68 10 bd f9       	call   0x1406d97b0"
outer_materializer	0x146B085D0	0x146B08757		0x147FA803C	"146b08757:	48 8d 35 de f8 49 01 	lea    rsi,[rip+0x149f8de]        # 0x147fa803c"
outer_materializer	0x146B085D0	0x146B0875E		0x148585F08	"146b0875e:	48 8d 05 a3 d7 a7 01 	lea    rax,[rip+0x1a7d7a3]        # 0x148585f08"
outer_materializer	0x146B085D0	0x146B08775	0x140873220		"146b08775:	e8 a6 aa d6 f9       	call   0x140873220"
outer_materializer	0x146B085D0	0x146B0877D		0x148585EF0	"146b0877d:	48 8d 05 6c d7 a7 01 	lea    rax,[rip+0x1a7d76c]        # 0x148585ef0"
outer_materializer	0x146B085D0	0x146B08788		0x148585F00	"146b08788:	48 8d 05 71 d7 a7 01 	lea    rax,[rip+0x1a7d771]        # 0x148585f00"
outer_materializer	0x146B085D0	0x146B0879C	0x14615E0C0		"146b0879c:	e8 1f 59 65 ff       	call   0x14615e0c0"
outer_materializer	0x146B085D0	0x146B087A4		0x14A829D10	"146b087a4:	8b 15 66 15 d2 03    	mov    edx,DWORD PTR [rip+0x3d21566]        # 0x14a829d10"
outer_materializer	0x146B085D0	0x146B087C6	0x1407EB290		"146b087c6:	e8 c5 2a ce f9       	call   0x1407eb290"
outer_materializer	0x146B085D0	0x146B087DB		0x147F496C8	"146b087db:	48 8d 15 e6 0e 44 01 	lea    rdx,[rip+0x1440ee6]        # 0x147f496c8"
outer_materializer	0x146B085D0	0x146B087FC	0x146161960		"146b087fc:	e8 5f 91 65 ff       	call   0x146161960"
outer_materializer	0x146B085D0	0x146B0880C	0x146165FF0		"146b0880c:	e8 df d7 65 ff       	call   0x146165ff0"
outer_materializer	0x146B085D0	0x146B08819	0x147AA61C1		"146b08819:	e8 a3 d9 f9 00       	call   0x147aa61c1"
outer_materializer	0x146B085D0	0x146B08834	0x1461AAB40		"146b08834:	e8 07 23 6a ff       	call   0x1461aab40"
outer_materializer	0x146B085D0	0x146B08840		0x148585F20	"146b08840:	48 8d 15 d9 d6 a7 01 	lea    rdx,[rip+0x1a7d6d9]        # 0x148585f20"
outer_materializer	0x146B085D0	0x146B0884A	0x1402B6E60		"146b0884a:	e8 11 e6 7a f9       	call   0x1402b6e60"
outer_materializer	0x146B085D0	0x146B08852		0x148041D88	"146b08852:	48 8d 15 2f 95 53 01 	lea    rdx,[rip+0x153952f]        # 0x148041d88"
outer_materializer	0x146B085D0	0x146B0885C	0x1461ADF80		"146b0885c:	e8 1f 57 6a ff       	call   0x1461adf80"
outer_materializer	0x146B085D0	0x146B08864		0x148585F10	"146b08864:	48 8d 15 a5 d6 a7 01 	lea    rdx,[rip+0x1a7d6a5]        # 0x148585f10"
outer_materializer	0x146B085D0	0x146B0886E	0x146145F20		"146b0886e:	e8 ad d6 63 ff       	call   0x146145f20"
outer_materializer	0x146B085D0	0x146B0887D	0x146A66810		"146b0887d:	e8 8e df f5 ff       	call   0x146a66810"
outer_materializer	0x146B085D0	0x146B088AE	0x1461AE980		"146b088ae:	e8 cd 60 6a ff       	call   0x1461ae980"
outer_materializer	0x146B085D0	0x146B088C4	0x146163DB0		"146b088c4:	e8 e7 b4 65 ff       	call   0x146163db0"
outer_materializer	0x146B085D0	0x146B088CA		0x147F496C8	"146b088ca:	48 8d 05 f7 0d 44 01 	lea    rax,[rip+0x1440df7]        # 0x147f496c8"
outer_materializer	0x146B085D0	0x146B088E5	0x147AA6B60		"146b088e5:	e8 76 e2 f9 00       	call   0x147aa6b60"
outer_materializer	0x146B085D0	0x146B08905	0x146AAD4B0		"146b08905:	e8 a6 4b fa ff       	call   0x146aad4b0"
typed_materializer	0x1461AC8D0	0x1461AC900	0x140873230		"1461ac900:	e8 2b 69 6c fa       	call   0x140873230"
typed_materializer	0x1461AC8D0	0x1461AC915	0x1461455F0		"1461ac915:	e8 d6 8c f9 ff       	call   0x1461455f0"
typed_materializer	0x1461AC8D0	0x1461AC94C	0x1461454D0		"1461ac94c:	e8 7f 8b f9 ff       	call   0x1461454d0"
typed_materializer	0x1461AC8D0	0x1461AC95D	0x140873230		"1461ac95d:	e8 ce 68 6c fa       	call   0x140873230"
typed_materializer	0x1461AC8D0	0x1461AC96C		0x14057143C	"1461ac96c:	48 8d 05 c9 4a 3c fa 	lea    rax,[rip+0xfffffffffa3c4ac9]        # 0x14057143c"
typed_materializer	0x1461AC8D0	0x1461AC997	0x14156D3A0		"1461ac997:	e8 04 0a 3c fb       	call   0x14156d3a0"
typed_materializer	0x1461AC8D0	0x1461AC9A3	0x140870BC0		"1461ac9a3:	e8 18 42 6c fa       	call   0x140870bc0"
typed_materializer	0x1461AC8D0	0x1461AC9B1	0x140870BC0		"1461ac9b1:	e8 0a 42 6c fa       	call   0x140870bc0"
typed_materializer	0x1461AC8D0	0x1461AC9C0	0x140870BC0		"1461ac9c0:	e8 fb 41 6c fa       	call   0x140870bc0"
typed_materializer	0x1461AC8D0	0x1461AC9CE	0x140870BC0		"1461ac9ce:	e8 ed 41 6c fa       	call   0x140870bc0"
typed_materializer	0x1461AC8D0	0x1461AC9EA	0x140870BC0		"1461ac9ea:	e8 d1 41 6c fa       	call   0x140870bc0"
typed_materializer	0x1461AC8D0	0x1461AC9F7	0x140870BC0		"1461ac9f7:	e8 c4 41 6c fa       	call   0x140870bc0"
typed_materializer	0x1461AC8D0	0x1461ACA04	0x140870BC0		"1461aca04:	e8 b7 41 6c fa       	call   0x140870bc0"
typed_materializer	0x1461AC8D0	0x1461ACA0D	0x140799EC0		"1461aca0d:	e8 ae d4 5e fa       	call   0x140799ec0"
typed_materializer	0x1461AC8D0	0x1461ACA1E	0x140870BC0		"1461aca1e:	e8 9d 41 6c fa       	call   0x140870bc0"
typed_materializer	0x1461AC8D0	0x1461ACA2B	0x140870BC0		"1461aca2b:	e8 90 41 6c fa       	call   0x140870bc0"
typed_materializer	0x1461AC8D0	0x1461ACA30		0x149F40198	"1461aca30:	48 8d 05 61 37 d9 03 	lea    rax,[rip+0x3d93761]        # 0x149f40198"
typed_materializer	0x1461AC8D0	0x1461ACA41		0x1484D6010	"1461aca41:	4c 8d 25 c8 95 32 02 	lea    r12,[rip+0x23295c8]        # 0x1484d6010"
typed_materializer	0x1461AC8D0	0x1461ACA50		0x1484D6020	"1461aca50:	48 8d 05 c9 95 32 02 	lea    rax,[rip+0x23295c9]        # 0x1484d6020"
typed_materializer	0x1461AC8D0	0x1461ACA63	0x146162360		"1461aca63:	e8 f8 58 fb ff       	call   0x146162360"
typed_materializer	0x1461AC8D0	0x1461ACAB4	0x1417B2430		"1461acab4:	e8 77 59 60 fb       	call   0x1417b2430"
typed_materializer	0x1461AC8D0	0x1461ACAC4		0x1484D6030	"1461acac4:	48 8d 05 65 95 32 02 	lea    rax,[rip+0x2329565]        # 0x1484d6030"
typed_materializer	0x1461AC8D0	0x1461ACADA		0x14800D190	"1461acada:	48 8d 05 af 06 e6 01 	lea    rax,[rip+0x1e606af]        # 0x14800d190"
typed_materializer	0x1461AC8D0	0x1461ACAE6		0x14800D19F	"1461acae6:	48 8d 05 b2 06 e6 01 	lea    rax,[rip+0x1e606b2]        # 0x14800d19f"
typed_materializer	0x1461AC8D0	0x1461ACAFD	0x146162510		"1461acafd:	e8 0e 5a fb ff       	call   0x146162510"
typed_materializer	0x1461AC8D0	0x1461ACB05		0x14A829D10	"1461acb05:	8b 0d 05 d2 67 04    	mov    ecx,DWORD PTR [rip+0x467d205]        # 0x14a829d10"
typed_materializer	0x1461AC8D0	0x1461ACB27	0x1407EB290		"1461acb27:	e8 64 e7 63 fa       	call   0x1407eb290"
typed_materializer	0x1461AC8D0	0x1461ACB38		0x147F496C8	"1461acb38:	4c 8d 3d 89 cb d9 01 	lea    r15,[rip+0x1d9cb89]        # 0x147f496c8"
typed_materializer	0x1461AC8D0	0x1461ACB57	0x146161960		"1461acb57:	e8 04 4e fb ff       	call   0x146161960"
typed_materializer	0x1461AC8D0	0x1461ACB66		0x1484D6040	"1461acb66:	4c 8d 0d d3 94 32 02 	lea    r9,[rip+0x23294d3]        # 0x1484d6040"
typed_materializer	0x1461AC8D0	0x1461ACB7A	0x1461462D0		"1461acb7a:	e8 51 97 f9 ff       	call   0x1461462d0"
typed_materializer	0x1461AC8D0	0x1461ACB93	0x147AA6B60		"1461acb93:	e8 c8 9f 8f 01       	call   0x147aa6b60"
typed_materializer	0x1461AC8D0	0x1461ACBB4	0x146162360		"1461acbb4:	e8 a7 57 fb ff       	call   0x146162360"
typed_materializer	0x1461AC8D0	0x1461ACBD5	0x146165A00		"1461acbd5:	e8 26 8e fb ff       	call   0x146165a00"
typed_materializer	0x1461AC8D0	0x1461ACBDA	0x14105E730		"1461acbda:	e8 51 1b eb fa       	call   0x14105e730"
typed_materializer	0x1461AC8D0	0x1461ACBF9		0x14057146C	"1461acbf9:	48 8d 05 6c 48 3c fa 	lea    rax,[rip+0xfffffffffa3c486c]        # 0x14057146c"
typed_materializer	0x1461AC8D0	0x1461ACC1E	0x14613B5F0		"1461acc1e:	e8 cd e9 f8 ff       	call   0x14613b5f0"
typed_materializer	0x1461AC8D0	0x1461ACC31	0x146162360		"1461acc31:	e8 2a 57 fb ff       	call   0x146162360"
typed_object_core	0x1417B2430	0x1417B2452	0x140873230		"1417b2452:	e8 d9 0d 0c ff       	call   0x140873230"
typed_object_core	0x1417B2430	0x1417B247D	0x140878610		"1417b247d:	e8 8e 61 0c ff       	call   0x140878610"
typed_object_core	0x1417B2430	0x1417B24C9	0x140873230		"1417b24c9:	e8 62 0d 0c ff       	call   0x140873230"
typed_object_core	0x1417B2430	0x1417B24D9		0x140571444	"1417b24d9:	48 8d 05 64 ef db fe 	lea    rax,[rip+0xfffffffffedbef64]        # 0x140571444"
typed_object_core	0x1417B2430	0x1417B2505	0x14156D3A0		"1417b2505:	e8 96 ae db ff       	call   0x14156d3a0"
typed_object_core	0x1417B2430	0x1417B252E	0x1461AD130		"1417b252e:	e8 fd ab 9f 04       	call   0x1461ad130"
typed_object_core	0x1417B2430	0x1417B254F	0x1406D97D0		"1417b254f:	e8 7c 72 f2 fe       	call   0x1406d97d0"
typed_object_core	0x1417B2430	0x1417B25C1	0x147AA6610		"1417b25c1:	e8 4a 40 2f 06       	call   0x147aa6610"
typed_object_core	0x1417B2430	0x1417B25E4		0x14804CA60	"1417b25e4:	48 8d 0d 75 a4 89 06 	lea    rcx,[rip+0x689a475]        # 0x14804ca60"
identity_wrapper	0x1461AD130	0x1461AD146	0x146162150		"1461ad146:	e8 05 50 fb ff       	call   0x146162150"
identity_wrapper	0x1461AD130	0x1461AD151	0x140873230		"1461ad151:	e8 da 60 6c fa       	call   0x140873230"
identity_wrapper	0x1461AD130	0x1461AD159	0x1407F7D80		"1461ad159:	e8 22 ac 64 fa       	call   0x1407f7d80"
identity_wrapper	0x1461AD130	0x1461AD173	0x1461ACFE0		"1461ad173:	e8 68 fe ff ff       	call   0x1461acfe0"
identity_wrapper	0x1461AD130	0x1461AD1A3		0x14A829D10	"1461ad1a3:	8b 0d 67 cb 67 04    	mov    ecx,DWORD PTR [rip+0x467cb67]        # 0x14a829d10"
identity_decoder	0x1461ACFE0	0x1461AD00A	0x14087B5C0		"1461ad00a:	e8 b1 e5 6c fa       	call   0x14087b5c0"
identity_decoder	0x1461ACFE0	0x1461AD025	0x146162150		"1461ad025:	e8 26 51 fb ff       	call   0x146162150"
identity_decoder	0x1461ACFE0	0x1461AD088		0x1484D5AA8	"1461ad088:	48 8d 15 19 8a 32 02 	lea    rdx,[rip+0x2328a19]        # 0x1484d5aa8"
identity_decoder	0x1461ACFE0	0x1461AD094		0x14A435948	"1461ad094:	48 8d 0d ad 88 28 04 	lea    rcx,[rip+0x42888ad]        # 0x14a435948"
identity_decoder	0x1461ACFE0	0x1461AD09B		0x147F326FC	"1461ad09b:	48 8d 05 5a 56 d8 01 	lea    rax,[rip+0x1d8565a]        # 0x147f326fc"
identity_decoder	0x1461ACFE0	0x1461AD0B1		0x1480861AC	"1461ad0b1:	48 8d 05 f4 90 ed 01 	lea    rax,[rip+0x1ed90f4]        # 0x1480861ac"
identity_decoder	0x1461ACFE0	0x1461AD0C7	0x146140790		"1461ad0c7:	e8 c4 36 f9 ff       	call   0x146140790"
identity_decoder	0x1461ACFE0	0x1461AD0FA	0x140878610		"1461ad0fa:	e8 11 b5 6c fa       	call   0x140878610"
registry_accessor	0x146162150	0x14616215E		0x14A435930	"14616215e:	48 8b 05 cb 37 2d 04 	mov    rax,QWORD PTR [rip+0x42d37cb]        # 0x14a435930"
registry_accessor	0x146162150	0x14616216E		0x1484D5A58	"14616216e:	48 8d 0d e3 38 37 02 	lea    rcx,[rip+0x23738e3]        # 0x1484d5a58"
registry_accessor	0x146162150	0x146162175	0x1413F94B0		"146162175:	e8 36 73 29 fb       	call   0x1413f94b0"
registry_accessor	0x146162150	0x1461621A0	0x1413784E0		"1461621a0:	e8 3b 63 21 fb       	call   0x1413784e0"
registry_accessor	0x146162150	0x1461621B2	0x141401230		"1461621b2:	e8 79 f0 29 fb       	call   0x141401230"
registry_accessor	0x146162150	0x1461621BA	0x14140A270		"1461621ba:	e8 b1 80 2a fb       	call   0x14140a270"
registry_accessor	0x146162150	0x1461621F7	0x1402B2680		"1461621f7:	e8 84 04 15 fa       	call   0x1402b2680"
registry_accessor	0x146162150	0x146162207	0x146154ED0		"146162207:	e8 c4 2c ff ff       	call   0x146154ed0"
registry_accessor	0x146162150	0x146162210	0x14140BFD0		"146162210:	e8 bb 9d 2a fb       	call   0x14140bfd0"
registry_accessor	0x146162150	0x146162238		0x147EC9358	"146162238:	ff 15 1a 71 d6 01    	call   QWORD PTR [rip+0x1d6711a]        # 0x147ec9358"
registry_accessor	0x146162150	0x146162247	0x1402B2680		"146162247:	e8 34 04 15 fa       	call   0x1402b2680"
registry_accessor	0x146162150	0x14616224F		0x14A54AD8C	"14616224f:	ff 05 37 8b 3e 04    	inc    DWORD PTR [rip+0x43e8b37]        # 0x14a54ad8c"
registry_accessor	0x146162150	0x146162264		0x14A435930	"146162264:	48 8b 05 c5 36 2d 04 	mov    rax,QWORD PTR [rip+0x42d36c5]        # 0x14a435930"
registry_accessor	0x146162150	0x146162270		0x14A435930	"146162270:	48 89 3d b9 36 2d 04 	mov    QWORD PTR [rip+0x42d36b9],rdi        # 0x14a435930"
registry_accessor	0x146162150	0x14616227C	0x146155880		"14616227c:	e8 ff 35 ff ff       	call   0x146155880"
registry_accessor	0x146162150	0x146162286	0x146155880		"146162286:	e8 f5 35 ff ff       	call   0x146155880"
registry_accessor	0x146162150	0x14616228B		0x14A435930	"14616228b:	48 8b 05 9e 36 2d 04 	mov    rax,QWORD PTR [rip+0x42d369e]        # 0x14a435930"
gcw_driver	0x14644A070	0x14644A099		0x147EF8AC0	"14644a099:	4c 8d 3d 20 ea aa 01 	lea    r15,[rip+0x1aaea20]        # 0x147ef8ac0"
gcw_driver	0x14644A070	0x14644A0AB		0x140000000	"14644a0ab:	48 8d 35 4e 5f bb f9 	lea    rsi,[rip+0xfffffffff9bb5f4e]        # 0x140000000"
gcw_driver	0x14644A070	0x14644A0C2		0x140571444	"14644a0c2:	48 8d 05 7b 73 12 fa 	lea    rax,[rip+0xfffffffffa12737b]        # 0x140571444"
gcw_driver	0x14644A070	0x14644A0E2	0x1463E4000		"14644a0e2:	e8 19 9f f9 ff       	call   0x1463e4000"
gcw_driver	0x14644A070	0x14644A0ED		0x1484FE440	"14644a0ed:	48 8d 15 4c 43 0b 02 	lea    rdx,[rip+0x20b434c]        # 0x1484fe440"
gcw_driver	0x14644A070	0x14644A101	0x146466650		"14644a101:	e8 4a c5 01 00       	call   0x146466650"
gcw_driver	0x14644A070	0x14644A10F		0x140571484	"14644a10f:	48 8d 05 6e 73 12 fa 	lea    rax,[rip+0xfffffffffa12736e]        # 0x140571484"
gcw_driver	0x14644A070	0x14644A12F	0x1463E4000		"14644a12f:	e8 cc 9e f9 ff       	call   0x1463e4000"
gcw_driver	0x14644A070	0x14644A151		0x1484FC8F0	"14644a151:	48 8d 0d 98 27 0b 02 	lea    rcx,[rip+0x20b2798]        # 0x1484fc8f0"
gcw_driver	0x14644A070	0x14644A15E		0x1484FE500	"14644a15e:	48 8d 15 9b 43 0b 02 	lea    rdx,[rip+0x20b439b]        # 0x1484fe500"
gcw_driver	0x14644A070	0x14644A165	0x14143E010		"14644a165:	e8 a6 3e ff fa       	call   0x14143e010"
gcw_driver	0x14644A070	0x14644A19A	0x146460240		"14644a19a:	e8 a1 60 01 00       	call   0x146460240"
gcw_driver	0x14644A070	0x14644A1BB	0x14149CA40		"14644a1bb:	e8 80 28 05 fb       	call   0x14149ca40"
gcw_driver	0x14644A070	0x14644A1C6		0x1484FE478	"14644a1c6:	48 8d 15 ab 42 0b 02 	lea    rdx,[rip+0x20b42ab]        # 0x1484fe478"
gcw_driver	0x14644A070	0x14644A1CF		0x1484FE4B0	"14644a1cf:	48 8d 15 da 42 0b 02 	lea    rdx,[rip+0x20b42da]        # 0x1484fe4b0"
gcw_driver	0x14644A070	0x14644A1D6		0x1484FC8F0	"14644a1d6:	48 8d 0d 13 27 0b 02 	lea    rcx,[rip+0x20b2713]        # 0x1484fc8f0"
gcw_driver	0x14644A070	0x14644A1DD	0x14143E010		"14644a1dd:	e8 2e 3e ff fa       	call   0x14143e010"
gcw_driver	0x14644A070	0x14644A1E2		0x1484FC8F0	"14644a1e2:	48 8d 0d 07 27 0b 02 	lea    rcx,[rip+0x20b2707]        # 0x1484fc8f0"
gcw_driver	0x14644A070	0x14644A1F0		0x1484FE808	"14644a1f0:	48 8d 15 11 46 0b 02 	lea    rdx,[rip+0x20b4611]        # 0x1484fe808"
gcw_driver	0x14644A070	0x14644A1FF		0x1484FEF78	"14644a1ff:	4c 8d 0d 72 4d 0b 02 	lea    r9,[rip+0x20b4d72]        # 0x1484fef78"
gcw_driver	0x14644A070	0x14644A206	0x14143E010		"14644a206:	e8 05 3e ff fa       	call   0x14143e010"
gcw_driver	0x14644A070	0x14644A220	0x14645FD70		"14644a220:	e8 4b 5b 01 00       	call   0x14645fd70"
gcw_driver	0x14644A070	0x14644A234		0x1484FEF88	"14644a234:	4c 8d 0d 4d 4d 0b 02 	lea    r9,[rip+0x20b4d4d]        # 0x1484fef88"
gcw_driver	0x14644A070	0x14644A243		0x1484FE808	"14644a243:	48 8d 15 be 45 0b 02 	lea    rdx,[rip+0x20b45be]        # 0x1484fe808"
gcw_driver	0x14644A070	0x14644A24A		0x1484FC8F0	"14644a24a:	48 8d 0d 9f 26 0b 02 	lea    rcx,[rip+0x20b269f]        # 0x1484fc8f0"
gcw_driver	0x14644A070	0x14644A251	0x14143E010		"14644a251:	e8 ba 3d ff fa       	call   0x14143e010"
gcw_driver	0x14644A070	0x14644A267	0x14645FD70		"14644a267:	e8 04 5b 01 00       	call   0x14645fd70"
gcw_driver	0x14644A070	0x14644A27A	0x140877E60		"14644a27a:	e8 e1 db 42 fa       	call   0x140877e60"
gcw_driver	0x14644A070	0x14644A289	0x140870C50		"14644a289:	e8 c2 69 42 fa       	call   0x140870c50"
gcw_driver	0x14644A070	0x14644A292	0x140877E60		"14644a292:	e8 c9 db 42 fa       	call   0x140877e60"
gcw_driver	0x14644A070	0x14644A2A1	0x140870C50		"14644a2a1:	e8 aa 69 42 fa       	call   0x140870c50"
gcw_driver	0x14644A070	0x14644A2D8		0x148502868	"14644a2d8:	48 8d 05 89 85 0b 02 	lea    rax,[rip+0x20b8589]        # 0x148502868"
gcw_driver	0x14644A070	0x14644A2F3	0x146465060		"14644a2f3:	e8 68 ad 01 00       	call   0x146465060"
gcw_driver	0x14644A070	0x14644A30B	0x146459320		"14644a30b:	e8 10 f0 00 00       	call   0x146459320"
gcw_driver	0x14644A070	0x14644A318	0x1464708D0		"14644a318:	e8 b3 65 02 00       	call   0x1464708d0"
gcw_driver	0x14644A070	0x14644A373	0x14640FA00		"14644a373:	e8 88 56 fc ff       	call   0x14640fa00"
gcw_driver	0x14644A070	0x14644A39A	0x146466650		"14644a39a:	e8 b1 c2 01 00       	call   0x146466650"
gcw_driver	0x14644A070	0x14644A3C0	0x146422200		"14644a3c0:	e8 3b 7e fd ff       	call   0x146422200"
gcw_driver	0x14644A070	0x14644A3DC		0x1405717D8	"14644a3dc:	48 8d 05 f5 73 12 fa 	lea    rax,[rip+0xfffffffffa1273f5]        # 0x1405717d8"
gcw_driver	0x14644A070	0x14644A403	0x1463E4550		"14644a403:	e8 48 a1 f9 ff       	call   0x1463e4550"
gcw_driver	0x14644A070	0x14644A40E		0x1405717FC	"14644a40e:	48 8d 05 e7 73 12 fa 	lea    rax,[rip+0xfffffffffa1273e7]        # 0x1405717fc"
gcw_driver	0x14644A070	0x14644A42D	0x144A7ACA0		"14644a42d:	e8 6e 08 63 fe       	call   0x144a7aca0"
gcw_driver	0x14644A070	0x14644A43A	0x146466650		"14644a43a:	e8 11 c2 01 00       	call   0x146466650"
gcw_driver	0x14644A070	0x14644A462	0x14149CA40		"14644a462:	e8 d9 25 05 fb       	call   0x14149ca40"
gcw_driver	0x14644A070	0x14644A486		0x140571808	"14644a486:	48 8d 05 7b 73 12 fa 	lea    rax,[rip+0xfffffffffa12737b]        # 0x140571808"
gcw_driver	0x14644A070	0x14644A4A9	0x140FA4A30		"14644a4a9:	e8 82 a5 b5 fa       	call   0x140fa4a30"
gcw_driver	0x14644A070	0x14644A4B8		0x140571814	"14644a4b8:	48 8d 05 55 73 12 fa 	lea    rax,[rip+0xfffffffffa127355]        # 0x140571814"
gcw_driver	0x14644A070	0x14644A4D7	0x144A7ACA0		"14644a4d7:	e8 c4 07 63 fe       	call   0x144a7aca0"
gcw_driver	0x14644A070	0x14644A4EA	0x146466650		"14644a4ea:	e8 61 c1 01 00       	call   0x146466650"
gcw_driver	0x14644A070	0x14644A4F8		0x1405714A4	"14644a4f8:	48 8d 05 a5 6f 12 fa 	lea    rax,[rip+0xfffffffffa126fa5]        # 0x1405714a4"
gcw_driver	0x14644A070	0x14644A510		0x1484D16B0	"14644a510:	4c 8d 05 99 71 08 02 	lea    r8,[rip+0x2087199]        # 0x1484d16b0"
gcw_driver	0x14644A070	0x14644A51F	0x14033D610		"14644a51f:	e8 ec 30 ef f9       	call   0x14033d610"
gcw_driver	0x14644A070	0x14644A52E	0x146445F30		"14644a52e:	e8 fd b9 ff ff       	call   0x146445f30"
gcw_driver	0x14644A070	0x14644A54F	0x146438900		"14644a54f:	e8 ac e3 fe ff       	call   0x146438900"
gcw_driver	0x14644A070	0x14644A58E	0x14647F720		"14644a58e:	e8 8d 51 03 00       	call   0x14647f720"
gcw_driver	0x14644A070	0x14644A5BA	0x145A8DCE0		"14644a5ba:	e8 21 37 64 ff       	call   0x145a8dce0"
gcw_driver	0x14644A070	0x14644A5D3	0x146466650		"14644a5d3:	e8 78 c0 01 00       	call   0x146466650"
gcw_driver	0x14644A070	0x14644A5E4		0x1484FF018	"14644a5e4:	4c 8d 0d 2d 4a 0b 02 	lea    r9,[rip+0x20b4a2d]        # 0x1484ff018"
gcw_driver	0x14644A070	0x14644A5F3		0x1484FE808	"14644a5f3:	48 8d 15 0e 42 0b 02 	lea    rdx,[rip+0x20b420e]        # 0x1484fe808"
gcw_driver	0x14644A070	0x14644A5FA		0x1484FC8F0	"14644a5fa:	48 8d 0d ef 22 0b 02 	lea    rcx,[rip+0x20b22ef]        # 0x1484fc8f0"
gcw_driver	0x14644A070	0x14644A601	0x14143E010		"14644a601:	e8 0a 3a ff fa       	call   0x14143e010"
gcw_driver	0x14644A070	0x14644A61B	0x14645FD70		"14644a61b:	e8 50 57 01 00       	call   0x14645fd70"
gcw_driver	0x14644A070	0x14644A651		0x1484FE8F0	"14644a651:	48 8d 15 98 42 0b 02 	lea    rdx,[rip+0x20b4298]        # 0x1484fe8f0"
gcw_driver	0x14644A070	0x14644A658		0x1484FC8F0	"14644a658:	48 8d 0d 91 22 0b 02 	lea    rcx,[rip+0x20b2291]        # 0x1484fc8f0"
gcw_driver	0x14644A070	0x14644A65F	0x14143E010		"14644a65f:	e8 ac 39 ff fa       	call   0x14143e010"
gcw_driver	0x14644A070	0x14644A66A	0x146425F20		"14644a66a:	e8 b1 b8 fd ff       	call   0x146425f20"
gcw_driver	0x14644A070	0x14644A676		0x1484FF030	"14644a676:	4c 8d 0d b3 49 0b 02 	lea    r9,[rip+0x20b49b3]        # 0x1484ff030"
gcw_driver	0x14644A070	0x14644A685		0x1484FE808	"14644a685:	48 8d 15 7c 41 0b 02 	lea    rdx,[rip+0x20b417c]        # 0x1484fe808"
gcw_driver	0x14644A070	0x14644A68C		0x1484FC8F0	"14644a68c:	48 8d 0d 5d 22 0b 02 	lea    rcx,[rip+0x20b225d]        # 0x1484fc8f0"
gcw_driver	0x14644A070	0x14644A693	0x14143E010		"14644a693:	e8 78 39 ff fa       	call   0x14143e010"
gcw_driver	0x14644A070	0x14644A6AD	0x14645FD70		"14644a6ad:	e8 be 56 01 00       	call   0x14645fd70"
gcw_driver	0x14644A070	0x14644A6D9		0x1484FEA18	"14644a6d9:	48 8d 15 38 43 0b 02 	lea    rdx,[rip+0x20b4338]        # 0x1484fea18"
gcw_driver	0x14644A070	0x14644A6E0		0x1484FC8F0	"14644a6e0:	48 8d 0d 09 22 0b 02 	lea    rcx,[rip+0x20b2209]        # 0x1484fc8f0"
gcw_driver	0x14644A070	0x14644A6E7	0x14143E010		"14644a6e7:	e8 24 39 ff fa       	call   0x14143e010"
gcw_driver	0x14644A070	0x14644A6F3	0x145A92380		"14644a6f3:	e8 88 7c 64 ff       	call   0x145a92380"
gcw_driver	0x14644A070	0x14644A711	0x145A905D0		"14644a711:	e8 ba 5e 64 ff       	call   0x145a905d0"
gcw_driver	0x14644A070	0x14644A724		0x1484FF048	"14644a724:	4c 8d 0d 1d 49 0b 02 	lea    r9,[rip+0x20b491d]        # 0x1484ff048"
gcw_driver	0x14644A070	0x14644A733		0x1484FE808	"14644a733:	48 8d 15 ce 40 0b 02 	lea    rdx,[rip+0x20b40ce]        # 0x1484fe808"
gcw_driver	0x14644A070	0x14644A73A		0x1484FC8F0	"14644a73a:	48 8d 0d af 21 0b 02 	lea    rcx,[rip+0x20b21af]        # 0x1484fc8f0"
gcw_driver	0x14644A070	0x14644A741	0x14143E010		"14644a741:	e8 ca 38 ff fa       	call   0x14143e010"
gcw_driver	0x14644A070	0x14644A75B	0x14645FD70		"14644a75b:	e8 10 56 01 00       	call   0x14645fd70"
gcw_driver	0x14644A070	0x14644A776	0x145A92370		"14644a776:	e8 f5 7b 64 ff       	call   0x145a92370"
gcw_driver	0x14644A070	0x14644A783		0x1484FEA50	"14644a783:	48 8d 15 c6 42 0b 02 	lea    rdx,[rip+0x20b42c6]        # 0x1484fea50"
gcw_driver	0x14644A070	0x14644A78A		0x1484FC8F0	"14644a78a:	48 8d 0d 5f 21 0b 02 	lea    rcx,[rip+0x20b215f]        # 0x1484fc8f0"
gcw_driver	0x14644A070	0x14644A791	0x14143E010		"14644a791:	e8 7a 38 ff fa       	call   0x14143e010"
gcw_driver	0x14644A070	0x14644A79D		0x1484FE7E0	"14644a79d:	48 8d 15 3c 40 0b 02 	lea    rdx,[rip+0x20b403c]        # 0x1484fe7e0"
gcw_driver	0x14644A070	0x14644A7A4		0x1484FC8F0	"14644a7a4:	48 8d 0d 45 21 0b 02 	lea    rcx,[rip+0x20b2145]        # 0x1484fc8f0"
gcw_driver	0x14644A070	0x14644A7AB	0x14143E010		"14644a7ab:	e8 60 38 ff fa       	call   0x14143e010"
gcw_driver	0x14644A070	0x14644A7BE		0x1484FF068	"14644a7be:	4c 8d 0d a3 48 0b 02 	lea    r9,[rip+0x20b48a3]        # 0x1484ff068"
gcw_driver	0x14644A070	0x14644A7CD		0x1484FE808	"14644a7cd:	48 8d 15 34 40 0b 02 	lea    rdx,[rip+0x20b4034]        # 0x1484fe808"
gcw_driver	0x14644A070	0x14644A7D4		0x1484FC8F0	"14644a7d4:	48 8d 0d 15 21 0b 02 	lea    rcx,[rip+0x20b2115]        # 0x1484fc8f0"
gcw_driver	0x14644A070	0x14644A7DB	0x14143E010		"14644a7db:	e8 30 38 ff fa       	call   0x14143e010"
gcw_driver	0x14644A070	0x14644A7F5	0x14645FD70		"14644a7f5:	e8 76 55 01 00       	call   0x14645fd70"
gcw_driver	0x14644A070	0x14644A80D	0x145A905C0		"14644a80d:	e8 ae 5d 64 ff       	call   0x145a905c0"
gcw_driver	0x14644A070	0x14644A81A		0x1484FEA88	"14644a81a:	48 8d 15 67 42 0b 02 	lea    rdx,[rip+0x20b4267]        # 0x1484fea88"
gcw_driver	0x14644A070	0x14644A821		0x1484FC8F0	"14644a821:	48 8d 0d c8 20 0b 02 	lea    rcx,[rip+0x20b20c8]        # 0x1484fc8f0"
gcw_driver	0x14644A070	0x14644A828	0x14143E010		"14644a828:	e8 e3 37 ff fa       	call   0x14143e010"
gcw_driver	0x14644A070	0x14644A834		0x1484FF080	"14644a834:	4c 8d 0d 45 48 0b 02 	lea    r9,[rip+0x20b4845]        # 0x1484ff080"
gcw_driver	0x14644A070	0x14644A843		0x1484FE808	"14644a843:	48 8d 15 be 3f 0b 02 	lea    rdx,[rip+0x20b3fbe]        # 0x1484fe808"
gcw_driver	0x14644A070	0x14644A84A		0x1484FC8F0	"14644a84a:	48 8d 0d 9f 20 0b 02 	lea    rcx,[rip+0x20b209f]        # 0x1484fc8f0"
gcw_driver	0x14644A070	0x14644A851	0x14143E010		"14644a851:	e8 ba 37 ff fa       	call   0x14143e010"
gcw_driver	0x14644A070	0x14644A86B	0x14645FD70		"14644a86b:	e8 00 55 01 00       	call   0x14645fd70"
gcw_driver	0x14644A070	0x14644A87E	0x140877E60		"14644a87e:	e8 dd d5 42 fa       	call   0x140877e60"
gcw_driver	0x14644A070	0x14644A88D	0x140870C50		"14644a88d:	e8 be 63 42 fa       	call   0x140870c50"
gcw_driver	0x14644A070	0x14644A896	0x140877E60		"14644a896:	e8 c5 d5 42 fa       	call   0x140877e60"
gcw_driver	0x14644A070	0x14644A8A5	0x140870C50		"14644a8a5:	e8 a6 63 42 fa       	call   0x140870c50"
gcw_driver	0x14644A070	0x14644A8C4	0x145A923C0		"14644a8c4:	e8 f7 7a 64 ff       	call   0x145a923c0"
gcw_driver	0x14644A070	0x14644A8D1	0x141026080		"14644a8d1:	e8 aa b7 bd fa       	call   0x141026080"
gcw_driver	0x14644A070	0x14644A8DF	0x141026080		"14644a8df:	e8 9c b7 bd fa       	call   0x141026080"
gcw_driver	0x14644A070	0x14644A8F6		0x1484FEAB8	"14644a8f6:	48 8d 15 bb 41 0b 02 	lea    rdx,[rip+0x20b41bb]        # 0x1484feab8"
gcw_driver	0x14644A070	0x14644A8FD		0x1484FC8F0	"14644a8fd:	48 8d 0d ec 1f 0b 02 	lea    rcx,[rip+0x20b1fec]        # 0x1484fc8f0"
gcw_driver	0x14644A070	0x14644A904	0x14143E010		"14644a904:	e8 07 37 ff fa       	call   0x14143e010"
gcw_driver	0x14644A070	0x14644A910		0x1484FF098	"14644a910:	4c 8d 0d 81 47 0b 02 	lea    r9,[rip+0x20b4781]        # 0x1484ff098"
gcw_driver	0x14644A070	0x14644A91F		0x1484FE808	"14644a91f:	48 8d 15 e2 3e 0b 02 	lea    rdx,[rip+0x20b3ee2]        # 0x1484fe808"
gcw_driver	0x14644A070	0x14644A926		0x1484FC8F0	"14644a926:	48 8d 0d c3 1f 0b 02 	lea    rcx,[rip+0x20b1fc3]        # 0x1484fc8f0"
gcw_driver	0x14644A070	0x14644A92D	0x14143E010		"14644a92d:	e8 de 36 ff fa       	call   0x14143e010"
gcw_driver	0x14644A070	0x14644A943	0x14645FD70		"14644a943:	e8 28 54 01 00       	call   0x14645fd70"
gcw_driver	0x14644A070	0x14644A956	0x140877E60		"14644a956:	e8 05 d5 42 fa       	call   0x140877e60"
gcw_driver	0x14644A070	0x14644A965	0x140870C50		"14644a965:	e8 e6 62 42 fa       	call   0x140870c50"
gcw_driver	0x14644A070	0x14644A96E	0x140877E60		"14644a96e:	e8 ed d4 42 fa       	call   0x140877e60"
gcw_driver	0x14644A070	0x14644A97D	0x140870C50		"14644a97d:	e8 ce 62 42 fa       	call   0x140870c50"
gcw_driver	0x14644A070	0x14644A9C1	0x1402A1750		"14644a9c1:	e8 8a 6d e5 f9       	call   0x1402a1750"
gcw_driver	0x14644A070	0x14644A9D2	0x145A8D150		"14644a9d2:	e8 79 27 64 ff       	call   0x145a8d150"
gcw_driver	0x14644A070	0x14644A9F4	0x146460240		"14644a9f4:	e8 47 58 01 00       	call   0x146460240"
gcw_driver	0x14644A070	0x14644AA0B	0x145A8DCE0		"14644aa0b:	e8 d0 32 64 ff       	call   0x145a8dce0"
gcw_driver	0x14644A070	0x14644AA64	0x146460240		"14644aa64:	e8 d7 57 01 00       	call   0x146460240"
gcw_driver	0x14644A070	0x14644AA85	0x14149CA40		"14644aa85:	e8 b6 1f 05 fb       	call   0x14149ca40"
gcw_driver	0x14644A070	0x14644AA8E	0x14643E4A0		"14644aa8e:	e8 0d 3a ff ff       	call   0x14643e4a0"
rep_input	0x146B6EB70	0x146B6EBA4	0x140870BC0		"146b6eba4:	e8 17 20 d0 f9       	call   0x140870bc0"
rep_input	0x146B6EB70	0x146B6EBAC	0x1409055D0		"146b6ebac:	e8 1f 6a d9 f9       	call   0x1409055d0"
rep_input	0x146B6EB70	0x146B6EBB5	0x140873240		"146b6ebb5:	e8 86 46 d0 f9       	call   0x140873240"
rep_input	0x146B6EB70	0x146B6EBD0		0x148582D50	"146b6ebd0:	48 8d 35 79 41 a1 01 	lea    rsi,[rip+0x1a14179]        # 0x148582d50"
rep_input	0x146B6EB70	0x146B6EBF2		0x14A829D10	"146b6ebf2:	8b 0d 18 b1 cb 03    	mov    ecx,DWORD PTR [rip+0x3cbb118]        # 0x14a829d10"
rep_input	0x146B6EB70	0x146B6EC14	0x1416C0D30		"146b6ec14:	e8 17 21 b5 fa       	call   0x1416c0d30"
rep_input	0x146B6EB70	0x146B6EC2D	0x1416B7150		"146b6ec2d:	e8 1e 85 b4 fa       	call   0x1416b7150"
rep_input	0x146B6EB70	0x146B6EC3F	0x146154030		"146b6ec3f:	e8 ec 53 5e ff       	call   0x146154030"
rep_input	0x146B6EB70	0x146B6EC5F	0x1461AC8D0		"146b6ec5f:	e8 6c dc 63 ff       	call   0x1461ac8d0"
rep_input	0x146B6EB70	0x146B6EC73	0x140C9F410		"146b6ec73:	e8 98 07 13 fa       	call   0x140c9f410"
rep_input	0x146B6EB70	0x146B6EC88	0x1416B7150		"146b6ec88:	e8 c3 84 b4 fa       	call   0x1416b7150"
rep_input	0x146B6EB70	0x146B6ECA6	0x1406D8F80		"146b6eca6:	e8 d5 a2 b6 f9       	call   0x1406d8f80"
rep_input	0x146B6EB70	0x146B6ECB4		0x140571484	"146b6ecb4:	48 8d 0d c9 27 a0 f9 	lea    rcx,[rip+0xfffffffff9a027c9]        # 0x140571484"
rep_input	0x146B6EB70	0x146B6ECE2	0x146B67390		"146b6ece2:	e8 a9 86 ff ff       	call   0x146b67390"
rep_input	0x146B6EB70	0x146B6ECE7	0x1416B7150		"146b6ece7:	e8 64 84 b4 fa       	call   0x1416b7150"
rep_input	0x146B6EB70	0x146B6ECF9	0x1406D8F80		"146b6ecf9:	e8 82 a2 b6 f9       	call   0x1406d8f80"
rep_input	0x146B6EB70	0x146B6ECFE		0x140571484	"146b6ecfe:	48 8d 0d 7f 27 a0 f9 	lea    rcx,[rip+0xfffffffff9a0277f]        # 0x140571484"
rep_input	0x146B6EB70	0x146B6ED25	0x146B676F0		"146b6ed25:	e8 c6 89 ff ff       	call   0x146b676f0"
rep_input	0x146B6EB70	0x146B6ED2E	0x1406D8F80		"146b6ed2e:	e8 4d a2 b6 f9       	call   0x1406d8f80"
rep_input	0x146B6EB70	0x146B6ED39	0x146B6F190		"146b6ed39:	e8 52 04 00 00       	call   0x146b6f190"
rep_input	0x146B6EB70	0x146B6ED75	0x1416B7150		"146b6ed75:	e8 d6 83 b4 fa       	call   0x1416b7150"
rep_input	0x146B6EB70	0x146B6ED99	0x147AA6B60		"146b6ed99:	e8 c2 7d f3 00       	call   0x147aa6b60"
rep_input	0x146B6EB70	0x146B6EDAA	0x1407F7D80		"146b6edaa:	e8 d1 8f c8 f9       	call   0x1407f7d80"
rep_input	0x146B6EB70	0x146B6EDC0	0x140870BC0		"146b6edc0:	e8 fb 1d d0 f9       	call   0x140870bc0"
rep_input	0x146B6EB70	0x146B6EDCD	0x1461ACE70		"146b6edcd:	e8 9e e0 63 ff       	call   0x1461ace70"
rep_input	0x146B6EB70	0x146B6EDD9	0x140879580		"146b6edd9:	e8 a2 a7 d0 f9       	call   0x140879580"
rep_input	0x146B6EB70	0x146B6EDEF	0x1407EB290		"146b6edef:	e8 9c c4 c7 f9       	call   0x1407eb290"
rep_input	0x146B6EB70	0x146B6EE09		0x147F496C8	"146b6ee09:	48 8d 0d b8 a8 3d 01 	lea    rcx,[rip+0x13da8b8]        # 0x147f496c8"
rep_input	0x146B6EB70	0x146B6EE27		0x14A56FBE0	"146b6ee27:	48 8d 15 b2 0d a0 03 	lea    rdx,[rip+0x3a00db2]        # 0x14a56fbe0"
rep_input	0x146B6EB70	0x146B6EE31	0x146161960		"146b6ee31:	e8 2a 2b 5f ff       	call   0x146161960"
rep_input	0x146B6EB70	0x146B6EE41	0x146165FF0		"146b6ee41:	e8 aa 71 5f ff       	call   0x146165ff0"
rep_input	0x146B6EB70	0x146B6EE4E	0x147AA61C1		"146b6ee4e:	e8 6e 73 f3 00       	call   0x147aa61c1"
rep_input	0x146B6EB70	0x146B6EE5E		0x14A56FBE0	"146b6ee5e:	0f 10 05 7b 0d a0 03 	movups xmm0,XMMWORD PTR [rip+0x3a00d7b]        # 0x14a56fbe0"
rep_input	0x146B6EB70	0x146B6EE6C	0x1461AAB40		"146b6ee6c:	e8 cf bc 63 ff       	call   0x1461aab40"
rep_input	0x146B6EB70	0x146B6EE78		0x148591170	"146b6ee78:	48 8d 15 f1 22 a2 01 	lea    rdx,[rip+0x1a222f1]        # 0x148591170"
rep_input	0x146B6EB70	0x146B6EE82	0x1402B6E60		"146b6ee82:	e8 d9 7f 74 f9       	call   0x1402b6e60"
rep_input	0x146B6EB70	0x146B6EE8D		0x147ECA0D0	"146b6ee8d:	ff 15 3d b2 35 01    	call   QWORD PTR [rip+0x135b23d]        # 0x147eca0d0"
rep_input	0x146B6EB70	0x146B6EE93		0x148588118	"146b6ee93:	48 8d 15 7e 92 a1 01 	lea    rdx,[rip+0x1a1927e]        # 0x148588118"
rep_input	0x146B6EB70	0x146B6EE9D	0x1402B6E60		"146b6ee9d:	e8 be 7f 74 f9       	call   0x1402b6e60"
rep_input	0x146B6EB70	0x146B6EEAB	0x1407FD9E0		"146b6eeab:	e8 30 eb c8 f9       	call   0x1407fd9e0"
rep_input	0x146B6EB70	0x146B6EEB7	0x1402B6E60		"146b6eeb7:	e8 a4 7f 74 f9       	call   0x1402b6e60"
rep_input	0x146B6EB70	0x146B6EEDF	0x1461AE980		"146b6eedf:	e8 9c fa 63 ff       	call   0x1461ae980"
rep_input	0x146B6EB70	0x146B6EEF5	0x146163DB0		"146b6eef5:	e8 b6 4e 5f ff       	call   0x146163db0"
rep_input	0x146B6EB70	0x146B6EF00		0x147F496C8	"146b6ef00:	48 8d 05 c1 a7 3d 01 	lea    rax,[rip+0x13da7c1]        # 0x147f496c8"
rep_input	0x146B6EB70	0x146B6EF18	0x147AA6B60		"146b6ef18:	e8 43 7c f3 00       	call   0x147aa6b60"
rep_input	0x146B6EB70	0x146B6EF3B		0x147EFA3A0	"146b6ef3b:	66 0f 6f 0d 5d b4 38 	movdqa xmm1,XMMWORD PTR [rip+0x138b45d]        # 0x147efa3a0"
rep_input	0x146B6EB70	0x146B6EF5E	0x146B6C500		"146b6ef5e:	e8 9d d5 ff ff       	call   0x146b6c500"
rep_input	0x146B6EB70	0x146B6EF98		0x147ECAE68	"146b6ef98:	ff 15 ca be 35 01    	call   QWORD PTR [rip+0x135beca]        # 0x147ecae68"
rep_input	0x146B6EB70	0x146B6EF9F	0x147AA664C		"146b6ef9f:	e8 a8 76 f3 00       	call   0x147aa664c"
rep_input	0x146B6EB70	0x146B6EFDB	0x1416B7150		"146b6efdb:	e8 70 81 b4 fa       	call   0x1416b7150"
rep_input	0x146B6EB70	0x146B6EFE9		0x148582D50	"146b6efe9:	48 8d 05 60 3d a1 01 	lea    rax,[rip+0x1a13d60]        # 0x148582d50"
rep_input	0x146B6EB70	0x146B6F001	0x147AA6B60		"146b6f001:	e8 5a 7b f3 00       	call   0x147aa6b60"
rep_writer	0x146B6F190	0x146B6F1C1	0x1407F2E80		"146b6f1c1:	e8 ba 3c c8 f9       	call   0x1407f2e80"
rep_writer	0x146B6F190	0x146B6F1E5	0x146158BA0		"146b6f1e5:	e8 b6 99 5e ff       	call   0x146158ba0"
rep_writer	0x146B6F190	0x146B6F244	0x140877E60		"146b6f244:	e8 17 8c d0 f9       	call   0x140877e60"
rep_writer	0x146B6F190	0x146B6F253	0x140870C50		"146b6f253:	e8 f8 19 d0 f9       	call   0x140870c50"
rep_writer	0x146B6F190	0x146B6F266	0x146B70D00		"146b6f266:	e8 95 1a 00 00       	call   0x146b70d00"
rep_writer	0x146B6F190	0x146B6F279	0x146B6C500		"146b6f279:	e8 82 d2 ff ff       	call   0x146b6c500"
rep_writer	0x146B6F190	0x146B6F2BD		0x147ECAE68	"146b6f2bd:	ff 15 a5 bb 35 01    	call   QWORD PTR [rip+0x135bba5]        # 0x147ecae68"
rep_writer	0x146B6F190	0x146B6F2DE		0x147EFA3A0	"146b6f2de:	66 0f 6f 0d ba b0 38 	movdqa xmm1,XMMWORD PTR [rip+0x138b0ba]        # 0x147efa3a0"
rep_writer	0x146B6F190	0x146B6F2FE	0x146B6C500		"146b6f2fe:	e8 fd d1 ff ff       	call   0x146b6c500"
rep_writer	0x146B6F190	0x146B6F336		0x147ECAE68	"146b6f336:	ff 15 2c bb 35 01    	call   QWORD PTR [rip+0x135bb2c]        # 0x147ecae68"
rep_writer	0x146B6F190	0x146B6F33D	0x147AA664C		"146b6f33d:	e8 0a 73 f3 00       	call   0x147aa664c"
rep_writer	0x146B6F190	0x146B6F356	0x147AA6610		"146b6f356:	e8 b5 72 f3 00       	call   0x147aa6610"
rep_writer	0x146B6F190	0x146B6F36F		0x148591198	"146b6f36f:	0f 10 05 22 1e a2 01 	movups xmm0,XMMWORD PTR [rip+0x1a21e22]        # 0x148591198"
rep_writer	0x146B6F190	0x146B6F379		0x1485911A8	"146b6f379:	0f b7 0d 28 1e a2 01 	movzx  ecx,WORD PTR [rip+0x1a21e28]        # 0x1485911a8"
rep_writer	0x146B6F190	0x146B6F388		0x140571494	"146b6f388:	48 8d 05 05 21 a0 f9 	lea    rax,[rip+0xfffffffff9a02105]        # 0x140571494"
rep_writer	0x146B6F190	0x146B6F3A8	0x146B679F0		"146b6f3a8:	e8 43 86 ff ff       	call   0x146b679f0"
rep_writer	0x146B6F190	0x146B6F3C3	0x146B6C500		"146b6f3c3:	e8 38 d1 ff ff       	call   0x146b6c500"
rep_writer	0x146B6F190	0x146B6F3FF	0x147AA664C		"146b6f3ff:	e8 48 72 f3 00       	call   0x147aa664c"
rep_writer	0x146B6F190	0x146B6F43B		0x147ECAE68	"146b6f43b:	ff 15 27 ba 35 01    	call   QWORD PTR [rip+0x135ba27]        # 0x147ecae68"
rep_writer	0x146B6F190	0x146B6F442	0x147AA664C		"146b6f442:	e8 05 72 f3 00       	call   0x147aa664c"
rep_writer	0x146B6F190	0x146B6F44B		0x14A829D10	"146b6f44b:	8b 0d bf a8 cb 03    	mov    ecx,DWORD PTR [rip+0x3cba8bf]        # 0x14a829d10"
rep_writer	0x146B6F190	0x146B6F474	0x1407EB290		"146b6f474:	e8 17 be c7 f9       	call   0x1407eb290"
rep_writer	0x146B6F190	0x146B6F489		0x147F496C8	"146b6f489:	48 8d 0d 38 a2 3d 01 	lea    rcx,[rip+0x13da238]        # 0x147f496c8"
rep_writer	0x146B6F190	0x146B6F4A3		0x14A56FBE0	"146b6f4a3:	48 8d 15 36 07 a0 03 	lea    rdx,[rip+0x3a00736]        # 0x14a56fbe0"
rep_writer	0x146B6F190	0x146B6F4AD	0x146161960		"146b6f4ad:	e8 ae 24 5f ff       	call   0x146161960"
rep_writer	0x146B6F190	0x146B6F4BD	0x146165FF0		"146b6f4bd:	e8 2e 6b 5f ff       	call   0x146165ff0"
rep_writer	0x146B6F190	0x146B6F4C6	0x147AA61C1		"146b6f4c6:	e8 f6 6c f3 00       	call   0x147aa61c1"
rep_writer	0x146B6F190	0x146B6F4D6		0x14A56FBE0	"146b6f4d6:	0f 10 05 03 07 a0 03 	movups xmm0,XMMWORD PTR [rip+0x3a00703]        # 0x14a56fbe0"
rep_writer	0x146B6F190	0x146B6F4E4	0x1461AAB40		"146b6f4e4:	e8 57 b6 63 ff       	call   0x1461aab40"
rep_writer	0x146B6F190	0x146B6F4ED		0x1485911B0	"146b6f4ed:	48 8d 15 bc 1c a2 01 	lea    rdx,[rip+0x1a21cbc]        # 0x1485911b0"
rep_writer	0x146B6F190	0x146B6F4F7	0x1402B6E60		"146b6f4f7:	e8 64 79 74 f9       	call   0x1402b6e60"
rep_writer	0x146B6F190	0x146B6F520	0x1461AE980		"146b6f520:	e8 5b f4 63 ff       	call   0x1461ae980"
rep_writer	0x146B6F190	0x146B6F536	0x146163DB0		"146b6f536:	e8 75 48 5f ff       	call   0x146163db0"
rep_writer	0x146B6F190	0x146B6F53C		0x147F496C8	"146b6f53c:	48 8d 05 85 a1 3d 01 	lea    rax,[rip+0x13da185]        # 0x147f496c8"
rep_writer	0x146B6F190	0x146B6F55A	0x147AA6B60		"146b6f55a:	e8 01 76 f3 00       	call   0x147aa6b60"
rep_writer	0x146B6F190	0x146B6F575	0x140875770		"146b6f575:	e8 f6 61 d0 f9       	call   0x140875770"
rep_writer	0x146B6F190	0x146B6F584	0x146AFED90		"146b6f584:	e8 07 f8 f8 ff       	call   0x146afed90"
rep_writer	0x146B6F190	0x146B6F5A7	0x1402C43B0		"146b6f5a7:	e8 04 4e 75 f9       	call   0x1402c43b0"
rep_writer	0x146B6F190	0x146B6F5E7		0x140571474	"146b6f5e7:	48 8d 05 86 1e a0 f9 	lea    rax,[rip+0xfffffffff9a01e86]        # 0x140571474"
rep_writer	0x146B6F190	0x146B6F606	0x146B66E70		"146b6f606:	e8 65 78 ff ff       	call   0x146b66e70"
rep_writer	0x146B6F190	0x146B6F613	0x1406D97B0		"146b6f613:	e8 98 a1 b6 f9       	call   0x1406d97b0"
rep_writer	0x146B6F190	0x146B6F626	0x146B6C500		"146b6f626:	e8 d5 ce ff ff       	call   0x146b6c500"
rep_writer	0x146B6F190	0x146B6F630	0x1407F6A30		"146b6f630:	e8 fb 73 c8 f9       	call   0x1407f6a30"
rep_writer	0x146B6F190	0x146B6F654	0x146158BA0		"146b6f654:	e8 47 95 5e ff       	call   0x146158ba0"
rep_writer	0x146B6F190	0x146B6F6A4	0x140875770		"146b6f6a4:	e8 c7 60 d0 f9       	call   0x140875770"
rep_writer	0x146B6F190	0x146B6F6B3	0x146AFED90		"146b6f6b3:	e8 d8 f6 f8 ff       	call   0x146afed90"
rep_writer	0x146B6F190	0x146B6F6BD	0x1407F2370		"146b6f6bd:	e8 ae 2c c8 f9       	call   0x1407f2370"
rep_writer	0x146B6F190	0x146B6F6E1	0x146158BA0		"146b6f6e1:	e8 ba 94 5e ff       	call   0x146158ba0"
rep_writer	0x146B6F190	0x146B6F73A	0x140877E60		"146b6f73a:	e8 21 87 d0 f9       	call   0x140877e60"
rep_writer	0x146B6F190	0x146B6F75A	0x14087CC20		"146b6f75a:	e8 c1 d4 d0 f9       	call   0x14087cc20"
rep_writer	0x146B6F190	0x146B6F7CF	0x140870C50		"146b6f7cf:	e8 7c 14 d0 f9       	call   0x140870c50"
rep_writer	0x146B6F190	0x146B6F7ED	0x1407F1CC0		"146b6f7ed:	e8 ce 24 c8 f9       	call   0x1407f1cc0"
rep_writer	0x146B6F190	0x146B6F811	0x146158BA0		"146b6f811:	e8 8a 93 5e ff       	call   0x146158ba0"
rep_writer	0x146B6F190	0x146B6F84F		0x14057143C	"146b6f84f:	48 8d 05 e6 1b a0 f9 	lea    rax,[rip+0xfffffffff9a01be6]        # 0x14057143c"
rep_writer	0x146B6F190	0x146B6F872	0x146B670E0		"146b6f872:	e8 69 78 ff ff       	call   0x146b670e0"
rep_writer	0x146B6F190	0x146B6F87C	0x1407F0940		"146b6f87c:	e8 bf 10 c8 f9       	call   0x1407f0940"
rep_writer	0x146B6F190	0x146B6F8A0	0x146158BA0		"146b6f8a0:	e8 fb 92 5e ff       	call   0x146158ba0"
rep_writer	0x146B6F190	0x146B6F926	0x1407EBEC0		"146b6f926:	e8 95 c5 c7 f9       	call   0x1407ebec0"
rep_writer	0x146B6F190	0x146B6F94A	0x146158BA0		"146b6f94a:	e8 51 92 5e ff       	call   0x146158ba0"
rep_writer	0x146B6F190	0x146B6F98F	0x1407F7D80		"146b6f98f:	e8 ec 83 c8 f9       	call   0x1407f7d80"
rep_writer	0x146B6F190	0x146B6F9B3		0x14A829D10	"146b6f9b3:	8b 0d 57 a3 cb 03    	mov    ecx,DWORD PTR [rip+0x3cba357]        # 0x14a829d10"
rep_writer	0x146B6F190	0x146B6F9D7	0x1407EB290		"146b6f9d7:	e8 b4 b8 c7 f9       	call   0x1407eb290"
rep_writer	0x146B6F190	0x146B6F9EC		0x147F496C8	"146b6f9ec:	4c 8d 25 d5 9c 3d 01 	lea    r12,[rip+0x13d9cd5]        # 0x147f496c8"
rep_writer	0x146B6F190	0x146B6FA06		0x14A56FBE0	"146b6fa06:	48 8d 15 d3 01 a0 03 	lea    rdx,[rip+0x3a001d3]        # 0x14a56fbe0"
rep_writer	0x146B6F190	0x146B6FA10	0x146161960		"146b6fa10:	e8 4b 1f 5f ff       	call   0x146161960"
rep_writer	0x146B6F190	0x146B6FA20	0x146165FF0		"146b6fa20:	e8 cb 65 5f ff       	call   0x146165ff0"
rep_writer	0x146B6F190	0x146B6FA2D	0x147AA61C1		"146b6fa2d:	e8 8f 67 f3 00       	call   0x147aa61c1"
rep_writer	0x146B6F190	0x146B6FA3D		0x14A56FBE0	"146b6fa3d:	0f 10 05 9c 01 a0 03 	movups xmm0,XMMWORD PTR [rip+0x3a0019c]        # 0x14a56fbe0"
rep_writer	0x146B6F190	0x146B6FA4B	0x1461AAB40		"146b6fa4b:	e8 f0 b0 63 ff       	call   0x1461aab40"
rep_writer	0x146B6F190	0x146B6FA54		0x1485912A8	"146b6fa54:	48 8d 15 4d 18 a2 01 	lea    rdx,[rip+0x1a2184d]        # 0x1485912a8"
rep_writer	0x146B6F190	0x146B6FA5E	0x1402B6E60		"146b6fa5e:	e8 fd 73 74 f9       	call   0x1402b6e60"
rep_writer	0x146B6F190	0x146B6FA8E	0x1461AE980		"146b6fa8e:	e8 ed ee 63 ff       	call   0x1461ae980"
rep_writer	0x146B6F190	0x146B6FAA4	0x146163DB0		"146b6faa4:	e8 07 43 5f ff       	call   0x146163db0"
rep_writer	0x146B6F190	0x146B6FABE	0x147AA6B60		"146b6fabe:	e8 9d 70 f3 00       	call   0x147aa6b60"
rep_writer	0x146B6F190	0x146B6FADA	0x146B690D0		"146b6fada:	e8 f1 95 ff ff       	call   0x146b690d0"
rep_writer	0x146B6F190	0x146B6FAE6	0x146B6C900		"146b6fae6:	e8 15 ce ff ff       	call   0x146b6c900"
rep_writer	0x146B6F190	0x146B6FAF0	0x1407EC780		"146b6faf0:	e8 8b cc c7 f9       	call   0x1407ec780"
rep_writer	0x146B6F190	0x146B6FB14	0x146158BA0		"146b6fb14:	e8 87 90 5e ff       	call   0x146158ba0"
rep_writer	0x146B6F190	0x146B6FBA4	0x147AAD061		"146b6fba4:	e8 b8 d4 f3 00       	call   0x147aad061"
rep_writer	0x146B6F190	0x146B6FBB6	0x1407F72E0		"146b6fbb6:	e8 25 77 c8 f9       	call   0x1407f72e0"
rep_writer	0x146B6F190	0x146B6FBDA	0x146158BA0		"146b6fbda:	e8 c1 8f 5e ff       	call   0x146158ba0"
rep_writer	0x146B6F190	0x146B6FC18		0x14057144C	"146b6fc18:	48 8d 05 2d 18 a0 f9 	lea    rax,[rip+0xfffffffff9a0182d]        # 0x14057144c"
rep_writer	0x146B6F190	0x146B6FC3B	0x146B66BE0		"146b6fc3b:	e8 a0 6f ff ff       	call   0x146b66be0"
rep_writer	0x146B6F190	0x146B6FC45	0x1407EF9D0		"146b6fc45:	e8 86 fd c7 f9       	call   0x1407ef9d0"
rep_writer	0x146B6F190	0x146B6FC69	0x146158BA0		"146b6fc69:	e8 32 8f 5e ff       	call   0x146158ba0"
rep_writer	0x146B6F190	0x146B6FCAA		0x140571474	"146b6fcaa:	48 8d 05 c3 17 a0 f9 	lea    rax,[rip+0xfffffffff9a017c3]        # 0x140571474"
rep_writer	0x146B6F190	0x146B6FCDD	0x146B681F0		"146b6fcdd:	e8 0e 85 ff ff       	call   0x146b681f0"
rep_writer	0x146B6F190	0x146B6FCE7	0x1407EE830		"146b6fce7:	e8 44 eb c7 f9       	call   0x1407ee830"
rep_writer	0x146B6F190	0x146B6FD0B	0x146158BA0		"146b6fd0b:	e8 90 8e 5e ff       	call   0x146158ba0"
rep_writer	0x146B6F190	0x146B6FD4A		0x14057144C	"146b6fd4a:	48 8d 05 fb 16 a0 f9 	lea    rax,[rip+0xfffffffff9a016fb]        # 0x14057144c"
rep_writer	0x146B6F190	0x146B6FD89	0x146B67F20		"146b6fd89:	e8 92 81 ff ff       	call   0x146b67f20"
rep_writer	0x146B6F190	0x146B6FD9C	0x1406D97B0		"146b6fd9c:	e8 0f 9a b6 f9       	call   0x1406d97b0"
rep_writer	0x146B6F190	0x146B6FDAF	0x146B6C500		"146b6fdaf:	e8 4c c7 ff ff       	call   0x146b6c500"
rep_writer	0x146B6F190	0x146B6FDE3	0x146B6BF50		"146b6fde3:	e8 68 c1 ff ff       	call   0x146b6bf50"
rep_writer	0x146B6F190	0x146B6FDEC	0x140877E60		"146b6fdec:	e8 6f 80 d0 f9       	call   0x140877e60"
rep_writer	0x146B6F190	0x146B6FDFB	0x140870C50		"146b6fdfb:	e8 50 0e d0 f9       	call   0x140870c50"
rep_parser	0x146AE44F0	0x146AE4523	0x140870BC0		"146ae4523:	e8 98 c6 d8 f9       	call   0x140870bc0"
rep_parser	0x146AE44F0	0x146AE453C	0x14087B5C0		"146ae453c:	e8 7f 70 d9 f9       	call   0x14087b5c0"
rep_parser	0x146AE44F0	0x146AE454E	0x1402A1DA0		"146ae454e:	e8 4d d8 7b f9       	call   0x1402a1da0"
rep_parser	0x146AE44F0	0x146AE455B	0x1402A1DA0		"146ae455b:	e8 40 d8 7b f9       	call   0x1402a1da0"
rep_parser	0x146AE44F0	0x146AE456E	0x140879590		"146ae456e:	e8 1d 50 d9 f9       	call   0x140879590"
rep_parser	0x146AE44F0	0x146AE45A2	0x140873220		"146ae45a2:	e8 79 ec d8 f9       	call   0x140873220"
rep_parser	0x146AE44F0	0x146AE45B3	0x140873230		"146ae45b3:	e8 78 ec d8 f9       	call   0x140873230"
rep_parser	0x146AE44F0	0x146AE45BE	0x140873230		"146ae45be:	e8 6d ec d8 f9       	call   0x140873230"
rep_parser	0x146AE44F0	0x146AE45D7	0x1402A1DA0		"146ae45d7:	e8 c4 d7 7b f9       	call   0x1402a1da0"
rep_parser	0x146AE44F0	0x146AE45E7	0x140870BE0		"146ae45e7:	e8 f4 c5 d8 f9       	call   0x140870be0"
rep_parser	0x146AE44F0	0x146AE4602	0x140879590		"146ae4602:	e8 89 4f d9 f9       	call   0x140879590"
rep_parser	0x146AE44F0	0x146AE46C1	0x140873220		"146ae46c1:	e8 5a eb d8 f9       	call   0x140873220"
rep_parser	0x146AE44F0	0x146AE46D4	0x140879590		"146ae46d4:	e8 b7 4e d9 f9       	call   0x140879590"
rep_parser	0x146AE44F0	0x146AE4709	0x147AA6289		"146ae4709:	e8 7b 1b fc 00       	call   0x147aa6289"
rep_parser_forward	0x146AF1D90	0x146AF1DCF	0x140294200		"146af1dcf:	e8 2c 24 7a f9       	call   0x140294200"
rep_parser_forward	0x146AF1D90	0x146AF1E02	0x146B0EE30		"146af1e02:	e8 29 d0 01 00       	call   0x146b0ee30"
rep_parser_forward	0x146AF1D90	0x146AF1E0E	0x140294200		"146af1e0e:	e8 ed 23 7a f9       	call   0x140294200"
rep_parser_forward	0x146AF1D90	0x146AF1E35	0x140294200		"146af1e35:	e8 c6 23 7a f9       	call   0x140294200"
rep_parser_forward	0x146AF1D90	0x146AF1E57	0x140870BE0		"146af1e57:	e8 84 ed d7 f9       	call   0x140870be0"
rep_parser_forward	0x146AF1D90	0x146AF1E98	0x146AE44F0		"146af1e98:	e8 53 26 ff ff       	call   0x146ae44f0"
rep_parser_forward	0x146AF1D90	0x146AF1ED8	0x140873220		"146af1ed8:	e8 43 13 d8 f9       	call   0x140873220"
rep_parser_forward	0x146AF1D90	0x146AF1F1F	0x147AA6610		"146af1f1f:	e8 ec 46 fb 00       	call   0x147aa6610"
rep_parser_forward	0x146AF1D90	0x146AF1F3F	0x147AAD067		"146af1f3f:	e8 23 b1 fb 00       	call   0x147aad067"
rep_parser_forward	0x146AF1D90	0x146AF1F47	0x146A8E330		"146af1f47:	e8 e4 c3 f9 ff       	call   0x146a8e330"
rep_parser_forward	0x146AF1D90	0x146AF1F53	0x146A8D610		"146af1f53:	e8 b8 b6 f9 ff       	call   0x146a8d610"
rep_parser_forward	0x146AF1D90	0x146AF1F61	0x1402A1DA0		"146af1f61:	e8 3a fe 7a f9       	call   0x1402a1da0"
rep_parser_forward	0x146AF1D90	0x146AF1F6F	0x146B0EE30		"146af1f6f:	e8 bc ce 01 00       	call   0x146b0ee30"
rep_parser_forward	0x146AF1D90	0x146AF1F7F	0x140873230		"146af1f7f:	e8 ac 12 d8 f9       	call   0x140873230"
rep_parser_forward	0x146AF1D90	0x146AF1F8B	0x140294200		"146af1f8b:	e8 70 22 7a f9       	call   0x140294200"
rep_parser_forward	0x146AF1D90	0x146AF1FEB	0x140870BE0		"146af1feb:	e8 f0 eb d7 f9       	call   0x140870be0"
rep_parser_forward	0x146AF1D90	0x146AF2010	0x146AE44F0		"146af2010:	e8 db 24 ff ff       	call   0x146ae44f0"
rep_parser_forward	0x146AF1D90	0x146AF201A	0x140873220		"146af201a:	e8 01 12 d8 f9       	call   0x140873220"
rep_parser_forward	0x146AF1D90	0x146AF202F	0x147AA6610		"146af202f:	e8 dc 45 fb 00       	call   0x147aa6610"
rep_parser_forward	0x146AF1D90	0x146AF204F	0x147AAD067		"146af204f:	e8 13 b0 fb 00       	call   0x147aad067"
rep_parser_forward	0x146AF1D90	0x146AF2057	0x146A8E330		"146af2057:	e8 d4 c2 f9 ff       	call   0x146a8e330"
rep_parser_forward	0x146AF1D90	0x146AF2063	0x146A8D610		"146af2063:	e8 a8 b5 f9 ff       	call   0x146a8d610"
rep_parser_forward	0x146AF1D90	0x146AF2074	0x140873220		"146af2074:	e8 a7 11 d8 f9       	call   0x140873220"
rep_parser_forward	0x146AF1D90	0x146AF2081	0x1402A1DA0		"146af2081:	e8 1a fd 7a f9       	call   0x1402a1da0"
rep_parser_forward	0x146AF1D90	0x146AF208F	0x146B0EE30		"146af208f:	e8 9c cd 01 00       	call   0x146b0ee30"
rep_stream_attach	0x146B713E0	0x146B7140D		0x148591708	"146b7140d:	48 8d 0d f4 02 a2 01 	lea    rcx,[rip+0x1a202f4]        # 0x148591708"
rep_stream_callback	0x146B714D0	0x146B71502	0x140870BC0		"146b71502:	e8 b9 f6 cf f9       	call   0x140870bc0"
rep_stream_callback	0x146B714D0	0x146B71513	0x146B6BA90		"146b71513:	e8 78 a5 ff ff       	call   0x146b6ba90"
rep_stream_bridge	0x146B6BA90	0x146B6BAB5	0x140870BC0		"146b6bab5:	e8 06 51 d0 f9       	call   0x140870bc0"
rep_stream_bridge	0x146B6BA90	0x146B6BAD0		0x148591738	"146b6bad0:	48 8d 05 61 5c a2 01 	lea    rax,[rip+0x1a25c61]        # 0x148591738"
rep_stream_bridge	0x146B6BA90	0x146B6BAF7	0x140879580		"146b6baf7:	e8 84 da d0 f9       	call   0x140879580"
rep_stream_bridge	0x146B6BA90	0x146B6BB02	0x1402F2D90		"146b6bb02:	e8 89 72 78 f9       	call   0x1402f2d90"
rep_stream_bridge	0x146B6BA90	0x146B6BB2C	0x146AF20C0		"146b6bb2c:	e8 8f 65 f8 ff       	call   0x146af20c0"
rep_provider_ctor	0x146B6A270	0x146B6A2AB	0x1408707E0		"146b6a2ab:	e8 30 65 d0 f9       	call   0x1408707e0"
rep_provider_ctor	0x146B6A270	0x146B6A327	0x146A8FCE0		"146b6a327:	e8 b4 59 f2 ff       	call   0x146a8fce0"
rep_provider_ctor	0x146B6A270	0x146B6A345	0x146A95D70		"146b6a345:	e8 26 ba f2 ff       	call   0x146a95d70"
rep_provider_ctor	0x146B6A270	0x146B6A34A		0x148590BE8	"146b6a34a:	48 8d 05 97 68 a2 01 	lea    rax,[rip+0x1a26897]        # 0x148590be8"
rep_provider_ctor	0x146B6A270	0x146B6A390		0x140571554	"146b6a390:	48 8d 1d bd 71 a0 f9 	lea    rbx,[rip+0xfffffffff9a071bd]        # 0x140571554"
rep_provider_ctor	0x146B6A270	0x146B6A3AB		0x1484CE018	"146b6a3ab:	4c 8d 05 66 3c 96 01 	lea    r8,[rip+0x1963c66]        # 0x1484ce018"
rep_provider_ctor	0x146B6A270	0x146B6A3BC	0x140FC7F90		"146b6a3bc:	e8 cf db 45 fa       	call   0x140fc7f90"
rep_provider_ctor	0x146B6A270	0x146B6A3D5		0x1484CE030	"146b6a3d5:	4c 8d 05 54 3c 96 01 	lea    r8,[rip+0x1963c54]        # 0x1484ce030"
rep_provider_ctor	0x146B6A270	0x146B6A3E8	0x140FC7F90		"146b6a3e8:	e8 a3 db 45 fa       	call   0x140fc7f90"
rep_provider_ctor	0x146B6A270	0x146B6A3F7		0x14A56FB80	"146b6a3f7:	44 8b 05 82 57 a0 03 	mov    r8d,DWORD PTR [rip+0x3a05782]        # 0x14a56fb80"
rep_provider_ctor	0x146B6A270	0x146B6A40A		0x14A56FB80	"146b6a40a:	44 89 05 6f 57 a0 03 	mov    DWORD PTR [rip+0x3a0576f],r8d        # 0x14a56fb80"
rep_provider_ctor	0x146B6A270	0x146B6A41F		0x147EF8AC0	"146b6a41f:	48 8d 05 9a e6 38 01 	lea    rax,[rip+0x138e69a]        # 0x147ef8ac0"
rep_provider_ctor	0x146B6A270	0x146B6A430		0x14057153C	"146b6a430:	48 8d 05 05 71 a0 f9 	lea    rax,[rip+0xfffffffff9a07105]        # 0x14057153c"
rep_provider_ctor	0x146B6A270	0x146B6A44B		0x1484C9EA8	"146b6a44b:	4c 8d 05 56 fa 95 01 	lea    r8,[rip+0x195fa56]        # 0x1484c9ea8"
rep_provider_ctor	0x146B6A270	0x146B6A45C	0x140FCB0F0		"146b6a45c:	e8 8f 0c 46 fa       	call   0x140fcb0f0"
rep_provider_ctor	0x146B6A270	0x146B6A461		0x1405714A4	"146b6a461:	48 8d 05 3c 70 a0 f9 	lea    rax,[rip+0xfffffffff9a0703c]        # 0x1405714a4"
rep_provider_ctor	0x146B6A270	0x146B6A47C		0x1484C9F50	"146b6a47c:	4c 8d 05 cd fa 95 01 	lea    r8,[rip+0x195facd]        # 0x1484c9f50"
rep_provider_ctor	0x146B6A270	0x146B6A48F	0x14033D610		"146b6a48f:	e8 7c 31 7d f9       	call   0x14033d610"
rep_provider_ctor	0x146B6A270	0x146B6A4BA		0x1484CD280	"146b6a4ba:	48 8d 15 bf 2d 96 01 	lea    rdx,[rip+0x1962dbf]        # 0x1484cd280"
rep_provider_ctor	0x146B6A270	0x146B6A4C1	0x147AAD055		"146b6a4c1:	e8 8f 2b f4 00       	call   0x147aad055"
rep_provider_ctor	0x146B6A270	0x146B6A4EB	0x147AA6610		"146b6a4eb:	e8 20 c1 f3 00       	call   0x147aa6610"
rep_provider_ctor	0x146B6A270	0x146B6A511		0x1485914D8	"146b6a511:	48 8d 05 c0 6f a2 01 	lea    rax,[rip+0x1a26fc0]        # 0x1485914d8"
rep_provider_ctor	0x146B6A270	0x146B6A52C		0x149F80D90	"146b6a52c:	4c 8b 05 5d 68 41 03 	mov    r8,QWORD PTR [rip+0x341685d]        # 0x149f80d90"
rep_provider_ctor	0x146B6A270	0x146B6A536	0x146B34780		"146b6a536:	e8 45 a2 fc ff       	call   0x146b34780"
rep_provider_ctor	0x146B6A270	0x146B6A561		0x1484C9A90	"146b6a561:	48 8d 15 28 f5 95 01 	lea    rdx,[rip+0x195f528]        # 0x1484c9a90"
rep_provider_ctor	0x146B6A270	0x146B6A568	0x147AAD055		"146b6a568:	e8 e8 2a f4 00       	call   0x147aad055"
rep_provider_ctor	0x146B6A270	0x146B6A595	0x147AA6610		"146b6a595:	e8 76 c0 f3 00       	call   0x147aa6610"
rep_provider_ctor	0x146B6A270	0x146B6A5BB		0x1485914D8	"146b6a5bb:	48 8d 05 16 6f a2 01 	lea    rax,[rip+0x1a26f16]        # 0x1485914d8"
rep_provider_ctor	0x146B6A270	0x146B6A5D6		0x149F80D90	"146b6a5d6:	4c 8b 05 b3 67 41 03 	mov    r8,QWORD PTR [rip+0x34167b3]        # 0x149f80d90"
rep_provider_ctor	0x146B6A270	0x146B6A5E0	0x146B34780		"146b6a5e0:	e8 9b a1 fc ff       	call   0x146b34780"
rep_provider_ctor	0x146B6A270	0x146B6A641	0x147AA6610		"146b6a641:	e8 ca bf f3 00       	call   0x147aa6610"
rep_provider_ctor	0x146B6A270	0x146B6A669		0x14858BEB0	"146b6a669:	48 8d 05 40 18 a2 01 	lea    rax,[rip+0x1a21840]        # 0x14858beb0"
rep_provider_ctor	0x146B6A270	0x146B6A67D	0x146B3DE50		"146b6a67d:	e8 ce 37 fd ff       	call   0x146b3de50"
rep_provider_ctor	0x146B6A270	0x146B6A6C5		0x140571548	"146b6a6c5:	48 8d 05 7c 6e a0 f9 	lea    rax,[rip+0xfffffffff9a06e7c]        # 0x140571548"
rep_provider_ctor	0x146B6A270	0x146B6A6E2		0x1484C9EE0	"146b6a6e2:	4c 8d 05 f7 f7 95 01 	lea    r8,[rip+0x195f7f7]        # 0x1484c9ee0"
rep_provider_ctor	0x146B6A270	0x146B6A6F5	0x140FC7F90		"146b6a6f5:	e8 96 d8 45 fa       	call   0x140fc7f90"
rep_provider_ctor	0x146B6A270	0x146B6A70A		0x140571554	"146b6a70a:	48 8d 05 43 6e a0 f9 	lea    rax,[rip+0xfffffffff9a06e43]        # 0x140571554"
rep_provider_ctor	0x146B6A270	0x146B6A725		0x1484C9F90	"146b6a725:	4c 8d 05 64 f8 95 01 	lea    r8,[rip+0x195f864]        # 0x1484c9f90"
rep_provider_ctor	0x146B6A270	0x146B6A738	0x140FC7F90		"146b6a738:	e8 53 d8 45 fa       	call   0x140fc7f90"
rep_provider_ctor	0x146B6A270	0x146B6A7FC		0x1485916A8	"146b6a7fc:	48 8d 05 a5 6e a2 01 	lea    rax,[rip+0x1a26ea5]        # 0x1485916a8"
rep_provider_ctor	0x146B6A270	0x146B6A827	0x1408707E0		"146b6a827:	e8 b4 5f d0 f9       	call   0x1408707e0"
rep_provider_ctor	0x146B6A270	0x146B6A83D	0x1408707E0		"146b6a83d:	e8 9e 5f d0 f9       	call   0x1408707e0"
rep_provider_ctor	0x146B6A270	0x146B6A88A	0x1402BA7C0		"146b6a88a:	e8 31 ff 74 f9       	call   0x1402ba7c0"
rep_provider_ctor	0x146B6A270	0x146B6A8E6	0x1402BA7C0		"146b6a8e6:	e8 d5 fe 74 f9       	call   0x1402ba7c0"
rep_provider_ctor	0x146B6A270	0x146B6A8F2		0x1485916D8	"146b6a8f2:	48 8d 15 df 6d a2 01 	lea    rdx,[rip+0x1a26ddf]        # 0x1485916d8"
rep_provider_ctor	0x146B6A270	0x146B6A932	0x14149CA40		"146b6a932:	e8 09 21 93 fa       	call   0x14149ca40"
gridmate_ctor	0x146B34780	0x146B347B2		0x14858D150	"146b347b2:	48 8d 05 97 89 a5 01 	lea    rax,[rip+0x1a58997]        # 0x14858d150"
gridmate_ctor	0x146B34780	0x146B347BC		0x14858D1C0	"146b347bc:	48 8d 05 fd 89 a5 01 	lea    rax,[rip+0x1a589fd]        # 0x14858d1c0"
gridmate_ctor	0x146B34780	0x146B347C7		0x14858D200	"146b347c7:	48 8d 05 32 8a a5 01 	lea    rax,[rip+0x1a58a32]        # 0x14858d200"
gridmate_ctor	0x146B34780	0x146B347EE	0x141304750		"146b347ee:	e8 5d ff 7c fa       	call   0x141304750"
gridmate_ctor	0x146B34780	0x146B34806		0x147EF8AC0	"146b34806:	48 8d 2d b3 42 3c 01 	lea    rbp,[rip+0x13c42b3]        # 0x147ef8ac0"
gridmate_ctor	0x146B34780	0x146B3481A	0x140298E80		"146b3481a:	e8 61 46 76 f9       	call   0x140298e80"
gridmate_ctor	0x146B34780	0x146B348A8	0x140870A70		"146b348a8:	e8 c3 c1 d3 f9       	call   0x140870a70"
gridmate_ctor	0x146B34780	0x146B34910		0x147EC9348	"146b34910:	ff 15 32 4a 39 01    	call   QWORD PTR [rip+0x1394a32]        # 0x147ec9348"
gridmate_ctor	0x146B34780	0x146B34932		0x147EF89B8	"146b34932:	48 8d 05 7f 40 3c 01 	lea    rax,[rip+0x13c407f]        # 0x147ef89b8"
gridmate_ctor	0x146B34780	0x146B34992	0x14149CA40		"146b34992:	e8 a9 80 96 fa       	call   0x14149ca40"
gridmate_ctor	0x146B34780	0x146B34B06		0x147EC9348	"146b34b06:	ff 15 3c 48 39 01    	call   QWORD PTR [rip+0x139483c]        # 0x147ec9348"
gridmate_ctor	0x146B34780	0x146B34B1A	0x146A8E640		"146b34b1a:	e8 21 9b f5 ff       	call   0x146a8e640"
gridmate_ctor	0x146B34780	0x146B34B27	0x146A8E640		"146b34b27:	e8 14 9b f5 ff       	call   0x146a8e640"
gridmate_ctor	0x146B34780	0x146B34B4E	0x146B37460		"146b34b4e:	e8 0d 29 00 00       	call   0x146b37460"
gridmate_factory	0x146B393D0	0x146B393EF	0x147AA6610		"146b393ef:	e8 1c d2 f6 00       	call   0x147aa6610"
gridmate_factory	0x146B393D0	0x146B39415		0x1482055A8	"146b39415:	48 8d 05 8c c1 6c 01 	lea    rax,[rip+0x16cc18c]        # 0x1482055a8"
gridmate_factory	0x146B393D0	0x146B39426	0x146B27180		"146b39426:	e8 55 dd fe ff       	call   0x146b27180"
de_global_provider	0x141026080	0x141026086		0x14A829D10	"141026086:	8b 0d 84 3c 80 09    	mov    ecx,DWORD PTR [rip+0x9803c84]        # 0x14a829d10"
de_global_provider	0x141026080	0x1410260A1		0x14A2FB9F8	"1410260a1:	39 05 51 59 2d 09    	cmp    DWORD PTR [rip+0x92d5951],eax        # 0x14a2fb9f8"
de_global_provider	0x141026080	0x1410260A9		0x14A2FB9F0	"1410260a9:	48 8b 05 40 59 2d 09 	mov    rax,QWORD PTR [rip+0x92d5940]        # 0x14a2fb9f0"
de_global_provider	0x141026080	0x1410260B8		0x14A829D20	"1410260b8:	48 8d 15 61 3c 80 09 	lea    rdx,[rip+0x9803c61]        # 0x14a829d20"
de_global_provider	0x141026080	0x1410260BF		0x14A13C610	"1410260bf:	48 8d 0d 4a 65 11 09 	lea    rcx,[rip+0x911654a]        # 0x14a13c610"
de_global_provider	0x141026080	0x1410260C6	0x147AAD091		"1410260c6:	e8 c6 6f a8 06       	call   0x147aad091"
de_global_provider	0x141026080	0x1410260CE	0x1416AD7E0		"1410260ce:	e8 0d 77 68 00       	call   0x1416ad7e0"
de_global_provider	0x141026080	0x1410260DC		0x14A2FB9F8	"1410260dc:	48 8d 0d 15 59 2d 09 	lea    rcx,[rip+0x92d5915]        # 0x14a2fb9f8"
de_global_provider	0x141026080	0x1410260E3	0x147AA6598		"1410260e3:	e8 b0 04 a8 06       	call   0x147aa6598"
de_global_provider	0x141026080	0x1410260E8		0x14A2FB9F8	"1410260e8:	83 3d 09 59 2d 09 ff 	cmp    DWORD PTR [rip+0x92d5909],0xffffffff        # 0x14a2fb9f8"
de_global_provider	0x141026080	0x1410260F1		0x14A829D20	"1410260f1:	48 8d 15 28 3c 80 09 	lea    rdx,[rip+0x9803c28]        # 0x14a829d20"
de_global_provider	0x141026080	0x1410260F8		0x14A13C610	"1410260f8:	48 8d 0d 11 65 11 09 	lea    rcx,[rip+0x9116511]        # 0x14a13c610"
de_global_provider	0x141026080	0x1410260FF	0x147AAD091		"1410260ff:	e8 8d 6f a8 06       	call   0x147aad091"
de_global_provider	0x141026080	0x141026107	0x141676530		"141026107:	e8 24 04 65 00       	call   0x141676530"
de_global_provider	0x141026080	0x14102610C		0x14A2FB9F0	"14102610c:	48 89 05 dd 58 2d 09 	mov    QWORD PTR [rip+0x92d58dd],rax        # 0x14a2fb9f0"
de_global_provider	0x141026080	0x141026113		0x14A2FB9F8	"141026113:	48 8d 0d de 58 2d 09 	lea    rcx,[rip+0x92d58de]        # 0x14a2fb9f8"
de_global_provider	0x141026080	0x14102611A	0x147AA652C		"14102611a:	e8 0d 04 a8 06       	call   0x147aa652c"
selfident_handler	0x146454C00	0x146454C43		0x1484FF6E8	"146454c43:	48 8d 15 9e aa 0a 02 	lea    rdx,[rip+0x20aaa9e]        # 0x1484ff6e8"
selfident_handler	0x146454C00	0x146454C4A		0x147FC7E00	"146454c4a:	48 8d 0d af 31 b7 01 	lea    rcx,[rip+0x1b731af]        # 0x147fc7e00"
selfident_handler	0x146454C00	0x146454C51	0x141721C20		"146454c51:	e8 ca cf 2c fb       	call   0x141721c20"
selfident_handler	0x146454C00	0x146454C56		0x14A7BA0E0	"146454c56:	48 8b 05 83 54 36 04 	mov    rax,QWORD PTR [rip+0x4365483]        # 0x14a7ba0e0"
selfident_handler	0x146454C00	0x146454C66		0x1484FF708	"146454c66:	48 8d 15 9b aa 0a 02 	lea    rdx,[rip+0x20aaa9b]        # 0x1484ff708"
selfident_handler	0x146454C00	0x146454C6D		0x147FC7E00	"146454c6d:	48 8d 0d 8c 31 b7 01 	lea    rcx,[rip+0x1b7318c]        # 0x147fc7e00"
selfident_handler	0x146454C00	0x146454C74	0x1416AD580		"146454c74:	e8 07 89 25 fb       	call   0x1416ad580"
selfident_handler	0x146454C00	0x146454C85	0x1406D97D0		"146454c85:	e8 46 4b 28 fa       	call   0x1406d97d0"
selfident_handler	0x146454C00	0x146454C9A		0x1484FF748	"146454c9a:	48 8d 15 a7 aa 0a 02 	lea    rdx,[rip+0x20aaaa7]        # 0x1484ff748"
selfident_handler	0x146454C00	0x146454CA1		0x147FC7E00	"146454ca1:	48 8d 0d 58 31 b7 01 	lea    rcx,[rip+0x1b73158]        # 0x147fc7e00"
selfident_handler	0x146454C00	0x146454CA8	0x1416AD580		"146454ca8:	e8 d3 88 25 fb       	call   0x1416ad580"
selfident_handler	0x146454C00	0x146454CD0	0x1402D13A0		"146454cd0:	e8 cb c6 e7 f9       	call   0x1402d13a0"
selfident_handler	0x146454C00	0x146454D07	0x14646ECC0		"146454d07:	e8 b4 9f 01 00       	call   0x14646ecc0"
selfident_handler	0x146454C00	0x146454D2C	0x145A9FA10		"146454d2c:	e8 df ac 64 ff       	call   0x145a9fa10"
selfident_handler	0x146454C00	0x146454D3B	0x145A9FA30		"146454d3b:	e8 f0 ac 64 ff       	call   0x145a9fa30"
selfident_handler	0x146454C00	0x146454D46	0x145A9FA80		"146454d46:	e8 35 ad 64 ff       	call   0x145a9fa80"
selfident_handler	0x146454C00	0x146454D4B		0x147EF8AC0	"146454d4b:	48 8d 35 6e 3d aa 01 	lea    rsi,[rip+0x1aa3d6e]        # 0x147ef8ac0"
selfident_handler	0x146454C00	0x146454D65		0x1405714A4	"146454d65:	48 8d 05 38 c7 11 fa 	lea    rax,[rip+0xfffffffffa11c738]        # 0x1405714a4"
selfident_handler	0x146454C00	0x146454D82		0x1484D16F8	"146454d82:	4c 8d 05 6f c9 07 02 	lea    r8,[rip+0x207c96f]        # 0x1484d16f8"
selfident_handler	0x146454C00	0x146454D93	0x14033D610		"146454d93:	e8 78 88 ee f9       	call   0x14033d610"
selfident_handler	0x146454C00	0x146454D9F	0x141026000		"146454d9f:	e8 5c 12 bd fa       	call   0x141026000"
selfident_handler	0x146454C00	0x146454DA7	0x141721640		"146454da7:	e8 94 c8 2c fb       	call   0x141721640"
selfident_handler	0x146454C00	0x146454DCC		0x14A7BA0E0	"146454dcc:	48 8b 05 0d 53 36 04 	mov    rax,QWORD PTR [rip+0x436530d]        # 0x14a7ba0e0"
selfident_handler	0x146454C00	0x146454DDA		0x147FCDA30	"146454dda:	48 8d 15 4f 8c b7 01 	lea    rdx,[rip+0x1b78c4f]        # 0x147fcda30"
selfident_handler	0x146454C00	0x146454DFB	0x140298E80		"146454dfb:	e8 80 40 e4 f9       	call   0x140298e80"
selfident_handler	0x146454C00	0x146454E27	0x14052E170		"146454e27:	e8 44 93 0d fa       	call   0x14052e170"
selfident_handler	0x146454C00	0x146454E48	0x14149CA40		"146454e48:	e8 f3 7b 04 fb       	call   0x14149ca40"
selfident_handler	0x146454C00	0x146454E87		0x147ECAA98	"146454e87:	ff 15 0b 5c a7 01    	call   QWORD PTR [rip+0x1a75c0b]        # 0x147ecaa98"
selfident_handler	0x146454C00	0x146454EC5		0x147ECAA98	"146454ec5:	ff 15 cd 5b a7 01    	call   QWORD PTR [rip+0x1a75bcd]        # 0x147ecaa98"
selfident_handler	0x146454C00	0x146454EFB		0x147ECAA98	"146454efb:	ff 15 97 5b a7 01    	call   QWORD PTR [rip+0x1a75b97]        # 0x147ecaa98"
selfident_handler	0x146454C00	0x146454F20		0x14A7BA0E0	"146454f20:	48 8b 05 b9 51 36 04 	mov    rax,QWORD PTR [rip+0x43651b9]        # 0x14a7ba0e0"
selfident_handler	0x146454C00	0x146454F2E		0x147FCDA98	"146454f2e:	48 8d 15 63 8b b7 01 	lea    rdx,[rip+0x1b78b63]        # 0x147fcda98"
selfident_handler	0x146454C00	0x146454F53		0x147EF8AC0	"146454f53:	48 8d 05 66 3b aa 01 	lea    rax,[rip+0x1aa3b66]        # 0x147ef8ac0"
selfident_handler	0x146454C00	0x146454F71	0x1402B1040		"146454f71:	e8 ca c0 e5 f9       	call   0x1402b1040"
selfident_handler	0x146454C00	0x146454F91	0x147AAD05B		"146454f91:	e8 c5 80 65 01       	call   0x147aad05b"
selfident_handler	0x146454C00	0x146454FA6		0x147EF8AC0	"146454fa6:	48 8d 05 13 3b aa 01 	lea    rax,[rip+0x1aa3b13]        # 0x147ef8ac0"
selfident_handler	0x146454C00	0x146454FCB	0x14052E170		"146454fcb:	e8 a0 91 0d fa       	call   0x14052e170"
selfident_handler	0x146454C00	0x146454FEC	0x14149CA40		"146454fec:	e8 4f 7a 04 fb       	call   0x14149ca40"
selfident_handler	0x146454C00	0x14645502A		0x147ECAA98	"14645502a:	ff 15 68 5a a7 01    	call   QWORD PTR [rip+0x1a75a68]        # 0x147ecaa98"
selfident_handler	0x146454C00	0x146455069		0x147ECAA98	"146455069:	ff 15 29 5a a7 01    	call   QWORD PTR [rip+0x1a75a29]        # 0x147ecaa98"
selfident_handler	0x146454C00	0x1464550A3		0x147ECAA98	"1464550a3:	ff 15 ef 59 a7 01    	call   QWORD PTR [rip+0x1a759ef]        # 0x147ecaa98"
selfident_handler	0x146454C00	0x1464550D2		0x147ECAA98	"1464550d2:	ff 15 c0 59 a7 01    	call   QWORD PTR [rip+0x1a759c0]        # 0x147ecaa98"
selfident_handler	0x146454C00	0x1464550F6		0x147FC7E00	"1464550f6:	48 8d 0d 03 2d b7 01 	lea    rcx,[rip+0x1b72d03]        # 0x147fc7e00"
selfident_handler	0x146454C00	0x146455132		0x1484FF790	"146455132:	48 8d 15 57 a6 0a 02 	lea    rdx,[rip+0x20aa657]        # 0x1484ff790"
selfident_handler	0x146454C00	0x146455139	0x141721C20		"146455139:	e8 e2 ca 2c fb       	call   0x141721c20"
selfident_handler	0x146454C00	0x146455140		0x1484FF7F0	"146455140:	48 8d 15 a9 a6 0a 02 	lea    rdx,[rip+0x20aa6a9]        # 0x1484ff7f0"
selfident_handler	0x146454C00	0x146455147	0x141721C20		"146455147:	e8 d4 ca 2c fb       	call   0x141721c20"
selfident_handler	0x146454C00	0x14645514C		0x147FC7E00	"14645514c:	48 8d 0d ad 2c b7 01 	lea    rcx,[rip+0x1b72cad]        # 0x147fc7e00"
selfident_handler	0x146454C00	0x146455193		0x1484FF850	"146455193:	48 8d 15 b6 a6 0a 02 	lea    rdx,[rip+0x20aa6b6]        # 0x1484ff850"
selfident_handler	0x146454C00	0x14645519A	0x141721C20		"14645519a:	e8 81 ca 2c fb       	call   0x141721c20"
selfident_handler	0x146454C00	0x1464551A1		0x1484FF8A0	"1464551a1:	48 8d 15 f8 a6 0a 02 	lea    rdx,[rip+0x20aa6f8]        # 0x1484ff8a0"
selfident_handler	0x146454C00	0x1464551A8	0x141721C20		"1464551a8:	e8 73 ca 2c fb       	call   0x141721c20"
selfident_handler	0x146454C00	0x1464551BC	0x147AA6610		"1464551bc:	e8 4f 14 65 01       	call   0x147aa6610"
selfident_handler	0x146454C00	0x1464551E5		0x148048498	"1464551e5:	48 8d 05 ac 32 bf 01 	lea    rax,[rip+0x1bf32ac]        # 0x148048498"
selfident_handler	0x146454C00	0x1464551FA	0x146152B00		"1464551fa:	e8 01 d9 cf ff       	call   0x146152b00"
selfident_handler	0x146454C00	0x146455200		0x14802C150	"146455200:	48 8d 05 49 6f bd 01 	lea    rax,[rip+0x1bd6f49]        # 0x14802c150"
selfident_handler	0x146454C00	0x146455215	0x1402B9910		"146455215:	e8 f6 46 e6 f9       	call   0x1402b9910"
selfident_handler	0x146454C00	0x1464552A9	0x14149CA40		"1464552a9:	e8 92 77 04 fb       	call   0x14149ca40"
selfident_handler	0x146454C00	0x1464552EA	0x14149CA40		"1464552ea:	e8 51 77 04 fb       	call   0x14149ca40"
selfident_handler	0x146454C00	0x14645532D	0x14149CA40		"14645532d:	e8 0e 77 04 fb       	call   0x14149ca40"
selfident_handler	0x146454C00	0x14645534E	0x14149CA40		"14645534e:	e8 ed 76 04 fb       	call   0x14149ca40"
selfident_handler	0x146454C00	0x146455380	0x14149CA40		"146455380:	e8 bb 76 04 fb       	call   0x14149ca40"
selfident_handler	0x146454C00	0x1464553C3	0x14149CA40		"1464553c3:	e8 78 76 04 fb       	call   0x14149ca40"
selfident_handler	0x146454C00	0x1464553D7		0x147EF8AC0	"1464553d7:	48 8d 35 e2 36 aa 01 	lea    rsi,[rip+0x1aa36e2]        # 0x147ef8ac0"
selfident_handler	0x146454C00	0x1464553E6	0x1407F7D80		"1464553e6:	e8 95 29 3a fa       	call   0x1407f7d80"
selfident_handler	0x146454C00	0x146455409	0x14100A050		"146455409:	e8 42 4c bb fa       	call   0x14100a050"
selfident_handler	0x146454C00	0x146455424	0x14100A050		"146455424:	e8 27 4c bb fa       	call   0x14100a050"
selfident_handler	0x146454C00	0x146455431		0x14A829D20	"146455431:	48 8d 15 e8 48 3d 04 	lea    rdx,[rip+0x43d48e8]        # 0x14a829d20"
selfident_handler	0x146454C00	0x146455438		0x14A13C6E8	"146455438:	48 8d 0d a9 72 ce 03 	lea    rcx,[rip+0x3ce72a9]        # 0x14a13c6e8"
selfident_handler	0x146454C00	0x14645543F	0x147AAD091		"14645543f:	e8 4d 7c 65 01       	call   0x147aad091"
selfident_handler	0x146454C00	0x146455447	0x1416AD7E0		"146455447:	e8 94 83 25 fb       	call   0x1416ad7e0"
selfident_handler	0x146454C00	0x14645544C		0x14A7BA0E0	"14645544c:	48 8b 05 8d 4c 36 04 	mov    rax,QWORD PTR [rip+0x4364c8d]        # 0x14a7ba0e0"
selfident_handler	0x146454C00	0x14645546D		0x149F67E28	"14645546d:	4c 8b 05 b4 29 b1 03 	mov    r8,QWORD PTR [rip+0x3b129b4]        # 0x149f67e28"
selfident_handler	0x146454C00	0x146455541	0x147AAD061		"146455541:	e8 1b 7b 65 01       	call   0x147aad061"
selfident_handler	0x146454C00	0x146455589	0x147AAD061		"146455589:	e8 d3 7a 65 01       	call   0x147aad061"
selfident_handler	0x146454C00	0x1464555A9	0x1402B1040		"1464555a9:	e8 92 ba e5 f9       	call   0x1402b1040"
selfident_handler	0x146454C00	0x1464555CC	0x147AAD05B		"1464555cc:	e8 8a 7a 65 01       	call   0x147aad05b"
selfident_handler	0x146454C00	0x1464555E1	0x1406D97D0		"1464555e1:	e8 ea 41 28 fa       	call   0x1406d97d0"
selfident_handler	0x146454C00	0x146455612	0x14167C060		"146455612:	e8 49 6a 22 fb       	call   0x14167c060"
selfident_handler	0x146454C00	0x146455635	0x14149CA40		"146455635:	e8 06 74 04 fb       	call   0x14149ca40"
selfident_handler	0x146454C00	0x14645563F	0x145A87010		"14645563f:	e8 cc 19 63 ff       	call   0x145a87010"
levelinfo_handler	0x146446800	0x14644682A		0x1484FF8F8	"14644682a:	48 8d 15 c7 90 0b 02 	lea    rdx,[rip+0x20b90c7]        # 0x1484ff8f8"
levelinfo_handler	0x146446800	0x146446831		0x147FC7E00	"146446831:	48 8d 0d c8 15 b8 01 	lea    rcx,[rip+0x1b815c8]        # 0x147fc7e00"
levelinfo_handler	0x146446800	0x146446838	0x14143E010		"146446838:	e8 d3 77 ff fa       	call   0x14143e010"
levelinfo_handler	0x146446800	0x146446841		0x14057143C	"146446841:	48 8d 05 f4 ab 12 fa 	lea    rax,[rip+0xfffffffffa12abf4]        # 0x14057143c"
levelinfo_handler	0x146446800	0x146446873	0x1463E42B0		"146446873:	e8 38 da f9 ff       	call   0x1463e42b0"
levelinfo_handler	0x146446800	0x146446882		0x14A7BA0E0	"146446882:	48 8b 05 57 38 37 04 	mov    rax,QWORD PTR [rip+0x4373857]        # 0x14a7ba0e0"
levelinfo_handler	0x146446800	0x146446892		0x1484FF910	"146446892:	48 8d 15 77 90 0b 02 	lea    rdx,[rip+0x20b9077]        # 0x1484ff910"
levelinfo_handler	0x146446800	0x146446899		0x147FC7E00	"146446899:	48 8d 0d 60 15 b8 01 	lea    rcx,[rip+0x1b81560]        # 0x147fc7e00"
levelinfo_handler	0x146446800	0x1464468A0	0x1416AD580		"1464468a0:	e8 db 6c 26 fb       	call   0x1416ad580"
levelinfo_handler	0x146446800	0x1464468D1	0x1464027B0		"1464468d1:	e8 da be fb ff       	call   0x1464027b0"
levelinfo_handler	0x146446800	0x1464468E3	0x146410750		"1464468e3:	e8 68 9e fc ff       	call   0x146410750"
levelinfo_handler	0x146446800	0x1464468F4	0x141650C10		"1464468f4:	e8 17 a3 20 fb       	call   0x141650c10"
levelinfo_handler	0x146446800	0x146446900	0x1406D97D0		"146446900:	e8 cb 2e 29 fa       	call   0x1406d97d0"
levelinfo_handler	0x146446800	0x146446946	0x146463540		"146446946:	e8 f5 cb 01 00       	call   0x146463540"
levelinfo_handler	0x146446800	0x146446965		0x1484FF080	"146446965:	4c 8d 0d 14 87 0b 02 	lea    r9,[rip+0x20b8714]        # 0x1484ff080"
levelinfo_handler	0x146446800	0x14644696C		0x1484FA060	"14644696c:	4c 8b 05 ed 36 0b 02 	mov    r8,QWORD PTR [rip+0x20b36ed]        # 0x1484fa060"
levelinfo_handler	0x146446800	0x146446973		0x1484FE808	"146446973:	48 8d 15 8e 7e 0b 02 	lea    rdx,[rip+0x20b7e8e]        # 0x1484fe808"
levelinfo_handler	0x146446800	0x14644697A		0x1484FC8F0	"14644697a:	48 8d 0d 6f 5f 0b 02 	lea    rcx,[rip+0x20b5f6f]        # 0x1484fc8f0"
levelinfo_handler	0x146446800	0x146446981	0x14143E010		"146446981:	e8 8a 76 ff fa       	call   0x14143e010"
levelinfo_handler	0x146446800	0x146446997	0x14645FD70		"146446997:	e8 d4 93 01 00       	call   0x14645fd70"
levelinfo_handler	0x146446800	0x1464469AA	0x140877E60		"1464469aa:	e8 b1 14 43 fa       	call   0x140877e60"
levelinfo_handler	0x146446800	0x1464469B9	0x140870C50		"1464469b9:	e8 92 a2 42 fa       	call   0x140870c50"
levelinfo_handler	0x146446800	0x1464469C2	0x140877E60		"1464469c2:	e8 99 14 43 fa       	call   0x140877e60"
levelinfo_handler	0x146446800	0x1464469D1	0x140870C50		"1464469d1:	e8 7a a2 42 fa       	call   0x140870c50"
levelinfo_handler	0x146446800	0x1464469F1		0x1484FF940	"1464469f1:	48 8d 15 48 8f 0b 02 	lea    rdx,[rip+0x20b8f48]        # 0x1484ff940"
levelinfo_handler	0x146446800	0x1464469F8		0x147FC7E00	"1464469f8:	48 8d 0d 01 14 b8 01 	lea    rcx,[rip+0x1b81401]        # 0x147fc7e00"
levelinfo_handler	0x146446800	0x1464469FF	0x14143E010		"1464469ff:	e8 0c 76 ff fa       	call   0x14143e010"
levelinfo_handler	0x146446800	0x146446A43	0x146410B80		"146446a43:	e8 38 a1 fc ff       	call   0x146410b80"
levelinfo_handler	0x146446800	0x146446AF8	0x147AA664C		"146446af8:	e8 4f fb 65 01       	call   0x147aa664c"
levelinfo_handler	0x146446800	0x146446B8A	0x146410B80		"146446b8a:	e8 f1 9f fc ff       	call   0x146410b80"
levelinfo_handler	0x146446800	0x146446C36		0x147ECAE68	"146446c36:	ff 15 2c 42 a8 01    	call   QWORD PTR [rip+0x1a8422c]        # 0x147ecae68"
levelinfo_handler	0x146446800	0x146446C40	0x147AA664C		"146446c40:	e8 07 fa 65 01       	call   0x147aa664c"
levelinfo_handler	0x146446800	0x146446C52		0x1484FF9A8	"146446c52:	48 8d 15 4f 8d 0b 02 	lea    rdx,[rip+0x20b8d4f]        # 0x1484ff9a8"
levelinfo_handler	0x146446800	0x146446C5B		0x1484FF9E0	"146446c5b:	48 8d 15 7e 8d 0b 02 	lea    rdx,[rip+0x20b8d7e]        # 0x1484ff9e0"
levelinfo_handler	0x146446800	0x146446C62		0x147FC7E00	"146446c62:	48 8d 0d 97 11 b8 01 	lea    rcx,[rip+0x1b81197]        # 0x147fc7e00"
levelinfo_handler	0x146446800	0x146446C69	0x14143E010		"146446c69:	e8 a2 73 ff fa       	call   0x14143e010"
