seq	direction	type	size	class	uuid	unmarshal	stage
0x0	W	0x13	2750	RegistrationRequestV3Msg	0B826B33-89F5-49E0-B8CB-FE4433427778	0x1407CE8E0	EARLY_SETUP
0x1	R	0x3	88	RegistrationResponseMsg	104145A7-FF95-44F1-9468-21FB41C8AC2B	0x1407CD040	EARLY_SETUP
0x2	R	0x15d	12	PingMsg	6A379FB8-0BDD-43A1-AB3E-9843D7BE8CD3	0x1407CDA70	EARLY_SETUP
0x3	W	0x15d	36	PingMsg	6A379FB8-0BDD-43A1-AB3E-9843D7BE8CD3	0x1407CDA70	EARLY_SETUP
0x4	R	0x40a	76	CoatlicueClientMessages::CalendarConnectedMsg	979E13FB-7A0A-4DDC-922B-D042E16E0BE4	0x14646BF10	EARLY_SETUP
0x5	R	0x1be	76	CoatlicueClientMessages::CoatlicueTimingConfigurationConnectedMsg	1E718638-0A57-4C40-A31D-E2A3B44245E7	0x14646C070	EARLY_SETUP
0x6	R	0x65c	12706	Javelin::ClientMessagesTrait::PlayerManagerSelfIdentificationMsg	169443E0-A508-4653-B437-49B7A195F69C	0x1414FD530	EARLY_SETUP
0x7	R	0x651	4	Javelin::ClientViewListenerTrait::ReceivePlayerSpawnPointMsg	21207525-B448-4193-AACA-83D4F847929F	0x1414E3930	EARLY_SETUP
0x8	R	0xa4	20	ClientAddEntryMsg	E3578B38-69AD-4C13-A7DD-3FFF752D98AA	0x1407C8A70	EARLY_SETUP
0x9	R	0xca4	102	Javelin::ClientMessages::EventNotificationComponentClientFacet_SyncNotifications	F725B229-7E4B-4446-8BC2-FD6A54E92A9C	0x143197FE0	EARLY_SETUP
0xa	R	0x14f	12	TimeSynchMsg	038CD847-0653-4243-9A26-936E3BD7F312	0x1407CC8F0	EARLY_SETUP
0xb	R	0x18a6	40	Javelin::ClientMessages::GridTrackingComponentClientFacet_UpdatePhasing	D33230C8-9B7C-4B25-AFAA-254F8875A606	0x141549930	EARLY_SETUP
0xc	R	0x1b88	42	Javelin::ClientMessages::GlobalStorageComponentClientFacet_ReceiveStorageSearchItems	AA0A0B64-475A-4828-A050-7B1A3F045493	0x142CD62D0	EARLY_SETUP
0xd	R	0x1b88	42	Javelin::ClientMessages::GlobalStorageComponentClientFacet_ReceiveStorageSearchItems	AA0A0B64-475A-4828-A050-7B1A3F045493	0x142CD62D0	EARLY_SETUP
0xe	R	0x1b88	42	Javelin::ClientMessages::GlobalStorageComponentClientFacet_ReceiveStorageSearchItems	AA0A0B64-475A-4828-A050-7B1A3F045493	0x142CD62D0	EARLY_SETUP
0xf	R	0xa4	20	ClientAddEntryMsg	E3578B38-69AD-4C13-A7DD-3FFF752D98AA	0x1407C8A70	EARLY_SETUP
0x10	R	0x663	110	Javelin::ClientMessagesTrait::LevelInfoChangedMsg	45918D03-02E7-42A4-8A30-1B205F8C37FE	0x1415009E0	EARLY_SETUP
0x11	R	0x1b88	42	Javelin::ClientMessages::GlobalStorageComponentClientFacet_ReceiveStorageSearchItems	AA0A0B64-475A-4828-A050-7B1A3F045493	0x142CD62D0	EARLY_SETUP
0x12	R	0x1b88	42	Javelin::ClientMessages::GlobalStorageComponentClientFacet_ReceiveStorageSearchItems	AA0A0B64-475A-4828-A050-7B1A3F045493	0x142CD62D0	EARLY_SETUP
0x13	R	0x1b88	42	Javelin::ClientMessages::GlobalStorageComponentClientFacet_ReceiveStorageSearchItems	AA0A0B64-475A-4828-A050-7B1A3F045493	0x142CD62D0	EARLY_SETUP
0x14	R	0x1b88	42	Javelin::ClientMessages::GlobalStorageComponentClientFacet_ReceiveStorageSearchItems	AA0A0B64-475A-4828-A050-7B1A3F045493	0x142CD62D0	EARLY_SETUP
0x15	R	0x1b88	42	Javelin::ClientMessages::GlobalStorageComponentClientFacet_ReceiveStorageSearchItems	AA0A0B64-475A-4828-A050-7B1A3F045493	0x142CD62D0	EARLY_SETUP
0x16	R	0x1b88	42	Javelin::ClientMessages::GlobalStorageComponentClientFacet_ReceiveStorageSearchItems	AA0A0B64-475A-4828-A050-7B1A3F045493	0x142CD62D0	EARLY_SETUP
0x17	R	0x1b88	42	Javelin::ClientMessages::GlobalStorageComponentClientFacet_ReceiveStorageSearchItems	AA0A0B64-475A-4828-A050-7B1A3F045493	0x142CD62D0	EARLY_SETUP
0x18	R	0x1b88	42	Javelin::ClientMessages::GlobalStorageComponentClientFacet_ReceiveStorageSearchItems	AA0A0B64-475A-4828-A050-7B1A3F045493	0x142CD62D0	EARLY_SETUP
0x19	R	0x1b88	42	Javelin::ClientMessages::GlobalStorageComponentClientFacet_ReceiveStorageSearchItems	AA0A0B64-475A-4828-A050-7B1A3F045493	0x142CD62D0	EARLY_SETUP
0x1a	R	0x1b88	42	Javelin::ClientMessages::GlobalStorageComponentClientFacet_ReceiveStorageSearchItems	AA0A0B64-475A-4828-A050-7B1A3F045493	0x142CD62D0	EARLY_SETUP
0x1b	R	0x1b88	42	Javelin::ClientMessages::GlobalStorageComponentClientFacet_ReceiveStorageSearchItems	AA0A0B64-475A-4828-A050-7B1A3F045493	0x142CD62D0	EARLY_SETUP
0x1c	R	0x1b88	42	Javelin::ClientMessages::GlobalStorageComponentClientFacet_ReceiveStorageSearchItems	AA0A0B64-475A-4828-A050-7B1A3F045493	0x142CD62D0	EARLY_SETUP
0x1d	R	0x1b88	42	Javelin::ClientMessages::GlobalStorageComponentClientFacet_ReceiveStorageSearchItems	AA0A0B64-475A-4828-A050-7B1A3F045493	0x142CD62D0	EARLY_SETUP
0x1e	R	0x1b88	42	Javelin::ClientMessages::GlobalStorageComponentClientFacet_ReceiveStorageSearchItems	AA0A0B64-475A-4828-A050-7B1A3F045493	0x142CD62D0	EARLY_SETUP
0x1f	R	0x1b88	42	Javelin::ClientMessages::GlobalStorageComponentClientFacet_ReceiveStorageSearchItems	AA0A0B64-475A-4828-A050-7B1A3F045493	0x142CD62D0	EARLY_SETUP
0x20	R	0x1b88	42	Javelin::ClientMessages::GlobalStorageComponentClientFacet_ReceiveStorageSearchItems	AA0A0B64-475A-4828-A050-7B1A3F045493	0x142CD62D0	EARLY_SETUP
0x21	R	0x1b88	42	Javelin::ClientMessages::GlobalStorageComponentClientFacet_ReceiveStorageSearchItems	AA0A0B64-475A-4828-A050-7B1A3F045493	0x142CD62D0	EARLY_SETUP
0x22	R	0x1b88	42	Javelin::ClientMessages::GlobalStorageComponentClientFacet_ReceiveStorageSearchItems	AA0A0B64-475A-4828-A050-7B1A3F045493	0x142CD62D0	EARLY_SETUP
0x23	R	0x1b88	42	Javelin::ClientMessages::GlobalStorageComponentClientFacet_ReceiveStorageSearchItems	AA0A0B64-475A-4828-A050-7B1A3F045493	0x142CD62D0	EARLY_SETUP
0x24	R	0x1b88	42	Javelin::ClientMessages::GlobalStorageComponentClientFacet_ReceiveStorageSearchItems	AA0A0B64-475A-4828-A050-7B1A3F045493	0x142CD62D0	EARLY_SETUP
0x25	R	0x8	46423	Amazon::Hub::ReplicatedStateBundle	8A40AEC2-AE07-4F92-9BF3-78FC0CC94FDF	0x14646C2B0	LARGE_INIT_BURST
0x26	R	0x136a	28	Javelin::ClientMessages::GameModeParticipantComponentClientFacet_OnLeftQueueForGameModeMsg	F8B391FF-9D75-4BD3-8BC1-3CBE1B0850FA	0x14327C880	LARGE_INIT_BURST
0x27	R	0x14f	12	TimeSynchMsg	038CD847-0653-4243-9A26-936E3BD7F312	0x1407CC8F0	LARGE_INIT_BURST
0x28	R	0x16a0	153	Javelin::ClientMessages::InventoriesComponentClientFacet_OnQueryInventories	0E1245B4-B51A-47CB-8907-B6203F0759A2	0x1435EF1C0	LARGE_INIT_BURST
0x29	R	0x16a0	99819	Javelin::ClientMessages::InventoriesComponentClientFacet_OnQueryInventories	0E1245B4-B51A-47CB-8907-B6203F0759A2	0x1435EF1C0	LARGE_INIT_BURST
0x2a	R	0x8	46407	Amazon::Hub::ReplicatedStateBundle	8A40AEC2-AE07-4F92-9BF3-78FC0CC94FDF	0x14646C2B0	LARGE_INIT_BURST
0x2b	R	0x8	46407	Amazon::Hub::ReplicatedStateBundle	8A40AEC2-AE07-4F92-9BF3-78FC0CC94FDF	0x14646C2B0	LARGE_INIT_BURST
0x2c	R	0x15d	12	PingMsg	6A379FB8-0BDD-43A1-AB3E-9843D7BE8CD3	0x1407CDA70	LARGE_INIT_BURST
0x2d	W	0x15d	36	PingMsg	6A379FB8-0BDD-43A1-AB3E-9843D7BE8CD3	0x1407CDA70	LARGE_INIT_BURST
0x2e	R	0x8	46407	Amazon::Hub::ReplicatedStateBundle	8A40AEC2-AE07-4F92-9BF3-78FC0CC94FDF	0x14646C2B0	LARGE_INIT_BURST
0x2f	R	0x8	46407	Amazon::Hub::ReplicatedStateBundle	8A40AEC2-AE07-4F92-9BF3-78FC0CC94FDF	0x14646C2B0	LARGE_INIT_BURST
0x30	R	0x8	46407	Amazon::Hub::ReplicatedStateBundle	8A40AEC2-AE07-4F92-9BF3-78FC0CC94FDF	0x14646C2B0	LARGE_INIT_BURST
0x31	R	0x15d	12	PingMsg	6A379FB8-0BDD-43A1-AB3E-9843D7BE8CD3	0x1407CDA70	LARGE_INIT_BURST
0x32	W	0x15d	36	PingMsg	6A379FB8-0BDD-43A1-AB3E-9843D7BE8CD3	0x1407CDA70	LARGE_INIT_BURST
0x33	R	0x8	46407	Amazon::Hub::ReplicatedStateBundle	8A40AEC2-AE07-4F92-9BF3-78FC0CC94FDF	0x14646C2B0	LARGE_INIT_BURST
0x34	R	0x8	46407	Amazon::Hub::ReplicatedStateBundle	8A40AEC2-AE07-4F92-9BF3-78FC0CC94FDF	0x14646C2B0	LARGE_INIT_BURST
0x35	R	0x8	46407	Amazon::Hub::ReplicatedStateBundle	8A40AEC2-AE07-4F92-9BF3-78FC0CC94FDF	0x14646C2B0	LARGE_INIT_BURST
0x36	R	0x15d	12	PingMsg	6A379FB8-0BDD-43A1-AB3E-9843D7BE8CD3	0x1407CDA70	LARGE_INIT_BURST
0x37	W	0x15d	36	PingMsg	6A379FB8-0BDD-43A1-AB3E-9843D7BE8CD3	0x1407CDA70	LARGE_INIT_BURST
0x38	R	0x18a6	40	Javelin::ClientMessages::GridTrackingComponentClientFacet_UpdatePhasing	D33230C8-9B7C-4B25-AFAA-254F8875A606	0x141549930	LARGE_INIT_BURST
0x39	W	0x1098	44	Javelin::ClientMessages::TimeComponentServerFacet_SyncToClient	5AFEA411-9BF6-4DBE-AF48-B8CB7EE0F6A3	0x144071AE0	LARGE_INIT_BURST
0x3a	W	0x9d3	48	Javelin::ClientMessages::PlayerSettingsComponentServerFacet_ReceiveSettingsFromClient	C3AB71F9-3530-41A2-8EDC-A417400F5532	0x142A564B0	LARGE_INIT_BURST
0x3b	W	0x9fc	102	Javelin::ClientMessages::ContractsComponentServerFacet_LookupContractsByParticipant	D61428C7-6D83-4DCC-B28C-705C6CE16C8A	0x142DA2E70	LARGE_INIT_BURST
0x3c	R	0x14f	12	TimeSynchMsg	038CD847-0653-4243-9A26-936E3BD7F312	0x1407CC8F0	LARGE_INIT_BURST
0x3d	W	0xa95	81	Javelin::ClientMessages::ObjectivesComponentServerFacet_SetObjectiveAutoPinning	CB4BA5E5-1D70-4B33-81AA-A045BEBA4706	0x1439EDE20	LARGE_INIT_BURST
0x3e	W	0x10b0	45	Javelin::ClientMessages::TraversalComponentServerFacet_SyncIsAutoTraversalEnabled	6E9C33D1-48F0-45FF-977E-0DF99D687B84	0x144146B30	LARGE_INIT_BURST
0x3f	W	0x101a	45	Javelin::ClientMessages::SpectatedPlayerComponentServerFacet_SetIsPublic	702F8589-BC11-47C9-8425-47A78B09E0B5	0x143F9AFD0	LARGE_INIT_BURST
0x40	W	0x187c	45	Javelin::ClientMessages::MountComponentServerFacet_OnMountDashToggleChanged	CC6E0819-6FE0-4036-8F56-E8A47468331C	0x1438BB0B0	LARGE_INIT_BURST
0x41	W	0x187f	45	Javelin::ClientMessages::MountComponentServerFacet_OnMountSlowWalkChanged	F56E3380-24B5-4676-80F1-91FE2DA66B2D	0x1438BB5D0	LARGE_INIT_BURST
0x42	R	0x8	46407	Amazon::Hub::ReplicatedStateBundle	8A40AEC2-AE07-4F92-9BF3-78FC0CC94FDF	0x14646C2B0	LARGE_INIT_BURST
0x43	R	0x8e6	42	Javelin::ClientMessages::ContractsComponentClientFacet_OnLookupContractsByParticipant	8C39E814-EBFF-48DC-9CFC-CDB0080A300F	0x142D9BFB0	LARGE_INIT_BURST
0x44	R	0x8	46407	Amazon::Hub::ReplicatedStateBundle	8A40AEC2-AE07-4F92-9BF3-78FC0CC94FDF	0x14646C2B0	LARGE_INIT_BURST
0x45	R	0x15d	12	PingMsg	6A379FB8-0BDD-43A1-AB3E-9843D7BE8CD3	0x1407CDA70	LARGE_INIT_BURST
0x46	W	0x15d	36	PingMsg	6A379FB8-0BDD-43A1-AB3E-9843D7BE8CD3	0x1407CDA70	LARGE_INIT_BURST
0x47	R	0x8	46407	Amazon::Hub::ReplicatedStateBundle	8A40AEC2-AE07-4F92-9BF3-78FC0CC94FDF	0x14646C2B0	LARGE_INIT_BURST
0x48	R	0x8	46407	Amazon::Hub::ReplicatedStateBundle	8A40AEC2-AE07-4F92-9BF3-78FC0CC94FDF	0x14646C2B0	LARGE_INIT_BURST
0x49	R	0x8	46407	Amazon::Hub::ReplicatedStateBundle	8A40AEC2-AE07-4F92-9BF3-78FC0CC94FDF	0x14646C2B0	LARGE_INIT_BURST
0x4a	R	0x15d	12	PingMsg	6A379FB8-0BDD-43A1-AB3E-9843D7BE8CD3	0x1407CDA70	LARGE_INIT_BURST
0x4b	W	0x15d	36	PingMsg	6A379FB8-0BDD-43A1-AB3E-9843D7BE8CD3	0x1407CDA70	LARGE_INIT_BURST
0x4c	R	0x8	46407	Amazon::Hub::ReplicatedStateBundle	8A40AEC2-AE07-4F92-9BF3-78FC0CC94FDF	0x14646C2B0	LARGE_INIT_BURST
0x4d	R	0x663	110	Javelin::ClientMessagesTrait::LevelInfoChangedMsg	45918D03-02E7-42A4-8A30-1B205F8C37FE	0x1415009E0	LARGE_INIT_BURST
0x4e	R	0x8	46407	Amazon::Hub::ReplicatedStateBundle	8A40AEC2-AE07-4F92-9BF3-78FC0CC94FDF	0x14646C2B0	LARGE_INIT_BURST
0x4f	R	0x8	46407	Amazon::Hub::ReplicatedStateBundle	8A40AEC2-AE07-4F92-9BF3-78FC0CC94FDF	0x14646C2B0	LARGE_INIT_BURST
0x50	R	0x15d	12	PingMsg	6A379FB8-0BDD-43A1-AB3E-9843D7BE8CD3	0x1407CDA70	LARGE_INIT_BURST
0x51	W	0x15d	36	PingMsg	6A379FB8-0BDD-43A1-AB3E-9843D7BE8CD3	0x1407CDA70	LARGE_INIT_BURST
0x52	R	0x8	46407	Amazon::Hub::ReplicatedStateBundle	8A40AEC2-AE07-4F92-9BF3-78FC0CC94FDF	0x14646C2B0	LARGE_INIT_BURST
0x53	R	0x18a6	40	Javelin::ClientMessages::GridTrackingComponentClientFacet_UpdatePhasing	D33230C8-9B7C-4B25-AFAA-254F8875A606	0x141549930	LARGE_INIT_BURST
0x54	R	0x14f	12	TimeSynchMsg	038CD847-0653-4243-9A26-936E3BD7F312	0x1407CC8F0	LARGE_INIT_BURST
0x55	R	0x8	46407	Amazon::Hub::ReplicatedStateBundle	8A40AEC2-AE07-4F92-9BF3-78FC0CC94FDF	0x14646C2B0	LARGE_INIT_BURST
0x56	R	0x8	46407	Amazon::Hub::ReplicatedStateBundle	8A40AEC2-AE07-4F92-9BF3-78FC0CC94FDF	0x14646C2B0	LARGE_INIT_BURST
0x57	R	0x15d	12	PingMsg	6A379FB8-0BDD-43A1-AB3E-9843D7BE8CD3	0x1407CDA70	LARGE_INIT_BURST
0x58	W	0x15d	36	PingMsg	6A379FB8-0BDD-43A1-AB3E-9843D7BE8CD3	0x1407CDA70	LARGE_INIT_BURST
0x59	R	0x8	46407	Amazon::Hub::ReplicatedStateBundle	8A40AEC2-AE07-4F92-9BF3-78FC0CC94FDF	0x14646C2B0	LARGE_INIT_BURST
0x5a	R	0x8	46407	Amazon::Hub::ReplicatedStateBundle	8A40AEC2-AE07-4F92-9BF3-78FC0CC94FDF	0x14646C2B0	LARGE_INIT_BURST
0x5b	R	0x8	46407	Amazon::Hub::ReplicatedStateBundle	8A40AEC2-AE07-4F92-9BF3-78FC0CC94FDF	0x14646C2B0	LARGE_INIT_BURST
0x5c	R	0x15d	12	PingMsg	6A379FB8-0BDD-43A1-AB3E-9843D7BE8CD3	0x1407CDA70	LARGE_INIT_BURST
0x5d	W	0x15d	36	PingMsg	6A379FB8-0BDD-43A1-AB3E-9843D7BE8CD3	0x1407CDA70	LARGE_INIT_BURST
0x5e	W	0x102e	46	Javelin::ClientMessages::SocialComponentServerFacet_RequestStreamerModeDataSync	5D87AA99-1815-4D49-845B-BB29D1607887	0x143EB4CF0	LARGE_INIT_BURST
0x5f	W	0x102f	44	Javelin::ClientMessages::SocialComponentServerFacet_SendAvailableTitlesToClient	81EAD9F2-4838-490C-BD12-E9D78B98075F	0x143EB8180	LARGE_INIT_BURST
0x60	W	0x192c	54	Javelin::ClientMessages::SocialComponentServerFacet_RequestCrossplayPermissionsDataSync	9FF57F0B-9AE9-4A69-9EBF-1BAB649EE271	0x143EB5F50	LARGE_INIT_BURST
0x61	W	0x101d	45	Javelin::ClientMessages::ChatComponentServerFacet_SetProfanityFilterEnabled	E3262DD9-73FA-4895-A567-1C1637574323	0x143E61B10	LARGE_INIT_BURST
0x62	R	0x1033	498	Javelin::ClientMessages::SocialComponentClientFacet_ReceiveAvailableTitles	8FA38DAE-941A-4FA2-99D8-40820F27871E	0x143EA1A20	LARGE_INIT_BURST
0x63	W	0xf7f	45	Javelin::ClientMessages::PlayerComponentServerFacet_OnCullLimitPctChangeRequest	8950B8C3-339D-4B05-92BC-7C4CF54FB872	0x146564B30	LARGE_INIT_BURST
0x64	W	0x66b	44	Javelin::ClientMessages::VoiceChatComponentServerFacet_RegisterVoiceChatService	1505D3B1-754A-45E8-8865-B3DAA4B4B7B2	0x143F22C90	LARGE_INIT_BURST
0x65	R	0x1067	86	Javelin::ClientMessages::VoiceChatComponentClientFacet_OnVoiceChatServiceRegistered	09FF1758-EBFD-4EFC-B133-DB18F814C973	0x143F21380	LARGE_INIT_BURST
0x66	R	0x8	46407	Amazon::Hub::ReplicatedStateBundle	8A40AEC2-AE07-4F92-9BF3-78FC0CC94FDF	0x14646C2B0	LARGE_INIT_BURST
0x67	W	0x143d	45	Javelin::ClientMessages::PlayerComponentServerFacet_OnAckLevelInfoChanged	971DDBB2-67DB-4BEB-9632-85851D0EE00E	0x14658A6A0	LARGE_INIT_BURST
0x68	R	0x18a6	40	Javelin::ClientMessages::GridTrackingComponentClientFacet_UpdatePhasing	D33230C8-9B7C-4B25-AFAA-254F8875A606	0x141549930	LARGE_INIT_BURST
0x69	W	0x1a59	45	Javelin::ClientMessages::GridTrackingComponentServerFacet_ClientAckPhasingUpdate	B42B3E49-B674-405C-A6AD-0CC5A8E368BA	0x14152EBB0	LARGE_INIT_BURST
0x6a	W	0x1a59	45	Javelin::ClientMessages::GridTrackingComponentServerFacet_ClientAckPhasingUpdate	B42B3E49-B674-405C-A6AD-0CC5A8E368BA	0x14152EBB0	LARGE_INIT_BURST
0x6b	W	0x12f6	299	Javelin::ClientMessages::PlayerComponentServerFacet_OnTelemetryOptionsDataChanged	6E2A29B1-AF9E-441C-8A71-67C409FDEEBC	0x14659B1F0	LARGE_INIT_BURST
0x6c	R	0x8	46407	Amazon::Hub::ReplicatedStateBundle	8A40AEC2-AE07-4F92-9BF3-78FC0CC94FDF	0x14646C2B0	LARGE_INIT_BURST
0x6d	W	0x1a59	45	Javelin::ClientMessages::GridTrackingComponentServerFacet_ClientAckPhasingUpdate	B42B3E49-B674-405C-A6AD-0CC5A8E368BA	0x14152EBB0	POST_INIT
0x6e	W	0x635	93	Javelin::ClientMessages::ActionListComponentServerFacet_ReceiveInputFromClient	01346CCD-785E-448D-A429-4B281972B1D7	0x144867C70	POST_INIT
0x6f	W	0x635	108	Javelin::ClientMessages::ActionListComponentServerFacet_ReceiveInputFromClient	01346CCD-785E-448D-A429-4B281972B1D7	0x144867C70	POST_INIT
0x70	W	0x635	123	Javelin::ClientMessages::ActionListComponentServerFacet_ReceiveInputFromClient	01346CCD-785E-448D-A429-4B281972B1D7	0x144867C70	POST_INIT
0x71	W	0x635	138	Javelin::ClientMessages::ActionListComponentServerFacet_ReceiveInputFromClient	01346CCD-785E-448D-A429-4B281972B1D7	0x144867C70	POST_INIT
0x72	W	0x635	153	Javelin::ClientMessages::ActionListComponentServerFacet_ReceiveInputFromClient	01346CCD-785E-448D-A429-4B281972B1D7	0x144867C70	POST_INIT
0x73	R	0x8	7166	Amazon::Hub::ReplicatedStateBundle	8A40AEC2-AE07-4F92-9BF3-78FC0CC94FDF	0x14646C2B0	POST_INIT
0x74	R	0x8	989	Amazon::Hub::ReplicatedStateBundle	8A40AEC2-AE07-4F92-9BF3-78FC0CC94FDF	0x14646C2B0	POST_INIT
0x75	R	0x1096	80	Javelin::ClientMessages::TimeComponentClientFacet_SyncTimeChange	49A52E21-1EFC-4501-B58D-3D14E6B04236	0x1440713A0	POST_INIT
0x76	R	0x1097	24	Javelin::ClientMessages::TimeComponentClientFacet_SyncDayPhase	DEEBDC36-DEA0-4852-84F6-A63ABEA5E8BA	0x1440716C0	POST_INIT
0x77	R	0x8	1003	Amazon::Hub::ReplicatedStateBundle	8A40AEC2-AE07-4F92-9BF3-78FC0CC94FDF	0x14646C2B0	POST_INIT
0x78	R	0x8	988	Amazon::Hub::ReplicatedStateBundle	8A40AEC2-AE07-4F92-9BF3-78FC0CC94FDF	0x14646C2B0	POST_INIT
0x79	R	0x8	1010	Amazon::Hub::ReplicatedStateBundle	8A40AEC2-AE07-4F92-9BF3-78FC0CC94FDF	0x14646C2B0	POST_INIT
0x7a	R	0x8	427	Amazon::Hub::ReplicatedStateBundle	8A40AEC2-AE07-4F92-9BF3-78FC0CC94FDF	0x14646C2B0	POST_INIT
0x7b	R	0x8	1013	Amazon::Hub::ReplicatedStateBundle	8A40AEC2-AE07-4F92-9BF3-78FC0CC94FDF	0x14646C2B0	POST_INIT
0x7c	R	0x8	1314	Amazon::Hub::ReplicatedStateBundle	8A40AEC2-AE07-4F92-9BF3-78FC0CC94FDF	0x14646C2B0	POST_INIT
0x7d	R	0x8	1800	Amazon::Hub::ReplicatedStateBundle	8A40AEC2-AE07-4F92-9BF3-78FC0CC94FDF	0x14646C2B0	POST_INIT
0x7e	R	0x8	1591	Amazon::Hub::ReplicatedStateBundle	8A40AEC2-AE07-4F92-9BF3-78FC0CC94FDF	0x14646C2B0	POST_INIT
0x7f	R	0x8	992	Amazon::Hub::ReplicatedStateBundle	8A40AEC2-AE07-4F92-9BF3-78FC0CC94FDF	0x14646C2B0	POST_INIT
0x80	R	0x8	979	Amazon::Hub::ReplicatedStateBundle	8A40AEC2-AE07-4F92-9BF3-78FC0CC94FDF	0x14646C2B0	SPAWN_MASTER_WINDOW
0x81	R	0x8	992	Amazon::Hub::ReplicatedStateBundle	8A40AEC2-AE07-4F92-9BF3-78FC0CC94FDF	0x14646C2B0	SPAWN_MASTER_WINDOW
0x82	R	0x8	985	Amazon::Hub::ReplicatedStateBundle	8A40AEC2-AE07-4F92-9BF3-78FC0CC94FDF	0x14646C2B0	SPAWN_MASTER_WINDOW
0x83	R	0x8	730	Amazon::Hub::ReplicatedStateBundle	8A40AEC2-AE07-4F92-9BF3-78FC0CC94FDF	0x14646C2B0	SPAWN_MASTER_WINDOW
0x84	R	0x8	774	Amazon::Hub::ReplicatedStateBundle	8A40AEC2-AE07-4F92-9BF3-78FC0CC94FDF	0x14646C2B0	SPAWN_MASTER_WINDOW
0x85	R	0x8	1591	Amazon::Hub::ReplicatedStateBundle	8A40AEC2-AE07-4F92-9BF3-78FC0CC94FDF	0x14646C2B0	SPAWN_MASTER_WINDOW
0x86	R	0x8	706	Amazon::Hub::ReplicatedStateBundle	8A40AEC2-AE07-4F92-9BF3-78FC0CC94FDF	0x14646C2B0	SPAWN_MASTER_WINDOW
0x87	R	0x8	830	Amazon::Hub::ReplicatedStateBundle	8A40AEC2-AE07-4F92-9BF3-78FC0CC94FDF	0x14646C2B0	SPAWN_MASTER_WINDOW
0x88	R	0x8	3111	Amazon::Hub::ReplicatedStateBundle	8A40AEC2-AE07-4F92-9BF3-78FC0CC94FDF	0x14646C2B0	SPAWN_MASTER_WINDOW
0x89	R	0x8	356	Amazon::Hub::ReplicatedStateBundle	8A40AEC2-AE07-4F92-9BF3-78FC0CC94FDF	0x14646C2B0	SPAWN_MASTER_WINDOW
0x8a	R	0x8	678	Amazon::Hub::ReplicatedStateBundle	8A40AEC2-AE07-4F92-9BF3-78FC0CC94FDF	0x14646C2B0	SPAWN_MASTER_WINDOW
0x8b	R	0x8	916	Amazon::Hub::ReplicatedStateBundle	8A40AEC2-AE07-4F92-9BF3-78FC0CC94FDF	0x14646C2B0	SPAWN_MASTER_WINDOW
0x8c	R	0x8	728	Amazon::Hub::ReplicatedStateBundle	8A40AEC2-AE07-4F92-9BF3-78FC0CC94FDF	0x14646C2B0	SPAWN_MASTER_WINDOW
0x8d	R	0x8	2713	Amazon::Hub::ReplicatedStateBundle	8A40AEC2-AE07-4F92-9BF3-78FC0CC94FDF	0x14646C2B0	SPAWN_MASTER_WINDOW
0x8e	R	0x15d	12	PingMsg	6A379FB8-0BDD-43A1-AB3E-9843D7BE8CD3	0x1407CDA70	SPAWN_MASTER_WINDOW
0x8f	W	0x15d	36	PingMsg	6A379FB8-0BDD-43A1-AB3E-9843D7BE8CD3	0x1407CDA70	SPAWN_MASTER_WINDOW
0x90	R	0x8	916	Amazon::Hub::ReplicatedStateBundle	8A40AEC2-AE07-4F92-9BF3-78FC0CC94FDF	0x14646C2B0	SPAWN_MASTER_WINDOW
0x91	R	0x8	717	Amazon::Hub::ReplicatedStateBundle	8A40AEC2-AE07-4F92-9BF3-78FC0CC94FDF	0x14646C2B0	SPAWN_MASTER_WINDOW
0x92	W	0x5b2	45	Javelin::ClientMessages::ObjectivesComponentServerFacet_UpdateTrackedObjectives	298436A9-06D0-4BDA-8DD9-0708B36E7374	0x1439E9880	SPAWN_MASTER_WINDOW
0x93	R	0x8	739	Amazon::Hub::ReplicatedStateBundle	8A40AEC2-AE07-4F92-9BF3-78FC0CC94FDF	0x14646C2B0	SPAWN_MASTER_WINDOW
0x94	R	0x8	9978	Amazon::Hub::ReplicatedStateBundle	8A40AEC2-AE07-4F92-9BF3-78FC0CC94FDF	0x14646C2B0	SPAWN_MASTER_WINDOW
0x95	R	0x8	2858	Amazon::Hub::ReplicatedStateBundle	8A40AEC2-AE07-4F92-9BF3-78FC0CC94FDF	0x14646C2B0	SPAWN_MASTER_WINDOW
0x96	R	0x8	2579	Amazon::Hub::ReplicatedStateBundle	8A40AEC2-AE07-4F92-9BF3-78FC0CC94FDF	0x14646C2B0	SPAWN_MASTER_WINDOW
0x97	R	0x8	588	Amazon::Hub::ReplicatedStateBundle	8A40AEC2-AE07-4F92-9BF3-78FC0CC94FDF	0x14646C2B0	SPAWN_MASTER_WINDOW
0x98	R	0x8	7167	Amazon::Hub::ReplicatedStateBundle	8A40AEC2-AE07-4F92-9BF3-78FC0CC94FDF	0x14646C2B0	SPAWN_MASTER_WINDOW
0x99	W	0x5b2	45	Javelin::ClientMessages::ObjectivesComponentServerFacet_UpdateTrackedObjectives	298436A9-06D0-4BDA-8DD9-0708B36E7374	0x1439E9880	SPAWN_MASTER_WINDOW
0x9a	R	0x8	7167	Amazon::Hub::ReplicatedStateBundle	8A40AEC2-AE07-4F92-9BF3-78FC0CC94FDF	0x14646C2B0	SPAWN_MASTER_WINDOW
0x9b	W	0x5b2	45	Javelin::ClientMessages::ObjectivesComponentServerFacet_UpdateTrackedObjectives	298436A9-06D0-4BDA-8DD9-0708B36E7374	0x1439E9880	SPAWN_MASTER_WINDOW
0x9c	R	0x8	7167	Amazon::Hub::ReplicatedStateBundle	8A40AEC2-AE07-4F92-9BF3-78FC0CC94FDF	0x14646C2B0	SPAWN_MASTER_WINDOW
0x9d	R	0x8	126	Amazon::Hub::ReplicatedStateBundle	8A40AEC2-AE07-4F92-9BF3-78FC0CC94FDF	0x14646C2B0	SPAWN_MASTER_WINDOW
0x9e	R	0x8	7167	Amazon::Hub::ReplicatedStateBundle	8A40AEC2-AE07-4F92-9BF3-78FC0CC94FDF	0x14646C2B0	SPAWN_MASTER_WINDOW
0x9f	W	0x5b2	93	Javelin::ClientMessages::ObjectivesComponentServerFacet_UpdateTrackedObjectives	298436A9-06D0-4BDA-8DD9-0708B36E7374	0x1439E9880	SPAWN_MASTER_WINDOW
0xa0	R	0x8	705	Amazon::Hub::ReplicatedStateBundle	8A40AEC2-AE07-4F92-9BF3-78FC0CC94FDF	0x14646C2B0	SPAWN_MASTER_WINDOW
0xa1	R	0x8	1007	Amazon::Hub::ReplicatedStateBundle	8A40AEC2-AE07-4F92-9BF3-78FC0CC94FDF	0x14646C2B0	SPAWN_MASTER_WINDOW
0xa2	R	0x8	459	Amazon::Hub::ReplicatedStateBundle	8A40AEC2-AE07-4F92-9BF3-78FC0CC94FDF	0x14646C2B0	SPAWN_MASTER_WINDOW
0xa3	R	0x8	958	Amazon::Hub::ReplicatedStateBundle	8A40AEC2-AE07-4F92-9BF3-78FC0CC94FDF	0x14646C2B0	SPAWN_MASTER_WINDOW
0xa4	R	0x8	1006	Amazon::Hub::ReplicatedStateBundle	8A40AEC2-AE07-4F92-9BF3-78FC0CC94FDF	0x14646C2B0	SPAWN_MASTER_WINDOW
0xa5	R	0x8	1001	Amazon::Hub::ReplicatedStateBundle	8A40AEC2-AE07-4F92-9BF3-78FC0CC94FDF	0x14646C2B0	SPAWN_MASTER_WINDOW
0xa6	R	0x8	1006	Amazon::Hub::ReplicatedStateBundle	8A40AEC2-AE07-4F92-9BF3-78FC0CC94FDF	0x14646C2B0	SPAWN_MASTER_WINDOW
0xa7	R	0x8	158	Amazon::Hub::ReplicatedStateBundle	8A40AEC2-AE07-4F92-9BF3-78FC0CC94FDF	0x14646C2B0	SPAWN_MASTER_WINDOW
0xa8	R	0x8	989	Amazon::Hub::ReplicatedStateBundle	8A40AEC2-AE07-4F92-9BF3-78FC0CC94FDF	0x14646C2B0	SPAWN_MASTER_WINDOW
0xa9	R	0x8	106	Amazon::Hub::ReplicatedStateBundle	8A40AEC2-AE07-4F92-9BF3-78FC0CC94FDF	0x14646C2B0	SPAWN_MASTER_WINDOW
0xaa	R	0x8	983	Amazon::Hub::ReplicatedStateBundle	8A40AEC2-AE07-4F92-9BF3-78FC0CC94FDF	0x14646C2B0	SPAWN_MASTER_WINDOW
0xab	R	0x8	78	Amazon::Hub::ReplicatedStateBundle	8A40AEC2-AE07-4F92-9BF3-78FC0CC94FDF	0x14646C2B0	SPAWN_MASTER_WINDOW
0xac	R	0x8	975	Amazon::Hub::ReplicatedStateBundle	8A40AEC2-AE07-4F92-9BF3-78FC0CC94FDF	0x14646C2B0	SPAWN_MASTER_WINDOW
0xad	R	0x8	215	Amazon::Hub::ReplicatedStateBundle	8A40AEC2-AE07-4F92-9BF3-78FC0CC94FDF	0x14646C2B0	SPAWN_MASTER_WINDOW
0xae	R	0x8	991	Amazon::Hub::ReplicatedStateBundle	8A40AEC2-AE07-4F92-9BF3-78FC0CC94FDF	0x14646C2B0	SPAWN_MASTER_WINDOW
0xaf	R	0x8	988	Amazon::Hub::ReplicatedStateBundle	8A40AEC2-AE07-4F92-9BF3-78FC0CC94FDF	0x14646C2B0	LATE_CAPTURE
0xb0	R	0x8	175	Amazon::Hub::ReplicatedStateBundle	8A40AEC2-AE07-4F92-9BF3-78FC0CC94FDF	0x14646C2B0	LATE_CAPTURE
