stage	direction	type	class	count	bytes	first_seq	last_seq
EARLY_SETUP	R	0x3	RegistrationResponseMsg	1	88	0x1	0x1
EARLY_SETUP	R	0xa4	ClientAddEntryMsg	2	40	0x8	0xf
EARLY_SETUP	R	0x14f	TimeSynchMsg	1	12	0xa	0xa
EARLY_SETUP	R	0x15d	PingMsg	1	12	0x2	0x2
EARLY_SETUP	R	0x1be	CoatlicueClientMessages::CoatlicueTimingConfigurationConnectedMsg	1	76	0x5	0x5
EARLY_SETUP	R	0x40a	CoatlicueClientMessages::CalendarConnectedMsg	1	76	0x4	0x4
EARLY_SETUP	R	0x651	Javelin::ClientViewListenerTrait::ReceivePlayerSpawnPointMsg	1	4	0x7	0x7
EARLY_SETUP	R	0x65c	Javelin::ClientMessagesTrait::PlayerManagerSelfIdentificationMsg	1	12706	0x6	0x6
EARLY_SETUP	R	0x663	Javelin::ClientMessagesTrait::LevelInfoChangedMsg	1	110	0x10	0x10
EARLY_SETUP	R	0xca4	Javelin::ClientMessages::EventNotificationComponentClientFacet_SyncNotifications	1	102	0x9	0x9
EARLY_SETUP	R	0x18a6	Javelin::ClientMessages::GridTrackingComponentClientFacet_UpdatePhasing	1	40	0xb	0xb
EARLY_SETUP	R	0x1b88	Javelin::ClientMessages::GlobalStorageComponentClientFacet_ReceiveStorageSearchItems	23	966	0xc	0x24
EARLY_SETUP	W	0x13	RegistrationRequestV3Msg	1	2750	0x0	0x0
EARLY_SETUP	W	0x15d	PingMsg	1	36	0x3	0x3
LARGE_INIT_BURST	R	0x8	Amazon::Hub::ReplicatedStateBundle	25	1160191	0x25	0x6c
LARGE_INIT_BURST	R	0x14f	TimeSynchMsg	3	36	0x27	0x54
LARGE_INIT_BURST	R	0x15d	PingMsg	8	96	0x2c	0x5c
LARGE_INIT_BURST	R	0x663	Javelin::ClientMessagesTrait::LevelInfoChangedMsg	1	110	0x4d	0x4d
LARGE_INIT_BURST	R	0x8e6	Javelin::ClientMessages::ContractsComponentClientFacet_OnLookupContractsByParticipant	1	42	0x43	0x43
LARGE_INIT_BURST	R	0x1033	Javelin::ClientMessages::SocialComponentClientFacet_ReceiveAvailableTitles	1	498	0x62	0x62
LARGE_INIT_BURST	R	0x1067	Javelin::ClientMessages::VoiceChatComponentClientFacet_OnVoiceChatServiceRegistered	1	86	0x65	0x65
LARGE_INIT_BURST	R	0x136a	Javelin::ClientMessages::GameModeParticipantComponentClientFacet_OnLeftQueueForGameModeMsg	1	28	0x26	0x26
LARGE_INIT_BURST	R	0x16a0	Javelin::ClientMessages::InventoriesComponentClientFacet_OnQueryInventories	2	99972	0x28	0x29
LARGE_INIT_BURST	R	0x18a6	Javelin::ClientMessages::GridTrackingComponentClientFacet_UpdatePhasing	3	120	0x38	0x68
LARGE_INIT_BURST	W	0x15d	PingMsg	8	288	0x2d	0x5d
LARGE_INIT_BURST	W	0x66b	Javelin::ClientMessages::VoiceChatComponentServerFacet_RegisterVoiceChatService	1	44	0x64	0x64
LARGE_INIT_BURST	W	0x9d3	Javelin::ClientMessages::PlayerSettingsComponentServerFacet_ReceiveSettingsFromClient	1	48	0x3a	0x3a
LARGE_INIT_BURST	W	0x9fc	Javelin::ClientMessages::ContractsComponentServerFacet_LookupContractsByParticipant	1	102	0x3b	0x3b
LARGE_INIT_BURST	W	0xa95	Javelin::ClientMessages::ObjectivesComponentServerFacet_SetObjectiveAutoPinning	1	81	0x3d	0x3d
LARGE_INIT_BURST	W	0xf7f	Javelin::ClientMessages::PlayerComponentServerFacet_OnCullLimitPctChangeRequest	1	45	0x63	0x63
LARGE_INIT_BURST	W	0x101a	Javelin::ClientMessages::SpectatedPlayerComponentServerFacet_SetIsPublic	1	45	0x3f	0x3f
LARGE_INIT_BURST	W	0x101d	Javelin::ClientMessages::ChatComponentServerFacet_SetProfanityFilterEnabled	1	45	0x61	0x61
LARGE_INIT_BURST	W	0x102e	Javelin::ClientMessages::SocialComponentServerFacet_RequestStreamerModeDataSync	1	46	0x5e	0x5e
LARGE_INIT_BURST	W	0x102f	Javelin::ClientMessages::SocialComponentServerFacet_SendAvailableTitlesToClient	1	44	0x5f	0x5f
LARGE_INIT_BURST	W	0x1098	Javelin::ClientMessages::TimeComponentServerFacet_SyncToClient	1	44	0x39	0x39
LARGE_INIT_BURST	W	0x10b0	Javelin::ClientMessages::TraversalComponentServerFacet_SyncIsAutoTraversalEnabled	1	45	0x3e	0x3e
LARGE_INIT_BURST	W	0x12f6	Javelin::ClientMessages::PlayerComponentServerFacet_OnTelemetryOptionsDataChanged	1	299	0x6b	0x6b
LARGE_INIT_BURST	W	0x143d	Javelin::ClientMessages::PlayerComponentServerFacet_OnAckLevelInfoChanged	1	45	0x67	0x67
LARGE_INIT_BURST	W	0x187c	Javelin::ClientMessages::MountComponentServerFacet_OnMountDashToggleChanged	1	45	0x40	0x40
LARGE_INIT_BURST	W	0x187f	Javelin::ClientMessages::MountComponentServerFacet_OnMountSlowWalkChanged	1	45	0x41	0x41
LARGE_INIT_BURST	W	0x192c	Javelin::ClientMessages::SocialComponentServerFacet_RequestCrossplayPermissionsDataSync	1	54	0x60	0x60
LARGE_INIT_BURST	W	0x1a59	Javelin::ClientMessages::GridTrackingComponentServerFacet_ClientAckPhasingUpdate	2	90	0x69	0x6a
LATE_CAPTURE	R	0x8	Amazon::Hub::ReplicatedStateBundle	2	1163	0xaf	0xb0
POST_INIT	R	0x8	Amazon::Hub::ReplicatedStateBundle	11	18293	0x73	0x7f
POST_INIT	R	0x1096	Javelin::ClientMessages::TimeComponentClientFacet_SyncTimeChange	1	80	0x75	0x75
POST_INIT	R	0x1097	Javelin::ClientMessages::TimeComponentClientFacet_SyncDayPhase	1	24	0x76	0x76
POST_INIT	W	0x635	Javelin::ClientMessages::ActionListComponentServerFacet_ReceiveInputFromClient	5	615	0x6e	0x72
POST_INIT	W	0x1a59	Javelin::ClientMessages::GridTrackingComponentServerFacet_ClientAckPhasingUpdate	1	45	0x6d	0x6d
SPAWN_MASTER_WINDOW	R	0x8	Amazon::Hub::ReplicatedStateBundle	41	73895	0x80	0xae
SPAWN_MASTER_WINDOW	R	0x15d	PingMsg	1	12	0x8e	0x8e
SPAWN_MASTER_WINDOW	W	0x15d	PingMsg	1	36	0x8f	0x8f
SPAWN_MASTER_WINDOW	W	0x5b2	Javelin::ClientMessages::ObjectivesComponentServerFacet_UpdateTrackedObjectives	4	228	0x92	0x9f
