root	relation	site	function	target
GCW_DRIVER	CALLER	0x14646D4AA	0x14646D460	0x14644A070
GCW_DRIVER	CALLEE	0x14644A0E2	0x14644A070	0x1463E4000
GCW_DRIVER	CALLEE	0x14644A101	0x14644A070	0x146466650
GCW_DRIVER	CALLEE	0x14644A12F	0x14644A070	0x1463E4000
GCW_DRIVER	CALLEE	0x14644A165	0x14644A070	0x14143E010
GCW_DRIVER	CALLEE	0x14644A19A	0x14644A070	0x146460240
GCW_DRIVER	CALLEE	0x14644A1BB	0x14644A070	0x14149CA40
GCW_DRIVER	CALLEE	0x14644A1DD	0x14644A070	0x14143E010
GCW_DRIVER	CALLEE	0x14644A206	0x14644A070	0x14143E010
GCW_DRIVER	CALLEE	0x14644A220	0x14644A070	0x14645FD70
GCW_DRIVER	CALLEE	0x14644A251	0x14644A070	0x14143E010
GCW_DRIVER	CALLEE	0x14644A267	0x14644A070	0x14645FD70
GCW_DRIVER	CALLEE	0x14644A27A	0x14644A070	0x140877E60
GCW_DRIVER	CALLEE	0x14644A289	0x14644A070	0x140870C50
GCW_DRIVER	CALLEE	0x14644A292	0x14644A070	0x140877E60
GCW_DRIVER	CALLEE	0x14644A2A1	0x14644A070	0x140870C50
GCW_DRIVER	CALLEE	0x14644A2F3	0x14644A070	0x146465060
GCW_DRIVER	CALLEE	0x14644A30B	0x14644A070	0x146459320
GCW_DRIVER	CALLEE	0x14644A318	0x14644A070	0x1464708D0
GCW_DRIVER	CALLEE	0x14644A373	0x14644A070	0x14640FA00
GCW_DRIVER	CALLEE	0x14644A39A	0x14644A070	0x146466650
GCW_DRIVER	CALLEE	0x14644A3C0	0x14644A070	0x146422200
GCW_DRIVER	CALLEE	0x14644A403	0x14644A070	0x1463E4550
GCW_DRIVER	CALLEE	0x14644A42D	0x14644A070	0x144A7ACA0
GCW_DRIVER	CALLEE	0x14644A43A	0x14644A070	0x146466650
GCW_DRIVER	CALLEE	0x14644A462	0x14644A070	0x14149CA40
GCW_DRIVER	CALLEE	0x14644A4A9	0x14644A070	0x140FA4A30
GCW_DRIVER	CALLEE	0x14644A4D7	0x14644A070	0x144A7ACA0
GCW_DRIVER	CALLEE	0x14644A4EA	0x14644A070	0x146466650
GCW_DRIVER	CALLEE	0x14644A51F	0x14644A070	0x14033D610
GCW_DRIVER	CALLEE	0x14644A52E	0x14644A070	0x146445F30
GCW_DRIVER	CALLEE	0x14644A54F	0x14644A070	0x146438900
GCW_DRIVER	CALLEE	0x14644A58E	0x14644A070	0x14647F720
GCW_DRIVER	CALLEE	0x14644A5BA	0x14644A070	0x145A8DCE0
GCW_DRIVER	CALLEE	0x14644A5D3	0x14644A070	0x146466650
GCW_DRIVER	CALLEE	0x14644A601	0x14644A070	0x14143E010
GCW_DRIVER	CALLEE	0x14644A61B	0x14644A070	0x14645FD70
GCW_DRIVER	CALLEE	0x14644A65F	0x14644A070	0x14143E010
GCW_DRIVER	CALLEE	0x14644A66A	0x14644A070	0x146425F20
GCW_DRIVER	CALLEE	0x14644A693	0x14644A070	0x14143E010
GCW_DRIVER	CALLEE	0x14644A6AD	0x14644A070	0x14645FD70
GCW_DRIVER	CALLEE	0x14644A6E7	0x14644A070	0x14143E010
GCW_DRIVER	CALLEE	0x14644A6F3	0x14644A070	0x145A92380
GCW_DRIVER	CALLEE	0x14644A711	0x14644A070	0x145A905D0
GCW_DRIVER	CALLEE	0x14644A741	0x14644A070	0x14143E010
GCW_DRIVER	CALLEE	0x14644A75B	0x14644A070	0x14645FD70
GCW_DRIVER	CALLEE	0x14644A776	0x14644A070	0x145A92370
GCW_DRIVER	CALLEE	0x14644A791	0x14644A070	0x14143E010
GCW_DRIVER	CALLEE	0x14644A7AB	0x14644A070	0x14143E010
GCW_DRIVER	CALLEE	0x14644A7DB	0x14644A070	0x14143E010
GCW_DRIVER	CALLEE	0x14644A7F5	0x14644A070	0x14645FD70
GCW_DRIVER	CALLEE	0x14644A80D	0x14644A070	0x145A905C0
GCW_DRIVER	CALLEE	0x14644A828	0x14644A070	0x14143E010
GCW_DRIVER	CALLEE	0x14644A851	0x14644A070	0x14143E010
GCW_DRIVER	CALLEE	0x14644A86B	0x14644A070	0x14645FD70
GCW_DRIVER	CALLEE	0x14644A87E	0x14644A070	0x140877E60
GCW_DRIVER	CALLEE	0x14644A88D	0x14644A070	0x140870C50
GCW_DRIVER	CALLEE	0x14644A896	0x14644A070	0x140877E60
GCW_DRIVER	CALLEE	0x14644A8A5	0x14644A070	0x140870C50
GCW_DRIVER	CALLEE	0x14644A8C4	0x14644A070	0x145A923C0
GCW_DRIVER	CALLEE	0x14644A8D1	0x14644A070	0x141026080
GCW_DRIVER	CALLEE	0x14644A8DF	0x14644A070	0x141026080
GCW_DRIVER	CALLEE	0x14644A904	0x14644A070	0x14143E010
GCW_DRIVER	CALLEE	0x14644A92D	0x14644A070	0x14143E010
GCW_DRIVER	CALLEE	0x14644A943	0x14644A070	0x14645FD70
GCW_DRIVER	CALLEE	0x14644A956	0x14644A070	0x140877E60
GCW_DRIVER	CALLEE	0x14644A965	0x14644A070	0x140870C50
GCW_DRIVER	CALLEE	0x14644A96E	0x14644A070	0x140877E60
GCW_DRIVER	CALLEE	0x14644A97D	0x14644A070	0x140870C50
GCW_DRIVER	CALLEE	0x14644A9C1	0x14644A070	0x1402A1750
GCW_DRIVER	CALLEE	0x14644A9D2	0x14644A070	0x145A8D150
GCW_DRIVER	CALLEE	0x14644A9F4	0x14644A070	0x146460240
GCW_DRIVER	CALLEE	0x14644AA0B	0x14644A070	0x145A8DCE0
GCW_DRIVER	CALLEE	0x14644AA64	0x14644A070	0x146460240
GCW_DRIVER	CALLEE	0x14644AA85	0x14644A070	0x14149CA40
GCW_DRIVER	CALLEE	0x14644AA8E	0x14644A070	0x14643E4A0
B_TO_C	CALLER	0x14644A776	0x14644A070	0x145A92370
C_TO_D	CALLER	0x14644A80D	0x14644A070	0x145A905C0
D_TO_E	CALLER	0x14644A8C4	0x14644A070	0x145A923C0
D_TO_E_PROVIDER	CALLER	0x140FDDE9D	0x140FDDE80	0x141026080
D_TO_E_PROVIDER	CALLER	0x140FDDFBD	0x140FDDFA0	0x141026080
D_TO_E_PROVIDER	CALLER	0x140FDE0DD	0x140FDE0C0	0x141026080
D_TO_E_PROVIDER	CALLER	0x140FDE1FD	0x140FDE1E0	0x141026080
D_TO_E_PROVIDER	CALLER	0x140FDE31D	0x140FDE300	0x141026080
D_TO_E_PROVIDER	CALLER	0x140FDE43D	0x140FDE420	0x141026080
D_TO_E_PROVIDER	CALLER	0x140FDE55D	0x140FDE540	0x141026080
D_TO_E_PROVIDER	CALLER	0x1410041B6	0x141004100	0x141026080
D_TO_E_PROVIDER	CALLER	0x14100E465	0x14100E440	0x141026080
D_TO_E_PROVIDER	CALLER	0x14100FB0E	0x14100FA20	0x141026080
D_TO_E_PROVIDER	CALLER	0x141010D51	0x141010B40	0x141026080
D_TO_E_PROVIDER	CALLER	0x141010F39	0x141010F00	0x141026080
D_TO_E_PROVIDER	CALLER	0x1410111A6	0x141010FB0	0x141026080
D_TO_E_PROVIDER	CALLER	0x1410131C6	0x141013180	0x141026080
D_TO_E_PROVIDER	CALLER	0x1410135BB	0x141013440	0x141026080
D_TO_E_PROVIDER	CALLER	0x1410135D2	0x141013440	0x141026080
D_TO_E_PROVIDER	CALLER	0x1410139E6	0x141013900	0x141026080
D_TO_E_PROVIDER	CALLER	0x141013EA4	0x141013EA0	0x141026080
D_TO_E_PROVIDER	CALLER	0x14101575A	0x141015750	0x141026080
D_TO_E_PROVIDER	CALLER	0x1410157F4	0x1410157F0	0x141026080
D_TO_E_PROVIDER	CALLER	0x1410158B4	0x1410158A0	0x141026080
D_TO_E_PROVIDER	CALLER	0x1410159B8	0x1410159A0	0x141026080
D_TO_E_PROVIDER	CALLER	0x1410159F8	0x1410159A0	0x141026080
D_TO_E_PROVIDER	CALLER	0x141015C28	0x141015C00	0x141026080
D_TO_E_PROVIDER	CALLER	0x141015C68	0x141015C00	0x141026080
D_TO_E_PROVIDER	CALLER	0x141015D3D	0x141015D30	0x141026080
D_TO_E_PROVIDER	CALLER	0x141018EC4	0x141018EC0	0x141026080
D_TO_E_PROVIDER	CALLER	0x14101A336	0x14101A2F0	0x141026080
D_TO_E_PROVIDER	CALLER	0x14101A3B7	0x14101A370	0x141026080
D_TO_E_PROVIDER	CALLER	0x14101F75D	0x14101F750	0x141026080
D_TO_E_PROVIDER	CALLER	0x14102EA44	0x14102EA20	0x141026080
D_TO_E_PROVIDER	CALLER	0x141038274	0x141038270	0x141026080
D_TO_E_PROVIDER	CALLER	0x141038355	0x141038340	0x141026080
D_TO_E_PROVIDER	CALLER	0x14104083A	0x1410407E0	0x141026080
D_TO_E_PROVIDER	CALLER	0x141042840	0x141042820	0x141026080
D_TO_E_PROVIDER	CALLER	0x141084C3C	0x141084BE0	0x141026080
D_TO_E_PROVIDER	CALLER	0x142532292	0x14253228B	0x141026080
D_TO_E_PROVIDER	CALLER	0x1425322B9	0x14253228B	0x141026080
D_TO_E_PROVIDER	CALLER	0x14254B598	0x14254B580	0x141026080
D_TO_E_PROVIDER	CALLER	0x14254B799	0x14254B600	0x141026080
D_TO_E_PROVIDER	CALLER	0x14254BD58	0x14254BD40	0x141026080
D_TO_E_PROVIDER	CALLER	0x14259559A	0x142595580	0x141026080
D_TO_E_PROVIDER	CALLER	0x142595610	0x142595600	0x141026080
D_TO_E_PROVIDER	CALLER	0x14278FCCB	0x14278FC10	0x141026080
D_TO_E_PROVIDER	CALLER	0x142790022	0x142790010	0x141026080
D_TO_E_PROVIDER	CALLER	0x142790A13	0x1427909F0	0x141026080
D_TO_E_PROVIDER	CALLER	0x1427BD2DB	0x1427BD2C0	0x141026080
D_TO_E_PROVIDER	CALLER	0x1427BE8AF	0x1427BE880	0x141026080
D_TO_E_PROVIDER	CALLER	0x1427BF4F3	0x1427BF3F0	0x141026080
D_TO_E_PROVIDER	CALLER	0x14283A987	0x14283A950	0x141026080
D_TO_E_PROVIDER	CALLER	0x14283A9A0	0x14283A950	0x141026080
D_TO_E_PROVIDER	CALLER	0x142890669	0x142890640	0x141026080
D_TO_E_PROVIDER	CALLER	0x1428906B1	0x142890640	0x141026080
D_TO_E_PROVIDER	CALLER	0x1428CD17C	0x1428CCF20	0x141026080
D_TO_E_PROVIDER	CALLER	0x1428D8CCC	0x1428D8C40	0x141026080
D_TO_E_PROVIDER	CALLER	0x1428D8DF9	0x1428D8D70	0x141026080
D_TO_E_PROVIDER	CALLER	0x1428ED698	0x1428ED670	0x141026080
D_TO_E_PROVIDER	CALLER	0x1428F417C	0x1428F40F0	0x141026080
D_TO_E_PROVIDER	CALLER	0x1429AE2BF	0x1429ADE30	0x141026080
D_TO_E_PROVIDER	CALLER	0x1429AE2CD	0x1429ADE30	0x141026080
D_TO_E_PROVIDER	CALLER	0x1429EFCD8	0x1429EFCA0	0x141026080
D_TO_E_PROVIDER	CALLER	0x1429FC12C	0x1429FC113	0x141026080
D_TO_E_PROVIDER	CALLER	0x1429FDDDA	0x1429FDBF0	0x141026080
D_TO_E_PROVIDER	CALLER	0x1429FE401	0x1429FE2B0	0x141026080
D_TO_E_PROVIDER	CALLER	0x142A01282	0x142A011F0	0x141026080
D_TO_E_PROVIDER	CALLER	0x142A01462	0x142A011F0	0x141026080
D_TO_E_PROVIDER	CALLER	0x142A09BD5	0x142A09BA0	0x141026080
D_TO_E_PROVIDER	CALLER	0x142A0DC89	0x142A0DC79	0x141026080
D_TO_E_PROVIDER	CALLER	0x142A5AC5D	0x142A5AC40	0x141026080
D_TO_E_PROVIDER	CALLER	0x142A633DB	0x142A633D0	0x141026080
D_TO_E_PROVIDER	CALLER	0x142B359AA	0x142B35990	0x141026080
D_TO_E_PROVIDER	CALLER	0x142B39E1A	0x142B39E00	0x141026080
D_TO_E_PROVIDER	CALLER	0x142C77B5D	0x142C77B40	0x141026080
D_TO_E_PROVIDER	CALLER	0x142C82BF1	0x142C82BA0	0x141026080
D_TO_E_PROVIDER	CALLER	0x142C85E9C	0x142C85730	0x141026080
D_TO_E_PROVIDER	CALLER	0x142C966D4	0x142C966B0	0x141026080
D_TO_E_PROVIDER	CALLER	0x142CBFF22	0x142CBFF10	0x141026080
D_TO_E_PROVIDER	CALLER	0x142CC001A	0x142CC0000	0x141026080
D_TO_E_PROVIDER	CALLER	0x142CC0102	0x142CC00F0	0x141026080
D_TO_E_PROVIDER	CALLER	0x142CC4CE2	0x142CC4CD0	0x141026080
D_TO_E_PROVIDER	CALLER	0x142CC4DEA	0x142CC4DD0	0x141026080
D_TO_E_PROVIDER	CALLER	0x142CC610A	0x142CC60F0	0x141026080
D_TO_E_PROVIDER	CALLER	0x142CC6C06	0x142CC6BF6	0x141026080
D_TO_E_PROVIDER	CALLER	0x142CC6DA5	0x142CC6D20	0x141026080
D_TO_E_PROVIDER	CALLER	0x142CC72F2	0x142CC72E0	0x141026080
D_TO_E_PROVIDER	CALLER	0x142CC7569	0x142CC7550	0x141026080
D_TO_E_PROVIDER	CALLER	0x142CC7AC0	0x142CC7AA0	0x141026080
D_TO_E_PROVIDER	CALLER	0x142CC7BC5	0x142CC7B90	0x141026080
D_TO_E_PROVIDER	CALLER	0x142CC7D52	0x142CC7D30	0x141026080
D_TO_E_PROVIDER	CALLER	0x142CC827D	0x142CC8260	0x141026080
D_TO_E_PROVIDER	CALLER	0x142CCBAD8	0x142CCBAC0	0x141026080
D_TO_E_PROVIDER	CALLER	0x142CCC16A	0x142CCC150	0x141026080
D_TO_E_PROVIDER	CALLER	0x142CCC20A	0x142CCC1F0	0x141026080
D_TO_E_PROVIDER	CALLER	0x142CCC2BB	0x142CCC290	0x141026080
D_TO_E_PROVIDER	CALLER	0x142CCC414	0x142CCC3F0	0x141026080
D_TO_E_PROVIDER	CALLER	0x142CCC793	0x142CCC770	0x141026080
D_TO_E_PROVIDER	CALLER	0x142CCCAA3	0x142CCCA80	0x141026080
D_TO_E_PROVIDER	CALLER	0x142D0E0A2	0x142D0E07F	0x141026080
D_TO_E_PROVIDER	CALLER	0x142D0E10D	0x142D0E0F0	0x141026080
D_TO_E_PROVIDER	CALLER	0x142D3D01D	0x142D3D010	0x141026080
D_TO_E_PROVIDER	CALLER	0x142D4329C	0x142D43260	0x141026080
D_TO_E_PROVIDER	CALLER	0x142D434DC	0x142D434A0	0x141026080
D_TO_E_PROVIDER	CALLER	0x142D43938	0x142D437E0	0x141026080
D_TO_E_PROVIDER	CALLER	0x142D6F22A	0x142D6F170	0x141026080
D_TO_E_PROVIDER	CALLER	0x142D783D9	0x142D783A0	0x141026080
D_TO_E_PROVIDER	CALLER	0x142D78EB7	0x142D78E50	0x141026080
D_TO_E_PROVIDER	CALLER	0x142D78F66	0x142D78E50	0x141026080
D_TO_E_PROVIDER	CALLER	0x142D7901A	0x142D78E50	0x141026080
D_TO_E_PROVIDER	CALLER	0x142D79278	0x142D791C0	0x141026080
D_TO_E_PROVIDER	CALLER	0x142D792FE	0x142D791C0	0x141026080
D_TO_E_PROVIDER	CALLER	0x142D79384	0x142D791C0	0x141026080
D_TO_E_PROVIDER	CALLER	0x142D79605	0x142D791C0	0x141026080
D_TO_E_PROVIDER	CALLER	0x142D79786	0x142D791C0	0x141026080
D_TO_E_PROVIDER	CALLER	0x142D7994A	0x142D798D0	0x141026080
D_TO_E_PROVIDER	CALLER	0x142D799BC	0x142D798D0	0x141026080
D_TO_E_PROVIDER	CALLER	0x142D79A2E	0x142D798D0	0x141026080
D_TO_E_PROVIDER	CALLER	0x142D7A5B0	0x142D7A510	0x141026080
D_TO_E_PROVIDER	CALLER	0x142D7AE29	0x142D7AD50	0x141026080
D_TO_E_PROVIDER	CALLER	0x142D7AEDB	0x142D7AD50	0x141026080
D_TO_E_PROVIDER	CALLER	0x142D7B372	0x142D7AD50	0x141026080
D_TO_E_PROVIDER	CALLER	0x142D806E0	0x142D805A0	0x141026080
D_TO_E_PROVIDER	CALLER	0x142D80B89	0x142D80B80	0x141026080
D_TO_E_PROVIDER	CALLER	0x142D80C7B	0x142D80C40	0x141026080
D_TO_E_PROVIDER	CALLER	0x142D811E9	0x142D811E0	0x141026080
D_TO_E_PROVIDER	CALLER	0x142D81C59	0x142D81C50	0x141026080
D_TO_E_PROVIDER	CALLER	0x142D81D74	0x142D81D00	0x141026080
D_TO_E_PROVIDER	CALLER	0x142D81F44	0x142D81D00	0x141026080
D_TO_E_PROVIDER	CALLER	0x142D820D1	0x142D820C0	0x141026080
D_TO_E_PROVIDER	CALLER	0x142D85A77	0x142D85A60	0x141026080
D_TO_E_PROVIDER	CALLER	0x142D86093	0x142D86070	0x141026080
D_TO_E_PROVIDER	CALLER	0x142D886DD	0x142D886A0	0x141026080
D_TO_E_PROVIDER	CALLER	0x142D8A5BD	0x142D8A5A0	0x141026080
D_TO_E_PROVIDER	CALLER	0x142D92545	0x142D92510	0x141026080
D_TO_E_PROVIDER	CALLER	0x142D925A8	0x142D92510	0x141026080
D_TO_E_PROVIDER	CALLER	0x142D9260B	0x142D92510	0x141026080
D_TO_E_PROVIDER	CALLER	0x142D92762	0x142D92680	0x141026080
D_TO_E_PROVIDER	CALLER	0x142D92E2D	0x142D92DB0	0x141026080
D_TO_E_PROVIDER	CALLER	0x142D9318D	0x142D93100	0x141026080
D_TO_E_PROVIDER	CALLER	0x142D93AE5	0x142D93AB0	0x141026080
D_TO_E_PROVIDER	CALLER	0x142D93B48	0x142D93AB0	0x141026080
D_TO_E_PROVIDER	CALLER	0x142D93BAB	0x142D93AB0	0x141026080
D_TO_E_PROVIDER	CALLER	0x142DCF23E	0x142DCF220	0x141026080
D_TO_E_PROVIDER	CALLER	0x142DD9EDA	0x142DD9EC0	0x141026080
D_TO_E_PROVIDER	CALLER	0x142E560A9	0x142E56070	0x141026080
D_TO_E_PROVIDER	CALLER	0x142E606D0	0x142E606C0	0x141026080
D_TO_E_PROVIDER	CALLER	0x142E60CC0	0x142E60C80	0x141026080
D_TO_E_PROVIDER	CALLER	0x142E61040	0x142E61030	0x141026080
D_TO_E_PROVIDER	CALLER	0x142E610C0	0x142E610B0	0x141026080
D_TO_E_PROVIDER	CALLER	0x142EB8480	0x142EB83A0	0x141026080
D_TO_E_PROVIDER	CALLER	0x142EB87F1	0x142EB83A0	0x141026080
D_TO_E_PROVIDER	CALLER	0x142EB8C64	0x142EB8C20	0x141026080
D_TO_E_PROVIDER	CALLER	0x142EB9EE7	0x142EB9EE2	0x141026080
D_TO_E_PROVIDER	CALLER	0x142EC0CE1	0x142EC0BD0	0x141026080
D_TO_E_PROVIDER	CALLER	0x142EC0E8D	0x142EC0BD0	0x141026080
D_TO_E_PROVIDER	CALLER	0x142EF8A9C	0x142EF8990	0x141026080
D_TO_E_PROVIDER	CALLER	0x142EF8BB7	0x142EF8990	0x141026080
D_TO_E_PROVIDER	CALLER	0x142EF9423	0x142EF91A0	0x141026080
D_TO_E_PROVIDER	CALLER	0x142EFAA53	0x142EFA9F0	0x141026080
D_TO_E_PROVIDER	CALLER	0x142EFABFD	0x142EFABE0	0x141026080
D_TO_E_PROVIDER	CALLER	0x142EFBA4C	0x142EFBA00	0x141026080
D_TO_E_PROVIDER	CALLER	0x142EFBCC2	0x142EFBA00	0x141026080
D_TO_E_PROVIDER	CALLER	0x142EFBF92	0x142EFBF80	0x141026080
D_TO_E_PROVIDER	CALLER	0x142EFC7A4	0x142EFC7A0	0x141026080
D_TO_E_PROVIDER	CALLER	0x142EFE682	0x142EFE670	0x141026080
D_TO_E_PROVIDER	CALLER	0x142EFE745	0x142EFE730	0x141026080
D_TO_E_PROVIDER	CALLER	0x142EFE899	0x142EFE880	0x141026080
D_TO_E_PROVIDER	CALLER	0x142EFF71B	0x142EFF510	0x141026080
D_TO_E_PROVIDER	CALLER	0x142F00150	0x142F00130	0x141026080
D_TO_E_PROVIDER	CALLER	0x142F0027B	0x142F00240	0x141026080
D_TO_E_PROVIDER	CALLER	0x142F07472	0x142F07450	0x141026080
D_TO_E_PROVIDER	CALLER	0x142F087C7	0x142F08790	0x141026080
D_TO_E_PROVIDER	CALLER	0x142F2695D	0x142F26940	0x141026080
D_TO_E_PROVIDER	CALLER	0x142F380E2	0x142F380D0	0x141026080
D_TO_E_PROVIDER	CALLER	0x142F381AA	0x142F381A0	0x141026080
D_TO_E_PROVIDER	CALLER	0x142F38349	0x142F38330	0x141026080
D_TO_E_PROVIDER	CALLER	0x142F38822	0x142F38810	0x141026080
D_TO_E_PROVIDER	CALLER	0x142FF5815	0x142FF5720	0x141026080
D_TO_E_PROVIDER	CALLER	0x142FF6EDD	0x142FF6E50	0x141026080
D_TO_E_PROVIDER	CALLER	0x142FFB63E	0x142FFB5B0	0x141026080
D_TO_E_PROVIDER	CALLER	0x1430411BE	0x143041140	0x141026080
D_TO_E_PROVIDER	CALLER	0x143041215	0x143041200	0x141026080
D_TO_E_PROVIDER	CALLER	0x1430B7D2B	0x1430B7C50	0x141026080
D_TO_E_PROVIDER	CALLER	0x1430B8F6D	0x1430B8F63	0x141026080
D_TO_E_PROVIDER	CALLER	0x14318DE5F	0x14318DE50	0x141026080
D_TO_E_PROVIDER	CALLER	0x1431953CA	0x143195310	0x141026080
D_TO_E_PROVIDER	CALLER	0x1431C5D80	0x1431C5CC0	0x141026080
D_TO_E_PROVIDER	CALLER	0x1431C7162	0x1431C7150	0x141026080
D_TO_E_PROVIDER	CALLER	0x1431FE1A9	0x1431FE1A0	0x141026080
D_TO_E_PROVIDER	CALLER	0x1431FE263	0x1431FE240	0x141026080
D_TO_E_PROVIDER	CALLER	0x14324DD11	0x14324DCF0	0x141026080
D_TO_E_PROVIDER	CALLER	0x143259D40	0x143259C10	0x141026080
D_TO_E_PROVIDER	CALLER	0x143259F05	0x143259C10	0x141026080
D_TO_E_PROVIDER	CALLER	0x14325A064	0x143259C10	0x141026080
D_TO_E_PROVIDER	CALLER	0x14325A565	0x143259C10	0x141026080
D_TO_E_PROVIDER	CALLER	0x14325BD54	0x14325BD40	0x141026080
D_TO_E_PROVIDER	CALLER	0x14325CB17	0x14325CB00	0x141026080
D_TO_E_PROVIDER	CALLER	0x14325CF82	0x14325CF70	0x141026080
D_TO_E_PROVIDER	CALLER	0x143266AE2	0x143266A40	0x141026080
D_TO_E_PROVIDER	CALLER	0x143266C26	0x143266B80	0x141026080
D_TO_E_PROVIDER	CALLER	0x1432B7B1A	0x1432B78C0	0x141026080
D_TO_E_PROVIDER	CALLER	0x1432B7BCC	0x1432B78C0	0x141026080
D_TO_E_PROVIDER	CALLER	0x1432B7C69	0x1432B78C0	0x141026080
D_TO_E_PROVIDER	CALLER	0x1432C8596	0x1432C83D0	0x141026080
D_TO_E_PROVIDER	CALLER	0x1432C8F23	0x1432C8F00	0x141026080
D_TO_E_PROVIDER	CALLER	0x1432CAA0F	0x1432CA9E0	0x141026080
D_TO_E_PROVIDER	CALLER	0x143312A7C	0x1433129F0	0x141026080
D_TO_E_PROVIDER	CALLER	0x1433153B5	0x143315250	0x141026080
D_TO_E_PROVIDER	CALLER	0x14331572C	0x1433156F0	0x141026080
D_TO_E_PROVIDER	CALLER	0x143316172	0x143316160	0x141026080
D_TO_E_PROVIDER	CALLER	0x1433167F8	0x1433167D0	0x141026080
D_TO_E_PROVIDER	CALLER	0x143316A4A	0x143316900	0x141026080
D_TO_E_PROVIDER	CALLER	0x143316B4F	0x143316B40	0x141026080
D_TO_E_PROVIDER	CALLER	0x1433194F3	0x1433194D0	0x141026080
D_TO_E_PROVIDER	CALLER	0x143326B95	0x143326A90	0x141026080
D_TO_E_PROVIDER	CALLER	0x1433272CD	0x143327170	0x141026080
D_TO_E_PROVIDER	CALLER	0x1433275A5	0x1433274A0	0x141026080
D_TO_E_PROVIDER	CALLER	0x1433277D5	0x1433276D0	0x141026080
D_TO_E_PROVIDER	CALLER	0x14336958E	0x143369430	0x141026080
D_TO_E_PROVIDER	CALLER	0x143369689	0x143369430	0x141026080
D_TO_E_PROVIDER	CALLER	0x143371750	0x1433716E0	0x141026080
D_TO_E_PROVIDER	CALLER	0x143372C3C	0x143372BD0	0x141026080
D_TO_E_PROVIDER	CALLER	0x1433733EE	0x1433732F0	0x141026080
D_TO_E_PROVIDER	CALLER	0x143374223	0x143373EB0	0x141026080
D_TO_E_PROVIDER	CALLER	0x14337C2E6	0x14337C2D0	0x141026080
D_TO_E_PROVIDER	CALLER	0x14337E6EF	0x14337E6C0	0x141026080
D_TO_E_PROVIDER	CALLER	0x14337EC12	0x14337EB70	0x141026080
D_TO_E_PROVIDER	CALLER	0x1433BA232	0x1433BA220	0x141026080
D_TO_E_PROVIDER	CALLER	0x1433BA646	0x1433BA620	0x141026080
D_TO_E_PROVIDER	CALLER	0x1433C16A9	0x1433C1680	0x141026080
D_TO_E_PROVIDER	CALLER	0x1433C16DA	0x1433C1680	0x141026080
D_TO_E_PROVIDER	CALLER	0x1433C23FE	0x1433C1800	0x141026080
D_TO_E_PROVIDER	CALLER	0x1433E7B56	0x1433E7B10	0x141026080
D_TO_E_PROVIDER	CALLER	0x1433E7B60	0x1433E7B10	0x141026080
D_TO_E_PROVIDER	CALLER	0x1433E7FE9	0x1433E7B10	0x141026080
D_TO_E_PROVIDER	CALLER	0x1433E8005	0x1433E7B10	0x141026080
D_TO_E_PROVIDER	CALLER	0x1433E811D	0x1433E7B10	0x141026080
D_TO_E_PROVIDER	CALLER	0x1433E926F	0x1433E7B10	0x141026080
D_TO_E_PROVIDER	CALLER	0x1433E9282	0x1433E7B10	0x141026080
D_TO_E_PROVIDER	CALLER	0x1433E92AB	0x1433E7B10	0x141026080
D_TO_E_PROVIDER	CALLER	0x1433EADC7	0x1433EAAA0	0x141026080
D_TO_E_PROVIDER	CALLER	0x1433EC6BD	0x1433EC690	0x141026080
D_TO_E_PROVIDER	CALLER	0x1433EC6CB	0x1433EC690	0x141026080
D_TO_E_PROVIDER	CALLER	0x1433EC6E2	0x1433EC690	0x141026080
D_TO_E_PROVIDER	CALLER	0x1433EC949	0x1433EC930	0x141026080
D_TO_E_PROVIDER	CALLER	0x1433EC957	0x1433EC930	0x141026080
D_TO_E_PROVIDER	CALLER	0x1433EC96E	0x1433EC930	0x141026080
D_TO_E_PROVIDER	CALLER	0x1433EF1FA	0x1433EF130	0x141026080
D_TO_E_PROVIDER	CALLER	0x1433EF434	0x1433EF400	0x141026080
D_TO_E_PROVIDER	CALLER	0x143447964	0x143447940	0x141026080
D_TO_E_PROVIDER	CALLER	0x143447996	0x143447940	0x141026080
D_TO_E_PROVIDER	CALLER	0x1434492AB	0x143449290	0x141026080
D_TO_E_PROVIDER	CALLER	0x1434492E0	0x143449290	0x141026080
D_TO_E_PROVIDER	CALLER	0x14344EC87	0x14344E690	0x141026080
D_TO_E_PROVIDER	CALLER	0x14345204A	0x143451FF0	0x141026080
D_TO_E_PROVIDER	CALLER	0x1434601D9	0x1434600C0	0x141026080
D_TO_E_PROVIDER	CALLER	0x1434E7B6E	0x1434E78D0	0x141026080
D_TO_E_PROVIDER	CALLER	0x1434EA1DD	0x1434EA150	0x141026080
D_TO_E_PROVIDER	CALLER	0x1434EA1F4	0x1434EA150	0x141026080
D_TO_E_PROVIDER	CALLER	0x1434ED7CC	0x1434ED7A0	0x141026080
D_TO_E_PROVIDER	CALLER	0x1434F4010	0x1434F3E10	0x141026080
D_TO_E_PROVIDER	CALLER	0x1434FB151	0x1434FB12A	0x141026080
D_TO_E_PROVIDER	CALLER	0x14351DC62	0x14351DC50	0x141026080
D_TO_E_PROVIDER	CALLER	0x1435242E1	0x1435242E1	0x141026080
D_TO_E_PROVIDER	CALLER	0x14352AF71	0x14352ADC0	0x141026080
D_TO_E_PROVIDER	CALLER	0x143579C17	0x143579C00	0x141026080
D_TO_E_PROVIDER	CALLER	0x14358C39D	0x14358C390	0x141026080
D_TO_E_PROVIDER	CALLER	0x14358D397	0x14358D360	0x141026080
D_TO_E_PROVIDER	CALLER	0x14358E5C9	0x14358E5A0	0x141026080
D_TO_E_PROVIDER	CALLER	0x14359A192	0x14359A180	0x141026080
D_TO_E_PROVIDER	CALLER	0x1435BF18A	0x1435BF100	0x141026080
D_TO_E_PROVIDER	CALLER	0x1435C12C4	0x1435C1270	0x141026080
D_TO_E_PROVIDER	CALLER	0x1435C2F02	0x1435C2E60	0x141026080
D_TO_E_PROVIDER	CALLER	0x1435C2F18	0x1435C2E60	0x141026080
D_TO_E_PROVIDER	CALLER	0x1435C8BA6	0x1435C8B70	0x141026080
D_TO_E_PROVIDER	CALLER	0x1435C8F71	0x1435C8B70	0x141026080
D_TO_E_PROVIDER	CALLER	0x1435C9BF8	0x1435C8B70	0x141026080
D_TO_E_PROVIDER	CALLER	0x1435CBC89	0x1435CBC00	0x141026080
D_TO_E_PROVIDER	CALLER	0x1435CBD27	0x1435CBD10	0x141026080
D_TO_E_PROVIDER	CALLER	0x1435CC022	0x1435CC010	0x141026080
D_TO_E_PROVIDER	CALLER	0x1435CC1AD	0x1435CC180	0x141026080
D_TO_E_PROVIDER	CALLER	0x1435CC500	0x1435CC4B0	0x141026080
D_TO_E_PROVIDER	CALLER	0x1435CD994	0x1435CD830	0x141026080
D_TO_E_PROVIDER	CALLER	0x1435CDEE2	0x1435CDC00	0x141026080
D_TO_E_PROVIDER	CALLER	0x1435CE3AA	0x1435CE350	0x141026080
D_TO_E_PROVIDER	CALLER	0x1435CE4F5	0x1435CE350	0x141026080
D_TO_E_PROVIDER	CALLER	0x1435CE939	0x1435CE930	0x141026080
D_TO_E_PROVIDER	CALLER	0x1435CECAB	0x1435CEC90	0x141026080
D_TO_E_PROVIDER	CALLER	0x1435CF3EA	0x1435CF330	0x141026080
D_TO_E_PROVIDER	CALLER	0x1435CF756	0x1435CF6A0	0x141026080
D_TO_E_PROVIDER	CALLER	0x1435CF84E	0x1435CF6A0	0x141026080
D_TO_E_PROVIDER	CALLER	0x1435D03BE	0x1435D03A0	0x141026080
D_TO_E_PROVIDER	CALLER	0x1435D075E	0x1435D0740	0x141026080
D_TO_E_PROVIDER	CALLER	0x1435D0BAF	0x1435D0B70	0x141026080
D_TO_E_PROVIDER	CALLER	0x1435D0D31	0x1435D0B70	0x141026080
D_TO_E_PROVIDER	CALLER	0x1435D5472	0x1435D5460	0x141026080
D_TO_E_PROVIDER	CALLER	0x1435D77FF	0x1435D77C0	0x141026080
D_TO_E_PROVIDER	CALLER	0x1435D7A00	0x1435D7970	0x141026080
D_TO_E_PROVIDER	CALLER	0x14361A2E1	0x14361A2C0	0x141026080
D_TO_E_PROVIDER	CALLER	0x14361C371	0x14361C000	0x141026080
D_TO_E_PROVIDER	CALLER	0x143652C3C	0x143652C2E	0x141026080
D_TO_E_PROVIDER	CALLER	0x143652FFE	0x143652FA0	0x141026080
D_TO_E_PROVIDER	CALLER	0x143688E10	0x143688C70	0x141026080
D_TO_E_PROVIDER	CALLER	0x143689467	0x1436892F0	0x141026080
D_TO_E_PROVIDER	CALLER	0x1436948B3	0x143694880	0x141026080
D_TO_E_PROVIDER	CALLER	0x143699B03	0x143699A30	0x141026080
D_TO_E_PROVIDER	CALLER	0x14369A313	0x14369A300	0x141026080
D_TO_E_PROVIDER	CALLER	0x1436C62A8	0x1436C61E0	0x141026080
D_TO_E_PROVIDER	CALLER	0x1436D4B3E	0x1436D4B20	0x141026080
D_TO_E_PROVIDER	CALLER	0x1436D5549	0x1436D5520	0x141026080
D_TO_E_PROVIDER	CALLER	0x1436D5ABC	0x1436D5950	0x141026080
D_TO_E_PROVIDER	CALLER	0x14374F02D	0x14374EF70	0x141026080
D_TO_E_PROVIDER	CALLER	0x14374F062	0x14374EF70	0x141026080
D_TO_E_PROVIDER	CALLER	0x143750986	0x143750930	0x141026080
D_TO_E_PROVIDER	CALLER	0x143759A32	0x143759550	0x141026080
D_TO_E_PROVIDER	CALLER	0x143759D4B	0x143759D23	0x141026080
D_TO_E_PROVIDER	CALLER	0x1437636A9	0x1437636A0	0x141026080
D_TO_E_PROVIDER	CALLER	0x143763991	0x143763870	0x141026080
D_TO_E_PROVIDER	CALLER	0x143763A92	0x143763A80	0x141026080
D_TO_E_PROVIDER	CALLER	0x143763AED	0x143763A80	0x141026080
D_TO_E_PROVIDER	CALLER	0x143763B3D	0x143763B30	0x141026080
D_TO_E_PROVIDER	CALLER	0x1437643FD	0x1437643F0	0x141026080
D_TO_E_PROVIDER	CALLER	0x14376F0EB	0x14376E530	0x141026080
D_TO_E_PROVIDER	CALLER	0x143772495	0x143771900	0x141026080
D_TO_E_PROVIDER	CALLER	0x14377249F	0x143771900	0x141026080
D_TO_E_PROVIDER	CALLER	0x1437ABD07	0x1437ABCE0	0x141026080
D_TO_E_PROVIDER	CALLER	0x1437AC9A2	0x1437AC8C0	0x141026080
D_TO_E_PROVIDER	CALLER	0x1437B05FF	0x1437B04D0	0x141026080
D_TO_E_PROVIDER	CALLER	0x1437B0A59	0x1437B0A40	0x141026080
D_TO_E_PROVIDER	CALLER	0x1437B1044	0x1437B0FA0	0x141026080
D_TO_E_PROVIDER	CALLER	0x1437B11B1	0x1437B1110	0x141026080
D_TO_E_PROVIDER	CALLER	0x1437B1340	0x1437B1330	0x141026080
D_TO_E_PROVIDER	CALLER	0x14381F93E	0x14381F900	0x141026080
D_TO_E_PROVIDER	CALLER	0x143821812	0x143821790	0x141026080
D_TO_E_PROVIDER	CALLER	0x14382469D	0x143824620	0x141026080
D_TO_E_PROVIDER	CALLER	0x143825405	0x143825400	0x141026080
D_TO_E_PROVIDER	CALLER	0x14382D1B8	0x14382D1B3	0x141026080
D_TO_E_PROVIDER	CALLER	0x14384E3B7	0x14384DDB0	0x141026080
D_TO_E_PROVIDER	CALLER	0x14385004E	0x14384FFE0	0x141026080
D_TO_E_PROVIDER	CALLER	0x1438F1165	0x1438F1120	0x141026080
D_TO_E_PROVIDER	CALLER	0x1438F18A8	0x1438F1870	0x141026080
D_TO_E_PROVIDER	CALLER	0x1438F18BB	0x1438F1870	0x141026080
D_TO_E_PROVIDER	CALLER	0x1438F21A9	0x1438F21A0	0x141026080
D_TO_E_PROVIDER	CALLER	0x143942E9C	0x143942DE0	0x141026080
D_TO_E_PROVIDER	CALLER	0x143942EB7	0x143942DE0	0x141026080
D_TO_E_PROVIDER	CALLER	0x143947688	0x143947500	0x141026080
D_TO_E_PROVIDER	CALLER	0x143947836	0x143947500	0x141026080
D_TO_E_PROVIDER	CALLER	0x14394E6AF	0x14394E690	0x141026080
D_TO_E_PROVIDER	CALLER	0x14394E6E0	0x14394E690	0x141026080
D_TO_E_PROVIDER	CALLER	0x14394F80E	0x14394F790	0x141026080
D_TO_E_PROVIDER	CALLER	0x14394FA59	0x14394FA49	0x141026080
D_TO_E_PROVIDER	CALLER	0x14394FFF0	0x14394FFE0	0x141026080
D_TO_E_PROVIDER	CALLER	0x143950004	0x14394FFE0	0x141026080
D_TO_E_PROVIDER	CALLER	0x143950EAA	0x143950EA5	0x141026080
D_TO_E_PROVIDER	CALLER	0x143950F88	0x143950F0F	0x141026080
D_TO_E_PROVIDER	CALLER	0x14395135A	0x1439511D0	0x141026080
D_TO_E_PROVIDER	CALLER	0x14395B8FE	0x14395B8E0	0x141026080
D_TO_E_PROVIDER	CALLER	0x14395B912	0x14395B8E0	0x141026080
D_TO_E_PROVIDER	CALLER	0x14395B92A	0x14395B8E0	0x141026080
D_TO_E_PROVIDER	CALLER	0x143A2D781	0x143A2D720	0x141026080
D_TO_E_PROVIDER	CALLER	0x143A52586	0x143A52510	0x141026080
D_TO_E_PROVIDER	CALLER	0x143A58096	0x143A58060	0x141026080
D_TO_E_PROVIDER	CALLER	0x143B9EBFE	0x143B9EBD0	0x141026080
D_TO_E_PROVIDER	CALLER	0x143B9F1BF	0x143B9F130	0x141026080
D_TO_E_PROVIDER	CALLER	0x143CAAD50	0x143CAACF0	0x141026080
D_TO_E_PROVIDER	CALLER	0x143CACFEA	0x143CACE30	0x141026080
D_TO_E_PROVIDER	CALLER	0x143CAD23A	0x143CACE30	0x141026080
D_TO_E_PROVIDER	CALLER	0x143CAFF30	0x143CAFE70	0x141026080
D_TO_E_PROVIDER	CALLER	0x143CB0218	0x143CAFE70	0x141026080
D_TO_E_PROVIDER	CALLER	0x143CB0572	0x143CAFE70	0x141026080
D_TO_E_PROVIDER	CALLER	0x143CB090D	0x143CB08EB	0x141026080
D_TO_E_PROVIDER	CALLER	0x143CB0DDE	0x143CB0BC0	0x141026080
D_TO_E_PROVIDER	CALLER	0x143CB161B	0x143CB1250	0x141026080
D_TO_E_PROVIDER	CALLER	0x143CB1678	0x143CB1250	0x141026080
D_TO_E_PROVIDER	CALLER	0x143CB1A59	0x143CB18D0	0x141026080
D_TO_E_PROVIDER	CALLER	0x143CB1CDA	0x143CB1AD0	0x141026080
D_TO_E_PROVIDER	CALLER	0x143CB1D38	0x143CB1AD0	0x141026080
D_TO_E_PROVIDER	CALLER	0x143CB372A	0x143CB36F0	0x141026080
D_TO_E_PROVIDER	CALLER	0x143CB3906	0x143CB38E0	0x141026080
D_TO_E_PROVIDER	CALLER	0x143CB3960	0x143CB3950	0x141026080
D_TO_E_PROVIDER	CALLER	0x143CB5F40	0x143CB5F30	0x141026080
D_TO_E_PROVIDER	CALLER	0x143CB6051	0x143CB6041	0x141026080
D_TO_E_PROVIDER	CALLER	0x143CB8995	0x143CB8490	0x141026080
D_TO_E_PROVIDER	CALLER	0x143CB96BE	0x143CB96A0	0x141026080
D_TO_E_PROVIDER	CALLER	0x143CB9FD3	0x143CB9F50	0x141026080
D_TO_E_PROVIDER	CALLER	0x143CC112F	0x143CC0D50	0x141026080
D_TO_E_PROVIDER	CALLER	0x143CC1184	0x143CC0D50	0x141026080
D_TO_E_PROVIDER	CALLER	0x143CC11D0	0x143CC0D50	0x141026080
D_TO_E_PROVIDER	CALLER	0x143CD760D	0x143CD75F0	0x141026080
D_TO_E_PROVIDER	CALLER	0x143CF5C83	0x143CF5C60	0x141026080
D_TO_E_PROVIDER	CALLER	0x143CFD7C8	0x143CFD790	0x141026080
D_TO_E_PROVIDER	CALLER	0x143D441CD	0x143D441B0	0x141026080
D_TO_E_PROVIDER	CALLER	0x143D44E19	0x143D44600	0x141026080
D_TO_E_PROVIDER	CALLER	0x143D57359	0x143D57350	0x141026080
D_TO_E_PROVIDER	CALLER	0x143D57665	0x143D57650	0x141026080
D_TO_E_PROVIDER	CALLER	0x143DB9669	0x143DB9650	0x141026080
D_TO_E_PROVIDER	CALLER	0x143DB9787	0x143DB9770	0x141026080
D_TO_E_PROVIDER	CALLER	0x143DB9FAB	0x143DB9FA0	0x141026080
D_TO_E_PROVIDER	CALLER	0x143DBA369	0x143DBA250	0x141026080
D_TO_E_PROVIDER	CALLER	0x143DBA50E	0x143DBA4F0	0x141026080
D_TO_E_PROVIDER	CALLER	0x143DBA696	0x143DBA680	0x141026080
D_TO_E_PROVIDER	CALLER	0x143DBA84D	0x143DBA830	0x141026080
D_TO_E_PROVIDER	CALLER	0x143DBBE33	0x143DBBC90	0x141026080
D_TO_E_PROVIDER	CALLER	0x143DFBC29	0x143DFBC20	0x141026080
D_TO_E_PROVIDER	CALLER	0x143E02D47	0x143E02D20	0x141026080
D_TO_E_PROVIDER	CALLER	0x143E02E04	0x143E02D20	0x141026080
D_TO_E_PROVIDER	CALLER	0x143E02EE3	0x143E02D20	0x141026080
D_TO_E_PROVIDER	CALLER	0x143E1228E	0x143E12280	0x141026080
D_TO_E_PROVIDER	CALLER	0x143E1633C	0x143E1632E	0x141026080
D_TO_E_PROVIDER	CALLER	0x143E164B9	0x143E16480	0x141026080
D_TO_E_PROVIDER	CALLER	0x143E166D8	0x143E16690	0x141026080
D_TO_E_PROVIDER	CALLER	0x143E77ADC	0x143E77A50	0x141026080
D_TO_E_PROVIDER	CALLER	0x143E814C7	0x143E813E0	0x141026080
D_TO_E_PROVIDER	CALLER	0x143E81604	0x143E813E0	0x141026080
D_TO_E_PROVIDER	CALLER	0x143E9ACF4	0x143E9ACB4	0x141026080
D_TO_E_PROVIDER	CALLER	0x143EFABED	0x143EFABD0	0x141026080
D_TO_E_PROVIDER	CALLER	0x143EFE139	0x143EFE110	0x141026080
D_TO_E_PROVIDER	CALLER	0x143F1A4BC	0x143F1A290	0x141026080
D_TO_E_PROVIDER	CALLER	0x143F1A4E1	0x143F1A290	0x141026080
D_TO_E_PROVIDER	CALLER	0x143F59CFE	0x143F59C20	0x141026080
D_TO_E_PROVIDER	CALLER	0x143F622B5	0x143F62280	0x141026080
D_TO_E_PROVIDER	CALLER	0x143F63080	0x143F62FE0	0x141026080
D_TO_E_PROVIDER	CALLER	0x143FA5121	0x143FA50F0	0x141026080
D_TO_E_PROVIDER	CALLER	0x143FB0FF6	0x143FB0FD0	0x141026080
D_TO_E_PROVIDER	CALLER	0x143FB1627	0x143FB1616	0x141026080
D_TO_E_PROVIDER	CALLER	0x143FB3084	0x143FB3010	0x141026080
D_TO_E_PROVIDER	CALLER	0x143FC8AF4	0x143FC88E0	0x141026080
D_TO_E_PROVIDER	CALLER	0x143FC8B30	0x143FC88E0	0x141026080
D_TO_E_PROVIDER	CALLER	0x144024846	0x1440247F0	0x141026080
D_TO_E_PROVIDER	CALLER	0x144033E6F	0x144033DC0	0x141026080
D_TO_E_PROVIDER	CALLER	0x14404483B	0x144044810	0x141026080
D_TO_E_PROVIDER	CALLER	0x14408C402	0x14408C3D3	0x141026080
D_TO_E_PROVIDER	CALLER	0x14408C442	0x14408C442	0x141026080
D_TO_E_PROVIDER	CALLER	0x14409BE89	0x14409BDB0	0x141026080
D_TO_E_PROVIDER	CALLER	0x14409BF44	0x14409BDB0	0x141026080
D_TO_E_PROVIDER	CALLER	0x1440A1CFE	0x1440A1CA0	0x141026080
D_TO_E_PROVIDER	CALLER	0x1440A1E0D	0x1440A1DF0	0x141026080
D_TO_E_PROVIDER	CALLER	0x1440A23E5	0x1440A23D0	0x141026080
D_TO_E_PROVIDER	CALLER	0x1440A24E9	0x1440A23D0	0x141026080
D_TO_E_PROVIDER	CALLER	0x1440A28DD	0x1440A28C0	0x141026080
D_TO_E_PROVIDER	CALLER	0x1440DD522	0x1440DD510	0x141026080
D_TO_E_PROVIDER	CALLER	0x1440DD5B9	0x1440DD5B0	0x141026080
D_TO_E_PROVIDER	CALLER	0x1440DDE92	0x1440DDAC0	0x141026080
D_TO_E_PROVIDER	CALLER	0x1440E933B	0x1440E9310	0x141026080
D_TO_E_PROVIDER	CALLER	0x14411AC1D	0x14411AC00	0x141026080
D_TO_E_PROVIDER	CALLER	0x14411C94E	0x14411C840	0x141026080
D_TO_E_PROVIDER	CALLER	0x144164DF3	0x144164D48	0x141026080
D_TO_E_PROVIDER	CALLER	0x1441651DB	0x1441651CE	0x141026080
D_TO_E_PROVIDER	CALLER	0x144165F55	0x144165F40	0x141026080
D_TO_E_PROVIDER	CALLER	0x1441663C3	0x144166230	0x141026080
D_TO_E_PROVIDER	CALLER	0x144166796	0x144166670	0x141026080
D_TO_E_PROVIDER	CALLER	0x144166800	0x144166670	0x141026080
D_TO_E_PROVIDER	CALLER	0x144166AED	0x1441669C0	0x141026080
D_TO_E_PROVIDER	CALLER	0x144166C7B	0x144166B70	0x141026080
D_TO_E_PROVIDER	CALLER	0x14416789C	0x144167850	0x141026080
D_TO_E_PROVIDER	CALLER	0x14416D265	0x14416D265	0x141026080
D_TO_E_PROVIDER	CALLER	0x14416D345	0x14416D310	0x141026080
D_TO_E_PROVIDER	CALLER	0x14417E19A	0x14417E120	0x141026080
D_TO_E_PROVIDER	CALLER	0x1441823F4	0x1441823E0	0x141026080
D_TO_E_PROVIDER	CALLER	0x14418270A	0x144182700	0x141026080
D_TO_E_PROVIDER	CALLER	0x14418283C	0x1441827D0	0x141026080
D_TO_E_PROVIDER	CALLER	0x14418294D	0x144182940	0x141026080
D_TO_E_PROVIDER	CALLER	0x1441F346F	0x1441F3440	0x141026080
D_TO_E_PROVIDER	CALLER	0x1441F45A7	0x1441F4570	0x141026080
D_TO_E_PROVIDER	CALLER	0x144210156	0x144210120	0x141026080
D_TO_E_PROVIDER	CALLER	0x144220583	0x144220560	0x141026080
D_TO_E_PROVIDER	CALLER	0x144220591	0x144220560	0x141026080
D_TO_E_PROVIDER	CALLER	0x1442206E9	0x1442206E0	0x141026080
D_TO_E_PROVIDER	CALLER	0x1442206F3	0x1442206E0	0x141026080
D_TO_E_PROVIDER	CALLER	0x144220749	0x144220740	0x141026080
D_TO_E_PROVIDER	CALLER	0x144220753	0x144220740	0x141026080
D_TO_E_PROVIDER	CALLER	0x1442207C9	0x1442207C0	0x141026080
D_TO_E_PROVIDER	CALLER	0x1442207D3	0x1442207C0	0x141026080
D_TO_E_PROVIDER	CALLER	0x144220A7D	0x144220A70	0x141026080
D_TO_E_PROVIDER	CALLER	0x144220AAF	0x144220A70	0x141026080
D_TO_E_PROVIDER	CALLER	0x144220B1D	0x144220B10	0x141026080
D_TO_E_PROVIDER	CALLER	0x144220B4F	0x144220B10	0x141026080
D_TO_E_PROVIDER	CALLER	0x144220BC5	0x144220BB0	0x141026080
D_TO_E_PROVIDER	CALLER	0x144220C33	0x144220BB0	0x141026080
D_TO_E_PROVIDER	CALLER	0x144220CBD	0x144220CA0	0x141026080
D_TO_E_PROVIDER	CALLER	0x144220D40	0x144220CA0	0x141026080
D_TO_E_PROVIDER	CALLER	0x14427F821	0x14427F7F0	0x141026080
D_TO_E_PROVIDER	CALLER	0x14428D3C7	0x14428D390	0x141026080
D_TO_E_PROVIDER	CALLER	0x14428DD13	0x14428DCF0	0x141026080
D_TO_E_PROVIDER	CALLER	0x1442F6589	0x1442F6040	0x141026080
D_TO_E_PROVIDER	CALLER	0x1442FAA1D	0x1442FA9C8	0x141026080
D_TO_E_PROVIDER	CALLER	0x144300521	0x14430051C	0x141026080
D_TO_E_PROVIDER	CALLER	0x1443BCEA7	0x1443BC950	0x141026080
D_TO_E_PROVIDER	CALLER	0x1443BD00E	0x1443BC950	0x141026080
D_TO_E_PROVIDER	CALLER	0x1443BD018	0x1443BC950	0x141026080
D_TO_E_PROVIDER	CALLER	0x1443D994B	0x1443D9910	0x141026080
D_TO_E_PROVIDER	CALLER	0x1443D9CC1	0x1443D9CBC	0x141026080
D_TO_E_PROVIDER	CALLER	0x14446790B	0x1444678BF	0x141026080
D_TO_E_PROVIDER	CALLER	0x14446798D	0x1444678BF	0x141026080
D_TO_E_PROVIDER	CALLER	0x1444688D3	0x144468760	0x141026080
D_TO_E_PROVIDER	CALLER	0x144469009	0x144468EA0	0x141026080
D_TO_E_PROVIDER	CALLER	0x1445D3244	0x1445D3090	0x141026080
D_TO_E_PROVIDER	CALLER	0x1445D324E	0x1445D3090	0x141026080
D_TO_E_PROVIDER	CALLER	0x14460466F	0x144604650	0x141026080
D_TO_E_PROVIDER	CALLER	0x14460B01B	0x14460AFE0	0x141026080
D_TO_E_PROVIDER	CALLER	0x14460B040	0x14460AFE0	0x141026080
D_TO_E_PROVIDER	CALLER	0x14460F017	0x14460F000	0x141026080
D_TO_E_PROVIDER	CALLER	0x14460F910	0x14460F4D0	0x141026080
D_TO_E_PROVIDER	CALLER	0x1447A458F	0x1447A44E0	0x141026080
D_TO_E_PROVIDER	CALLER	0x1447AEE60	0x1447AEE50	0x141026080
D_TO_E_PROVIDER	CALLER	0x1447B0D3A	0x1447B0B40	0x141026080
D_TO_E_PROVIDER	CALLER	0x1447DE71B	0x1447DE650	0x141026080
D_TO_E_PROVIDER	CALLER	0x1447DE729	0x1447DE650	0x141026080
D_TO_E_PROVIDER	CALLER	0x1447DE9EB	0x1447DE930	0x141026080
D_TO_E_PROVIDER	CALLER	0x1447DE9F9	0x1447DE930	0x141026080
D_TO_E_PROVIDER	CALLER	0x144810772	0x144810760	0x141026080
D_TO_E_PROVIDER	CALLER	0x1448108FF	0x1448108D0	0x141026080
D_TO_E_PROVIDER	CALLER	0x144810BEF	0x1448108D0	0x141026080
D_TO_E_PROVIDER	CALLER	0x1448584F5	0x1448584E0	0x141026080
D_TO_E_PROVIDER	CALLER	0x14485D6D6	0x14485D6C0	0x141026080
D_TO_E_PROVIDER	CALLER	0x14485EFCF	0x14485EF30	0x141026080
D_TO_E_PROVIDER	CALLER	0x144861313	0x14485FBA0	0x141026080
D_TO_E_PROVIDER	CALLER	0x1448C80F9	0x1448C80A0	0x141026080
D_TO_E_PROVIDER	CALLER	0x1448CF45E	0x1448CF440	0x141026080
D_TO_E_PROVIDER	CALLER	0x1448CFB5D	0x1448CFAE0	0x141026080
D_TO_E_PROVIDER	CALLER	0x1448CFC1D	0x1448CFAE0	0x141026080
D_TO_E_PROVIDER	CALLER	0x1448D72C9	0x1448D72C0	0x141026080
D_TO_E_PROVIDER	CALLER	0x1448D7D13	0x1448D7CF0	0x141026080
D_TO_E_PROVIDER	CALLER	0x1448D7D74	0x1448D7CF0	0x141026080
D_TO_E_PROVIDER	CALLER	0x1448D9A2E	0x1448D98E0	0x141026080
D_TO_E_PROVIDER	CALLER	0x1448E14C3	0x1448E0EF0	0x141026080
D_TO_E_PROVIDER	CALLER	0x1448E1974	0x1448E1810	0x141026080
D_TO_E_PROVIDER	CALLER	0x1448E521E	0x1448E5050	0x141026080
D_TO_E_PROVIDER	CALLER	0x1448E67E3	0x1448E6790	0x141026080
D_TO_E_PROVIDER	CALLER	0x1448E686F	0x1448E6790	0x141026080
D_TO_E_PROVIDER	CALLER	0x1448E8711	0x1448E8690	0x141026080
D_TO_E_PROVIDER	CALLER	0x1448E8779	0x1448E8690	0x141026080
D_TO_E_PROVIDER	CALLER	0x1448E883A	0x1448E8690	0x141026080
D_TO_E_PROVIDER	CALLER	0x144913979	0x144913960	0x141026080
D_TO_E_PROVIDER	CALLER	0x144914CB5	0x144914C80	0x141026080
D_TO_E_PROVIDER	CALLER	0x144922FDD	0x144922FC0	0x141026080
D_TO_E_PROVIDER	CALLER	0x14492D393	0x14492B6B0	0x141026080
D_TO_E_PROVIDER	CALLER	0x144930B1E	0x1449309B0	0x141026080
D_TO_E_PROVIDER	CALLER	0x144933BFF	0x144933BD0	0x141026080
D_TO_E_PROVIDER	CALLER	0x1449343B9	0x144933BD0	0x141026080
D_TO_E_PROVIDER	CALLER	0x144934840	0x1449347F0	0x141026080
D_TO_E_PROVIDER	CALLER	0x144938874	0x1449387F0	0x141026080
D_TO_E_PROVIDER	CALLER	0x1449831A9	0x1449831A0	0x141026080
D_TO_E_PROVIDER	CALLER	0x1449832A3	0x144983280	0x141026080
D_TO_E_PROVIDER	CALLER	0x1449835AF	0x144983590	0x141026080
D_TO_E_PROVIDER	CALLER	0x1449839BB	0x1449839A0	0x141026080
D_TO_E_PROVIDER	CALLER	0x144983B4A	0x144983B30	0x141026080
D_TO_E_PROVIDER	CALLER	0x144983C56	0x144983C30	0x141026080
D_TO_E_PROVIDER	CALLER	0x14498434F	0x144984170	0x141026080
D_TO_E_PROVIDER	CALLER	0x1449843F3	0x1449843D0	0x141026080
D_TO_E_PROVIDER	CALLER	0x1449844AE	0x144984490	0x141026080
D_TO_E_PROVIDER	CALLER	0x14498454E	0x144984530	0x141026080
D_TO_E_PROVIDER	CALLER	0x14498463F	0x1449845C0	0x141026080
D_TO_E_PROVIDER	CALLER	0x144984844	0x144984810	0x141026080
D_TO_E_PROVIDER	CALLER	0x144984D37	0x144984D10	0x141026080
D_TO_E_PROVIDER	CALLER	0x144984E4A	0x144984E30	0x141026080
D_TO_E_PROVIDER	CALLER	0x144984ECD	0x144984EB0	0x141026080
D_TO_E_PROVIDER	CALLER	0x144984F92	0x144984F80	0x141026080
D_TO_E_PROVIDER	CALLER	0x14498510C	0x1449850E0	0x141026080
D_TO_E_PROVIDER	CALLER	0x144985293	0x144985270	0x141026080
D_TO_E_PROVIDER	CALLER	0x1449853BD	0x1449853A0	0x141026080
D_TO_E_PROVIDER	CALLER	0x144985405	0x1449853A0	0x141026080
D_TO_E_PROVIDER	CALLER	0x144985584	0x144985560	0x141026080
D_TO_E_PROVIDER	CALLER	0x1449857FE	0x1449857E0	0x141026080
D_TO_E_PROVIDER	CALLER	0x1449858BD	0x1449858A0	0x141026080
D_TO_E_PROVIDER	CALLER	0x144985A46	0x144985A20	0x141026080
D_TO_E_PROVIDER	CALLER	0x144985B6A	0x144985B50	0x141026080
D_TO_E_PROVIDER	CALLER	0x144985C8E	0x144985C70	0x141026080
D_TO_E_PROVIDER	CALLER	0x144985D2E	0x144985CF0	0x141026080
D_TO_E_PROVIDER	CALLER	0x1449866BE	0x1449866A0	0x141026080
D_TO_E_PROVIDER	CALLER	0x144986AD4	0x144986A20	0x141026080
D_TO_E_PROVIDER	CALLER	0x14498C0D6	0x14498C0CC	0x141026080
D_TO_E_PROVIDER	CALLER	0x14498C148	0x14498C13E	0x141026080
D_TO_E_PROVIDER	CALLER	0x14498C262	0x14498C250	0x141026080
D_TO_E_PROVIDER	CALLER	0x14498C4A6	0x14498C430	0x141026080
D_TO_E_PROVIDER	CALLER	0x14498C6B2	0x14498C6A0	0x141026080
D_TO_E_PROVIDER	CALLER	0x14498C989	0x14498C980	0x141026080
D_TO_E_PROVIDER	CALLER	0x14498CBC9	0x14498CBC0	0x141026080
D_TO_E_PROVIDER	CALLER	0x14498CCA0	0x14498CC80	0x141026080
D_TO_E_PROVIDER	CALLER	0x14499CB8D	0x14499CB70	0x141026080
D_TO_E_PROVIDER	CALLER	0x1449A890D	0x1449A8900	0x141026080
D_TO_E_PROVIDER	CALLER	0x1449A9851	0x1449A9800	0x141026080
D_TO_E_PROVIDER	CALLER	0x144A50A60	0x144A50A10	0x141026080
D_TO_E_PROVIDER	CALLER	0x144A50D75	0x144A50D60	0x141026080
D_TO_E_PROVIDER	CALLER	0x144A55D9F	0x144A55D80	0x141026080
D_TO_E_PROVIDER	CALLER	0x144A564EF	0x144A56350	0x141026080
D_TO_E_PROVIDER	CALLER	0x144A57545	0x144A574C0	0x141026080
D_TO_E_PROVIDER	CALLER	0x144A57B14	0x144A57B00	0x141026080
D_TO_E_PROVIDER	CALLER	0x144A5D7E9	0x144A5D640	0x141026080
D_TO_E_PROVIDER	CALLER	0x144A65492	0x144A652F0	0x141026080
D_TO_E_PROVIDER	CALLER	0x144A66649	0x144A66600	0x141026080
D_TO_E_PROVIDER	CALLER	0x145BED4B7	0x145BED4A0	0x141026080
D_TO_E_PROVIDER	CALLER	0x145C41C4D	0x145C41A80	0x141026080
D_TO_E_PROVIDER	CALLER	0x145C512D6	0x145C512B9	0x141026080
D_TO_E_PROVIDER	CALLER	0x145C6081D	0x145C60800	0x141026080
D_TO_E_PROVIDER	CALLER	0x145C68BE4	0x145C68B90	0x141026080
D_TO_E_PROVIDER	CALLER	0x145C68D7D	0x145C68D60	0x141026080
D_TO_E_PROVIDER	CALLER	0x145C68E97	0x145C68E80	0x141026080
D_TO_E_PROVIDER	CALLER	0x145C69EE3	0x145C69D50	0x141026080
D_TO_E_PROVIDER	CALLER	0x145C78700	0x145C786F0	0x141026080
D_TO_E_PROVIDER	CALLER	0x145C7AB00	0x145C7AAF0	0x141026080
D_TO_E_PROVIDER	CALLER	0x145C82B32	0x145C829C0	0x141026080
D_TO_E_PROVIDER	CALLER	0x145CD1AEC	0x145CD1A20	0x141026080
D_TO_E_PROVIDER	CALLER	0x145CD8DDD	0x145CD8D80	0x141026080
D_TO_E_PROVIDER	CALLER	0x1463E576D	0x1463E5750	0x141026080
D_TO_E_PROVIDER	CALLER	0x14644A8D1	0x14644A070	0x141026080
D_TO_E_PROVIDER	CALLER	0x14644A8DF	0x14644A070	0x141026080
D_TO_E_PROVIDER	CALLER	0x146764D55	0x146764CD0	0x141026080
D_TO_E_PROVIDER	CALLER	0x146765B82	0x146765890	0x141026080
D_TO_E_PROVIDER	CALLER	0x14686CD7B	0x14686CC50	0x141026080
D_TO_E_PROVIDER	CALLER	0x14686FD3E	0x14686FAC0	0x141026080
D_TO_E_PROVIDER	CALLER	0x14686FD5F	0x14686FAC0	0x141026080
D_TO_E_PROVIDER	CALLER	0x14695D011	0x14695D000	0x141026080
D_TO_E_PROVIDER	CALLEE	0x1410260C6	0x141026080	0x147AAD091
D_TO_E_PROVIDER	CALLEE	0x1410260CE	0x141026080	0x1416AD7E0
D_TO_E_PROVIDER	CALLEE	0x1410260E3	0x141026080	0x147AA6598
D_TO_E_PROVIDER	CALLEE	0x1410260FF	0x141026080	0x147AAD091
D_TO_E_PROVIDER	CALLEE	0x141026107	0x141026080	0x141676530
D_TO_E_PROVIDER	CALLEE	0x14102611A	0x141026080	0x147AA652C
REP_INPUT	CALLEE	0x146B6EBA4	0x146B6EB70	0x140870BC0
REP_INPUT	CALLEE	0x146B6EBAC	0x146B6EB70	0x1409055D0
REP_INPUT	CALLEE	0x146B6EBB5	0x146B6EB70	0x140873240
REP_INPUT	CALLEE	0x146B6EC14	0x146B6EB70	0x1416C0D30
REP_INPUT	CALLEE	0x146B6EC2D	0x146B6EB70	0x1416B7150
REP_INPUT	CALLEE	0x146B6EC3F	0x146B6EB70	0x146154030
REP_INPUT	CALLEE	0x146B6EC5F	0x146B6EB70	0x1461AC8D0
REP_INPUT	CALLEE	0x146B6EC73	0x146B6EB70	0x140C9F410
REP_INPUT	CALLEE	0x146B6EC88	0x146B6EB70	0x1416B7150
REP_INPUT	CALLEE	0x146B6ECA6	0x146B6EB70	0x1406D8F80
REP_INPUT	CALLEE	0x146B6ECE2	0x146B6EB70	0x146B67390
REP_INPUT	CALLEE	0x146B6ECE7	0x146B6EB70	0x1416B7150
REP_INPUT	CALLEE	0x146B6ECF9	0x146B6EB70	0x1406D8F80
REP_INPUT	CALLEE	0x146B6ED25	0x146B6EB70	0x146B676F0
REP_INPUT	CALLEE	0x146B6ED2E	0x146B6EB70	0x1406D8F80
REP_INPUT	CALLEE	0x146B6ED39	0x146B6EB70	0x146B6F190
REP_INPUT	CALLEE	0x146B6ED75	0x146B6EB70	0x1416B7150
REP_INPUT	CALLEE	0x146B6ED99	0x146B6EB70	0x147AA6B60
REP_INPUT	CALLEE	0x146B6EDAA	0x146B6EB70	0x1407F7D80
REP_INPUT	CALLEE	0x146B6EDC0	0x146B6EB70	0x140870BC0
REP_INPUT	CALLEE	0x146B6EDCD	0x146B6EB70	0x1461ACE70
REP_INPUT	CALLEE	0x146B6EDD9	0x146B6EB70	0x140879580
REP_INPUT	CALLEE	0x146B6EDEF	0x146B6EB70	0x1407EB290
REP_INPUT	CALLEE	0x146B6EE31	0x146B6EB70	0x146161960
REP_INPUT	CALLEE	0x146B6EE41	0x146B6EB70	0x146165FF0
REP_INPUT	CALLEE	0x146B6EE4E	0x146B6EB70	0x147AA61C1
REP_INPUT	CALLEE	0x146B6EE6C	0x146B6EB70	0x1461AAB40
REP_INPUT	CALLEE	0x146B6EE82	0x146B6EB70	0x1402B6E60
REP_INPUT	CALLEE	0x146B6EE9D	0x146B6EB70	0x1402B6E60
REP_INPUT	CALLEE	0x146B6EEAB	0x146B6EB70	0x1407FD9E0
REP_INPUT	CALLEE	0x146B6EEB7	0x146B6EB70	0x1402B6E60
REP_INPUT	CALLEE	0x146B6EEDF	0x146B6EB70	0x1461AE980
REP_INPUT	CALLEE	0x146B6EEF5	0x146B6EB70	0x146163DB0
REP_INPUT	CALLEE	0x146B6EF18	0x146B6EB70	0x147AA6B60
REP_INPUT	CALLEE	0x146B6EF5E	0x146B6EB70	0x146B6C500
REP_INPUT	CALLEE	0x146B6EF9F	0x146B6EB70	0x147AA664C
REP_INPUT	CALLEE	0x146B6EFDB	0x146B6EB70	0x1416B7150
REP_INPUT	CALLEE	0x146B6F001	0x146B6EB70	0x147AA6B60
REP_WRITER	CALLER	0x146B6ED39	0x146B6EB70	0x146B6F190
REP_WRITER	CALLEE	0x146B6F1C1	0x146B6F190	0x1407F2E80
REP_WRITER	CALLEE	0x146B6F1E5	0x146B6F190	0x146158BA0
REP_WRITER	CALLEE	0x146B6F244	0x146B6F190	0x140877E60
REP_WRITER	CALLEE	0x146B6F253	0x146B6F190	0x140870C50
REP_WRITER	CALLEE	0x146B6F266	0x146B6F190	0x146B70D00
REP_WRITER	CALLEE	0x146B6F279	0x146B6F190	0x146B6C500
REP_WRITER	CALLEE	0x146B6F2FE	0x146B6F190	0x146B6C500
REP_WRITER	CALLEE	0x146B6F33D	0x146B6F190	0x147AA664C
REP_WRITER	CALLEE	0x146B6F356	0x146B6F190	0x147AA6610
REP_WRITER	CALLEE	0x146B6F3A8	0x146B6F190	0x146B679F0
REP_WRITER	CALLEE	0x146B6F3C3	0x146B6F190	0x146B6C500
REP_WRITER	CALLEE	0x146B6F3FF	0x146B6F190	0x147AA664C
REP_WRITER	CALLEE	0x146B6F442	0x146B6F190	0x147AA664C
REP_WRITER	CALLEE	0x146B6F474	0x146B6F190	0x1407EB290
REP_WRITER	CALLEE	0x146B6F4AD	0x146B6F190	0x146161960
REP_WRITER	CALLEE	0x146B6F4BD	0x146B6F190	0x146165FF0
REP_WRITER	CALLEE	0x146B6F4C6	0x146B6F190	0x147AA61C1
REP_WRITER	CALLEE	0x146B6F4E4	0x146B6F190	0x1461AAB40
REP_WRITER	CALLEE	0x146B6F4F7	0x146B6F190	0x1402B6E60
REP_WRITER	CALLEE	0x146B6F520	0x146B6F190	0x1461AE980
REP_WRITER	CALLEE	0x146B6F536	0x146B6F190	0x146163DB0
REP_WRITER	CALLEE	0x146B6F55A	0x146B6F190	0x147AA6B60
REP_WRITER	CALLEE	0x146B6F575	0x146B6F190	0x140875770
REP_WRITER	CALLEE	0x146B6F584	0x146B6F190	0x146AFED90
REP_WRITER	CALLEE	0x146B6F5A7	0x146B6F190	0x1402C43B0
REP_WRITER	CALLEE	0x146B6F606	0x146B6F190	0x146B66E70
REP_WRITER	CALLEE	0x146B6F613	0x146B6F190	0x1406D97B0
REP_WRITER	CALLEE	0x146B6F626	0x146B6F190	0x146B6C500
REP_WRITER	CALLEE	0x146B6F630	0x146B6F190	0x1407F6A30
REP_WRITER	CALLEE	0x146B6F654	0x146B6F190	0x146158BA0
REP_WRITER	CALLEE	0x146B6F6A4	0x146B6F190	0x140875770
REP_WRITER	CALLEE	0x146B6F6B3	0x146B6F190	0x146AFED90
REP_WRITER	CALLEE	0x146B6F6BD	0x146B6F190	0x1407F2370
REP_WRITER	CALLEE	0x146B6F6E1	0x146B6F190	0x146158BA0
REP_WRITER	CALLEE	0x146B6F73A	0x146B6F190	0x140877E60
REP_WRITER	CALLEE	0x146B6F75A	0x146B6F190	0x14087CC20
REP_WRITER	CALLEE	0x146B6F7CF	0x146B6F190	0x140870C50
REP_WRITER	CALLEE	0x146B6F7ED	0x146B6F190	0x1407F1CC0
REP_WRITER	CALLEE	0x146B6F811	0x146B6F190	0x146158BA0
REP_WRITER	CALLEE	0x146B6F872	0x146B6F190	0x146B670E0
REP_WRITER	CALLEE	0x146B6F87C	0x146B6F190	0x1407F0940
REP_WRITER	CALLEE	0x146B6F8A0	0x146B6F190	0x146158BA0
REP_WRITER	CALLEE	0x146B6F926	0x146B6F190	0x1407EBEC0
REP_WRITER	CALLEE	0x146B6F94A	0x146B6F190	0x146158BA0
REP_WRITER	CALLEE	0x146B6F98F	0x146B6F190	0x1407F7D80
REP_WRITER	CALLEE	0x146B6F9D7	0x146B6F190	0x1407EB290
REP_WRITER	CALLEE	0x146B6FA10	0x146B6F190	0x146161960
REP_WRITER	CALLEE	0x146B6FA20	0x146B6F190	0x146165FF0
REP_WRITER	CALLEE	0x146B6FA2D	0x146B6F190	0x147AA61C1
REP_WRITER	CALLEE	0x146B6FA4B	0x146B6F190	0x1461AAB40
REP_WRITER	CALLEE	0x146B6FA5E	0x146B6F190	0x1402B6E60
REP_WRITER	CALLEE	0x146B6FA8E	0x146B6F190	0x1461AE980
REP_WRITER	CALLEE	0x146B6FAA4	0x146B6F190	0x146163DB0
REP_WRITER	CALLEE	0x146B6FABE	0x146B6F190	0x147AA6B60
REP_WRITER	CALLEE	0x146B6FADA	0x146B6F190	0x146B690D0
REP_WRITER	CALLEE	0x146B6FAE6	0x146B6F190	0x146B6C900
REP_WRITER	CALLEE	0x146B6FAF0	0x146B6F190	0x1407EC780
REP_WRITER	CALLEE	0x146B6FB14	0x146B6F190	0x146158BA0
REP_WRITER	CALLEE	0x146B6FBA4	0x146B6F190	0x147AAD061
REP_WRITER	CALLEE	0x146B6FBB6	0x146B6F190	0x1407F72E0
REP_WRITER	CALLEE	0x146B6FBDA	0x146B6F190	0x146158BA0
REP_WRITER	CALLEE	0x146B6FC3B	0x146B6F190	0x146B66BE0
REP_WRITER	CALLEE	0x146B6FC45	0x146B6F190	0x1407EF9D0
REP_WRITER	CALLEE	0x146B6FC69	0x146B6F190	0x146158BA0
REP_WRITER	CALLEE	0x146B6FCDD	0x146B6F190	0x146B681F0
REP_WRITER	CALLEE	0x146B6FCE7	0x146B6F190	0x1407EE830
REP_WRITER	CALLEE	0x146B6FD0B	0x146B6F190	0x146158BA0
REP_WRITER	CALLEE	0x146B6FD89	0x146B6F190	0x146B67F20
REP_WRITER	CALLEE	0x146B6FD9C	0x146B6F190	0x1406D97B0
REP_WRITER	CALLEE	0x146B6FDAF	0x146B6F190	0x146B6C500
REP_WRITER	CALLEE	0x146B6FDE3	0x146B6F190	0x146B6BF50
REP_WRITER	CALLEE	0x146B6FDEC	0x146B6F190	0x140877E60
REP_WRITER	CALLEE	0x146B6FDFB	0x146B6F190	0x140870C50
REP_PARSER	CALLER	0x146AF1E98	0x146AF1D90	0x146AE44F0
REP_PARSER	CALLER	0x146AF2010	0x146AF1D90	0x146AE44F0
REP_PARSER	CALLEE	0x146AE4523	0x146AE44F0	0x140870BC0
REP_PARSER	CALLEE	0x146AE453C	0x146AE44F0	0x14087B5C0
REP_PARSER	CALLEE	0x146AE454E	0x146AE44F0	0x1402A1DA0
REP_PARSER	CALLEE	0x146AE455B	0x146AE44F0	0x1402A1DA0
REP_PARSER	CALLEE	0x146AE456E	0x146AE44F0	0x140879590
REP_PARSER	CALLEE	0x146AE45A2	0x146AE44F0	0x140873220
REP_PARSER	CALLEE	0x146AE45B3	0x146AE44F0	0x140873230
REP_PARSER	CALLEE	0x146AE45BE	0x146AE44F0	0x140873230
REP_PARSER	CALLEE	0x146AE45D7	0x146AE44F0	0x1402A1DA0
REP_PARSER	CALLEE	0x146AE45E7	0x146AE44F0	0x140870BE0
REP_PARSER	CALLEE	0x146AE4602	0x146AE44F0	0x140879590
REP_PARSER	CALLEE	0x146AE46C1	0x146AE44F0	0x140873220
REP_PARSER	CALLEE	0x146AE46D4	0x146AE44F0	0x140879590
REP_PARSER	CALLEE	0x146AE4709	0x146AE44F0	0x147AA6289
