label	address	function_start	function_end	size	file
GCW_DRIVER	0x14644A070	0x14644A070	0x14644AAE4	2676	disasm/000000014644A070-000000014644AAE4.asm
B_TO_C	0x145A92370				
C_TO_D	0x145A905C0				
D_TO_E	0x145A923C0				
D_TO_E_PROVIDER	0x141026080	0x141026080	0x141026121	161	disasm/0000000141026080-0000000141026121.asm
REP_INPUT	0x146B6EB70	0x146B6EB70	0x146B6F02E	1214	disasm/0000000146B6EB70-0000000146B6F02E.asm
REP_WRITER	0x146B6F190	0x146B6F190	0x146B6FE1B	3211	disasm/0000000146B6F190-0000000146B6FE1B.asm
REP_GATE	0x146B6DF30				
REP_PARSER	0x146AE44F0	0x146AE44F0	0x146AE470F	543	disasm/0000000146AE44F0-0000000146AE470F.asm
GCW_DRIVER_CALLEE_1402A1750	0x1402A1750				
GCW_DRIVER_CALLEE_14033D610	0x14033D610	0x14033D610	0x14033D983	883	disasm/000000014033D610-000000014033D983.asm
GCW_DRIVER_CALLEE_140870C50	0x140870C50				
GCW_DRIVER_CALLEE_140877E60	0x140877E60	0x140877E60	0x140877E7A	26	disasm/0000000140877E60-0000000140877E7A.asm
GCW_DRIVER_CALLEE_140FA4A30	0x140FA4A30	0x140FA4A30	0x140FA4D38	776	disasm/0000000140FA4A30-0000000140FA4D38.asm
GCW_DRIVER_CALLEE_14143E010	0x14143E010	0x14143E010	0x14143E10D	253	disasm/000000014143E010-000000014143E10D.asm
GCW_DRIVER_CALLEE_14149CA40	0x14149CA40	0x14149CA40	0x14149CB90	336	disasm/000000014149CA40-000000014149CB90.asm
GCW_DRIVER_CALLEE_144A7ACA0	0x144A7ACA0	0x144A7ACA0	0x144A7AF7A	730	disasm/0000000144A7ACA0-0000000144A7AF7A.asm
GCW_DRIVER_CALLEE_145A8D150	0x145A8D150				
GCW_DRIVER_CALLEE_145A8DCE0	0x145A8DCE0				
GCW_DRIVER_CALLEE_145A905C0	0x145A905C0				
GCW_DRIVER_CALLEE_145A905D0	0x145A905D0	0x145A905D0	0x145A9092B	859	disasm/0000000145A905D0-0000000145A9092B.asm
GCW_DRIVER_CALLEE_145A92370	0x145A92370				
GCW_DRIVER_CALLEE_145A92380	0x145A92380				
GCW_DRIVER_CALLEE_145A923C0	0x145A923C0				
GCW_DRIVER_CALLEE_1463E4000	0x1463E4000	0x1463E4000	0x1463E42AF	687	disasm/00000001463E4000-00000001463E42AF.asm
GCW_DRIVER_CALLEE_1463E4550	0x1463E4550	0x1463E4550	0x1463E4875	805	disasm/00000001463E4550-00000001463E4875.asm
GCW_DRIVER_CALLEE_14640FA00	0x14640FA00	0x14640FA00	0x14640FA67	103	disasm/000000014640FA00-000000014640FA67.asm
GCW_DRIVER_CALLEE_146422200	0x146422200	0x146422200	0x1464222B5	181	disasm/0000000146422200-00000001464222B5.asm
GCW_DRIVER_CALLEE_146425F20	0x146425F20	0x146425F20	0x1464264E5	1477	disasm/0000000146425F20-00000001464264E5.asm
GCW_DRIVER_CALLEE_146438900	0x146438900	0x146438900	0x146438973	115	disasm/0000000146438900-0000000146438973.asm
GCW_DRIVER_CALLEE_14643E4A0	0x14643E4A0	0x14643E4A0	0x14643E7A4	772	disasm/000000014643E4A0-000000014643E7A4.asm
GCW_DRIVER_CALLEE_146445F30	0x146445F30	0x146445F30	0x1464460C5	405	disasm/0000000146445F30-00000001464460C5.asm
GCW_DRIVER_CALLEE_146459320	0x146459320	0x146459320	0x14645968D	877	disasm/0000000146459320-000000014645968D.asm
GCW_DRIVER_CALLEE_14645FD70	0x14645FD70	0x14645FD70	0x146460233	1219	disasm/000000014645FD70-0000000146460233.asm
GCW_DRIVER_CALLEE_146460240	0x146460240	0x146460240	0x1464605B7	887	disasm/0000000146460240-00000001464605B7.asm
GCW_DRIVER_CALLEE_146465060	0x146465060	0x146465060	0x146465259	505	disasm/0000000146465060-0000000146465259.asm
GCW_DRIVER_CALLEE_146466650	0x146466650	0x146466650	0x1464666ED	157	disasm/0000000146466650-00000001464666ED.asm
GCW_DRIVER_CALLEE_1464708D0	0x1464708D0	0x1464708D0	0x146470C05	821	disasm/00000001464708D0-0000000146470C05.asm
GCW_DRIVER_CALLEE_14647F720	0x14647F720	0x14647F720	0x14647F786	102	disasm/000000014647F720-000000014647F786.asm
D_TO_E_PROVIDER_CALLEE_141676530	0x141676530	0x141676530	0x14167662C	252	disasm/0000000141676530-000000014167662C.asm
D_TO_E_PROVIDER_CALLEE_1416AD7E0	0x1416AD7E0	0x1416AD7E0	0x1416AD96A	394	disasm/00000001416AD7E0-00000001416AD96A.asm
D_TO_E_PROVIDER_CALLEE_147AA652C	0x147AA652C	0x147AA652C	0x147AA6595	105	disasm/0000000147AA652C-0000000147AA6595.asm
D_TO_E_PROVIDER_CALLEE_147AA6598	0x147AA6598	0x147AA6598	0x147AA6610	120	disasm/0000000147AA6598-0000000147AA6610.asm
D_TO_E_PROVIDER_CALLEE_147AAD091	0x147AAD091				
REP_INPUT_CALLEE_1402B6E60	0x1402B6E60	0x1402B6E60	0x1402B70A8	584	disasm/00000001402B6E60-00000001402B70A8.asm
REP_INPUT_CALLEE_1406D8F80	0x1406D8F80				
REP_INPUT_CALLEE_1407EB290	0x1407EB290	0x1407EB290	0x1407EB3B9	297	disasm/00000001407EB290-00000001407EB3B9.asm
REP_INPUT_CALLEE_1407F7D80	0x1407F7D80	0x1407F7D80	0x1407F7DEA	106	disasm/00000001407F7D80-00000001407F7DEA.asm
REP_INPUT_CALLEE_1407FD9E0	0x1407FD9E0	0x1407FD9E0	0x1407FDBF5	533	disasm/00000001407FD9E0-00000001407FDBF5.asm
REP_INPUT_CALLEE_140870BC0	0x140870BC0				
REP_INPUT_CALLEE_140873240	0x140873240				
REP_INPUT_CALLEE_140879580	0x140879580				
REP_INPUT_CALLEE_1409055D0	0x1409055D0				
REP_INPUT_CALLEE_140C9F410	0x140C9F410				
REP_INPUT_CALLEE_1416B7150	0x1416B7150	0x1416B7150	0x1416B716A	26	disasm/00000001416B7150-00000001416B716A.asm
REP_INPUT_CALLEE_1416C0D30	0x1416C0D30	0x1416C0D30	0x1416C0E59	297	disasm/00000001416C0D30-00000001416C0E59.asm
REP_INPUT_CALLEE_146154030	0x146154030	0x146154030	0x1461540A8	120	disasm/0000000146154030-00000001461540A8.asm
REP_INPUT_CALLEE_146161960	0x146161960	0x146161960	0x146161A12	178	disasm/0000000146161960-0000000146161A12.asm
REP_INPUT_CALLEE_146163DB0	0x146163DB0	0x146163DB0	0x146163DCB	27	disasm/0000000146163DB0-0000000146163DCB.asm
REP_INPUT_CALLEE_146165FF0	0x146165FF0				
REP_INPUT_CALLEE_1461AAB40	0x1461AAB40	0x1461AAB40	0x1461AACD0	400	disasm/00000001461AAB40-00000001461AACD0.asm
REP_INPUT_CALLEE_1461AC8D0	0x1461AC8D0	0x1461AC8D0	0x1461ACC94	964	disasm/00000001461AC8D0-00000001461ACC94.asm
REP_INPUT_CALLEE_1461ACE70	0x1461ACE70	0x1461ACE70	0x1461ACFD1	353	disasm/00000001461ACE70-00000001461ACFD1.asm
REP_INPUT_CALLEE_1461AE980	0x1461AE980	0x1461AE980	0x1461AEA58	216	disasm/00000001461AE980-00000001461AEA58.asm
REP_INPUT_CALLEE_146B67390	0x146B67390	0x146B67390	0x146B676E6	854	disasm/0000000146B67390-0000000146B676E6.asm
REP_INPUT_CALLEE_146B676F0	0x146B676F0	0x146B676F0	0x146B679E6	758	disasm/0000000146B676F0-0000000146B679E6.asm
REP_INPUT_CALLEE_146B6C500	0x146B6C500	0x146B6C500	0x146B6C8F3	1011	disasm/0000000146B6C500-0000000146B6C8F3.asm
REP_INPUT_CALLEE_147AA61C1	0x147AA61C1				
REP_INPUT_CALLEE_147AA664C	0x147AA664C				
REP_INPUT_CALLEE_147AA6B60	0x147AA6B60				
REP_WRITER_CALLEE_1402C43B0	0x1402C43B0	0x1402C43B0	0x1402C440B	91	disasm/00000001402C43B0-00000001402C440B.asm
REP_WRITER_CALLEE_1406D97B0	0x1406D97B0				
REP_WRITER_CALLEE_1407EBEC0	0x1407EBEC0	0x1407EBEC0	0x1407EC0EE	558	disasm/00000001407EBEC0-00000001407EC0EE.asm
REP_WRITER_CALLEE_1407EC780	0x1407EC780	0x1407EC780	0x1407EC9AE	558	disasm/00000001407EC780-00000001407EC9AE.asm
REP_WRITER_CALLEE_1407EE830	0x1407EE830	0x1407EE830	0x1407EEA5F	559	disasm/00000001407EE830-00000001407EEA5F.asm
REP_WRITER_CALLEE_1407EF9D0	0x1407EF9D0	0x1407EF9D0	0x1407EFC0E	574	disasm/00000001407EF9D0-00000001407EFC0E.asm
REP_WRITER_CALLEE_1407F0940	0x1407F0940	0x1407F0940	0x1407F0B58	536	disasm/00000001407F0940-00000001407F0B58.asm
REP_WRITER_CALLEE_1407F1CC0	0x1407F1CC0	0x1407F1CC0	0x1407F1EEF	559	disasm/00000001407F1CC0-00000001407F1EEF.asm
REP_WRITER_CALLEE_1407F2370	0x1407F2370	0x1407F2370	0x1407F25AE	574	disasm/00000001407F2370-00000001407F25AE.asm
REP_WRITER_CALLEE_1407F2E80	0x1407F2E80	0x1407F2E80	0x1407F30BE	574	disasm/00000001407F2E80-00000001407F30BE.asm
REP_WRITER_CALLEE_1407F6A30	0x1407F6A30	0x1407F6A30	0x1407F6C48	536	disasm/00000001407F6A30-00000001407F6C48.asm
REP_WRITER_CALLEE_1407F72E0	0x1407F72E0	0x1407F72E0	0x1407F74F8	536	disasm/00000001407F72E0-00000001407F74F8.asm
REP_WRITER_CALLEE_140870C50	0x140870C50				
REP_WRITER_CALLEE_140875770	0x140875770				
REP_WRITER_CALLEE_14087CC20	0x14087CC20				
REP_WRITER_CALLEE_146158BA0	0x146158BA0				
REP_WRITER_CALLEE_146165FF0	0x146165FF0				
REP_WRITER_CALLEE_146AFED90	0x146AFED90	0x146AFED90	0x146AFEDAA	26	disasm/0000000146AFED90-0000000146AFEDAA.asm
REP_WRITER_CALLEE_146B66BE0	0x146B66BE0	0x146B66BE0	0x146B66E66	646	disasm/0000000146B66BE0-0000000146B66E66.asm
REP_WRITER_CALLEE_146B66E70	0x146B66E70	0x146B66E70	0x146B670DD	621	disasm/0000000146B66E70-0000000146B670DD.asm
REP_WRITER_CALLEE_146B670E0	0x146B670E0	0x146B670E0	0x146B6738E	686	disasm/0000000146B670E0-0000000146B6738E.asm
REP_WRITER_CALLEE_146B679F0	0x146B679F0	0x146B679F0	0x146B67C65	629	disasm/0000000146B679F0-0000000146B67C65.asm
REP_WRITER_CALLEE_146B67F20	0x146B67F20	0x146B67F20	0x146B681EE	718	disasm/0000000146B67F20-0000000146B681EE.asm
REP_WRITER_CALLEE_146B681F0	0x146B681F0	0x146B681F0	0x146B684A1	689	disasm/0000000146B681F0-0000000146B684A1.asm
REP_WRITER_CALLEE_146B690D0	0x146B690D0	0x146B690D0	0x146B690FA	42	disasm/0000000146B690D0-0000000146B690FA.asm
REP_WRITER_CALLEE_146B6BF50	0x146B6BF50	0x146B6BF50	0x146B6C08B	315	disasm/0000000146B6BF50-0000000146B6C08B.asm
REP_WRITER_CALLEE_146B6C900	0x146B6C900	0x146B6C900	0x146B6CB3B	571	disasm/0000000146B6C900-0000000146B6CB3B.asm
REP_WRITER_CALLEE_146B70D00	0x146B70D00	0x146B70D00	0x146B71272	1394	disasm/0000000146B70D00-0000000146B71272.asm
REP_WRITER_CALLEE_147AA61C1	0x147AA61C1				
REP_WRITER_CALLEE_147AA6610	0x147AA6610	0x147AA6610	0x147AA664C	60	disasm/0000000147AA6610-0000000147AA664C.asm
REP_WRITER_CALLEE_147AA664C	0x147AA664C				
REP_WRITER_CALLEE_147AA6B60	0x147AA6B60				
REP_WRITER_CALLEE_147AAD061	0x147AAD061				
REP_PARSER_CALLEE_1402A1DA0	0x1402A1DA0				
REP_PARSER_CALLEE_140870BC0	0x140870BC0				
REP_PARSER_CALLEE_140870BE0	0x140870BE0				
REP_PARSER_CALLEE_140873220	0x140873220				
REP_PARSER_CALLEE_140873230	0x140873230				
REP_PARSER_CALLEE_140879590	0x140879590				
REP_PARSER_CALLEE_14087B5C0	0x14087B5C0	0x14087B5C0	0x14087B766	422	disasm/000000014087B5C0-000000014087B766.asm
REP_PARSER_CALLEE_147AA6289	0x147AA6289				
