seq	state	records	fragments	raw	payload	hash
0x80	13	1	3	979	976	015c3af5109cfff1
0x81	14	14	40	992	989	5d2457e05afed67a
0x82	15	1	3	985	982	b9f4a573871d2515
0x83	16	8	28	730	727	83861c7d2db4466a
0x84	17	1	0	774	771	1813e13c395f1556
0x85	18	1	3	1591	1588	6193f0ffdbe48004
0x86	19	9	40	706	703	a24291d39cc92eca
0x87	20	1	1	830	827	87940f98b37731c0
0x88	21	1	3	3111	3108	80bef83a46a29bf0
0x89	22	5	19	356	353	6eec4d7d9cf82e72
0x8a	23	1	5	678	675	56efc495c610a6dc
0x8b	24	1	3	916	913	858a36fa4a91317d
0x8c	25	1	13	728	725	46144ed7d429b643
0x8d	26	1	3	2713	2710	a945fcad17016203
0x90	27	1	3	916	913	858a36fa4a91317d
0x91	28	1	1	717	714	ef9d80cc3a190437
0x93	29	1	2	739	736	91da1cc0979014fe
0x94	30	1	6	9978	9975	c79dca5a52083c0c
0x95	31	1	3	2858	2855	67b132a97d105a2c
0x96	32	1	3	2579	2576	c0d5ea4c9b91464b
0x97	33	1	17	588	585	c0c30d5121ecd680
0x98	34	1	9	7167	7164	f16a0d6562148ca1
0x9a	34	1	9	7167	7164	f16a0d6562148ca1
0x9c	34	1	9	7167	7164	f16a0d6562148ca1
0x9d	35	3	9	126	123	ef8bb2f400907661
0x9e	36	1	9	7167	7164	2c6df20104504e75
0xa0	37	12	43	705	702	d64498b3bf34e28d
0xa1	38	1	3	1007	1004	4f579c8152f38e58
0xa2	39	9	28	459	456	a6c88ac0a32c5bc8
0xa3	40	1	15	958	955	fde56377994ccf3b
0xa4	41	1	15	1006	1003	bcfe48c794a74ceb
0xa5	42	1	3	1001	998	1a07c28ca1017d08
0xa6	43	1	3	1006	1003	4f0de17ffb733d87
0xa7	44	3	9	158	155	c18e7c3666abf834
0xa8	45	1	0	989	986	3744ef0088648b33
0xa9	46	1	6	106	103	8e6399b56e6c36a3
0xaa	47	1	1	983	980	714d3c8b33c78120
0xab	48	2	6	78	75	f5b09035b990197b
0xac	49	1	5	975	972	3dd7243097475030
0xad	50	4	14	215	212	87a26e3ee1f04779
0xae	51	1	13	991	988	aeee8ded8aa5395b
0xaf	52	1	1	988	985	98297e75b0aa6025
0xb0	53	2	9	175	172	fc6259641b5196cd
