type_hex	class	function	size	instructions	normalized	resolved_targets
0x3	RegistrationResponseMsg	0x147E1E8E0	18	rex push rbx ; sub    rsp,0x20 ; mov    rbx,QWORD PTR [rip+0x24c9903]        # 0x14a2e81f0 ; test   rbx,rbx ; je     0x147e1e928	rex push rbx ; sub    rsp,0x20 ; mov    rbx,QWORD PTR [rip+<ADDR>]        # <ADDR> ; test   rbx,rbx ; je     <ADDR>	0x14A2E81F0
0x8	Amazon::Hub::ReplicatedStateBundle	0x147EACF60	18	rex push rbx ; sub    rsp,0x20 ; mov    rbx,QWORD PTR [rip+0x26a7e83]        # 0x14a554df0 ; test   rbx,rbx ; je     0x147eacfa8	rex push rbx ; sub    rsp,0x20 ; mov    rbx,QWORD PTR [rip+<ADDR>]        # <ADDR> ; test   rbx,rbx ; je     <ADDR>	0x14A554DF0
0xA4	ClientAddEntryMsg	0x147E1D8F0	18	rex push rbx ; sub    rsp,0x20 ; mov    rbx,QWORD PTR [rip+0x24ca20b]        # 0x14a2e7b08 ; test   rbx,rbx ; je     0x147e1d938	rex push rbx ; sub    rsp,0x20 ; mov    rbx,QWORD PTR [rip+<ADDR>]        # <ADDR> ; test   rbx,rbx ; je     <ADDR>	0x14A2E7B08
0x14F	TimeSynchMsg	0x147E1F150	18	rex push rbx ; sub    rsp,0x20 ; mov    rbx,QWORD PTR [rip+0x24c907b]        # 0x14a2e81d8 ; test   rbx,rbx ; je     0x147e1f198	rex push rbx ; sub    rsp,0x20 ; mov    rbx,QWORD PTR [rip+<ADDR>]        # <ADDR> ; test   rbx,rbx ; je     <ADDR>	0x14A2E81D8
0x15D	PingMsg	0x147E1E390	18	rex push rbx ; sub    rsp,0x20 ; mov    rbx,QWORD PTR [rip+0x24c9ed3]        # 0x14a2e8270 ; test   rbx,rbx ; je     0x147e1e3d8	rex push rbx ; sub    rsp,0x20 ; mov    rbx,QWORD PTR [rip+<ADDR>]        # <ADDR> ; test   rbx,rbx ; je     <ADDR>	0x14A2E8270
0x1BE	CoatlicueClientMessages::CoatlicueTimingConfigurationConnectedMsg	0x147EACE20	18	rex push rbx ; sub    rsp,0x20 ; mov    rbx,QWORD PTR [rip+0x26a7c2b]        # 0x14a554a58 ; test   rbx,rbx ; je     0x147eace68	rex push rbx ; sub    rsp,0x20 ; mov    rbx,QWORD PTR [rip+<ADDR>]        # <ADDR> ; test   rbx,rbx ; je     <ADDR>	0x14A554A58
0x40A	CoatlicueClientMessages::CalendarConnectedMsg	0x147EACD80	18	rex push rbx ; sub    rsp,0x20 ; mov    rbx,QWORD PTR [rip+0x26a7cb3]        # 0x14a554a40 ; test   rbx,rbx ; je     0x147eacdc8	rex push rbx ; sub    rsp,0x20 ; mov    rbx,QWORD PTR [rip+<ADDR>]        # <ADDR> ; test   rbx,rbx ; je     <ADDR>	0x14A554A40
0x651	Javelin::ClientViewListenerTrait::ReceivePlayerSpawnPointMsg	0x147E33610	18	rex push rbx ; sub    rsp,0x20 ; mov    rbx,QWORD PTR [rip+0x24eca33]        # 0x14a320050 ; test   rbx,rbx ; je     0x147e33658	rex push rbx ; sub    rsp,0x20 ; mov    rbx,QWORD PTR [rip+<ADDR>]        # <ADDR> ; test   rbx,rbx ; je     <ADDR>	0x14A320050
0x65C	Javelin::ClientMessagesTrait::PlayerManagerSelfIdentificationMsg	0x147E323A0	18	rex push rbx ; sub    rsp,0x20 ; mov    rbx,QWORD PTR [rip+0x24e7d4b]        # 0x14a31a0f8 ; test   rbx,rbx ; je     0x147e323e8	rex push rbx ; sub    rsp,0x20 ; mov    rbx,QWORD PTR [rip+<ADDR>]        # <ADDR> ; test   rbx,rbx ; je     <ADDR>	0x14A31A0F8
0x663	Javelin::ClientMessagesTrait::LevelInfoChangedMsg	0x147E30410	18	rex push rbx ; sub    rsp,0x20 ; mov    rbx,QWORD PTR [rip+0x24e9dab]        # 0x14a31a1c8 ; test   rbx,rbx ; je     0x147e30458	rex push rbx ; sub    rsp,0x20 ; mov    rbx,QWORD PTR [rip+<ADDR>]        # <ADDR> ; test   rbx,rbx ; je     <ADDR>	0x14A31A1C8
0xCA4	Javelin::ClientMessages::EventNotificationComponentClientFacet_SyncNotifications	0x147E60910	18	rex push rbx ; sub    rsp,0x20 ; mov    rbx,QWORD PTR [rip+0x2507953]        # 0x14a368270 ; test   rbx,rbx ; je     0x147e60958	rex push rbx ; sub    rsp,0x20 ; mov    rbx,QWORD PTR [rip+<ADDR>]        # <ADDR> ; test   rbx,rbx ; je     <ADDR>	0x14A368270
0x136A	Javelin::ClientMessages::GameModeParticipantComponentClientFacet_OnLeftQueueForGameModeMsg	0x147E62A50	18	rex push rbx ; sub    rsp,0x20 ; mov    rbx,QWORD PTR [rip+0x250a4c3]        # 0x14a36cf20 ; test   rbx,rbx ; je     0x147e62a98	rex push rbx ; sub    rsp,0x20 ; mov    rbx,QWORD PTR [rip+<ADDR>]        # <ADDR> ; test   rbx,rbx ; je     <ADDR>	0x14A36CF20
0x16A0	Javelin::ClientMessages::InventoriesComponentClientFacet_OnQueryInventories	0x147E6E620	18	rex push rbx ; sub    rsp,0x20 ; mov    rbx,QWORD PTR [rip+0x250d70b]        # 0x14a37bd38 ; test   rbx,rbx ; je     0x147e6e668	rex push rbx ; sub    rsp,0x20 ; mov    rbx,QWORD PTR [rip+<ADDR>]        # <ADDR> ; test   rbx,rbx ; je     <ADDR>	0x14A37BD38
0x18A6	Javelin::ClientMessages::GridTrackingComponentClientFacet_UpdatePhasing	0x147E2E930	18	rex push rbx ; sub    rsp,0x20 ; mov    rbx,QWORD PTR [rip+0x24f161b]        # 0x14a31ff58 ; test   rbx,rbx ; je     0x147e2e978	rex push rbx ; sub    rsp,0x20 ; mov    rbx,QWORD PTR [rip+<ADDR>]        # <ADDR> ; test   rbx,rbx ; je     <ADDR>	0x14A31FF58
0x1B88	Javelin::ClientMessages::GlobalStorageComponentClientFacet_ReceiveStorageSearchItems	0x147E54790	18	rex push rbx ; sub    rsp,0x20 ; mov    rbx,QWORD PTR [rip+0x24fcf93]        # 0x14a351730 ; test   rbx,rbx ; je     0x147e547d8	rex push rbx ; sub    rsp,0x20 ; mov    rbx,QWORD PTR [rip+<ADDR>]        # <ADDR> ; test   rbx,rbx ; je     <ADDR>	0x14A351730
