type_hex	type_dec	uuid	class	occurrences	first_seq	last_seq	total_bytes	unmarshal	unmarshal_owner	primitive_depth	forward_transition_depth	forward_target_va	forward_target_owner	forward_target_name	forward_target_evidence	reverse_transition_depth	reverse_target_va	reverse_target_owner	reverse_target_name	reverse_target_evidence
0x3	3	104145A7-FF95-44F1-9468-21FB41C8AC2B	RegistrationResponseMsg	1	0x1	0x1	88	0x1407CD040	0x1407CD040	0										
0x15D	349	6A379FB8-0BDD-43A1-AB3E-9843D7BE8CD3	PingMsg	4	0x2	0x36	48	0x1407CDA70	0x1407CDA70											
0x40A	1034	979E13FB-7A0A-4DDC-922B-D042E16E0BE4	CoatlicueClientMessages::CalendarConnectedMsg	1	0x4	0x4	76	0x14646BF10	0x14646BF10	3										
0x1BE	446	1E718638-0A57-4C40-A31D-E2A3B44245E7	CoatlicueClientMessages::CoatlicueTimingConfigurationConnectedMsg	1	0x5	0x5	76	0x14646C070	0x14646C070	3										
0x65C	1628	169443E0-A508-4653-B437-49B7A195F69C	Javelin::ClientMessagesTrait::PlayerManagerSelfIdentificationMsg	1	0x6	0x6	12706	0x1414FD530	0x1414FD530	1										
0x651	1617	21207525-B448-4193-AACA-83D4F847929F	Javelin::ClientViewListenerTrait::ReceivePlayerSpawnPointMsg	1	0x7	0x7	4	0x1414E3930	0x1414E3930											
0xA4	164	E3578B38-69AD-4C13-A7DD-3FFF752D98AA	ClientAddEntryMsg	2	0x8	0xf	40	0x1407C8A70	0x1407C8A70	0										
0xCA4	3236	F725B229-7E4B-4446-8BC2-FD6A54E92A9C	Javelin::ClientMessages::EventNotificationComponentClientFacet_SyncNotifications	1	0x9	0x9	102	0x143197FE0	0x143197FE0	1										
0x14F	335	038CD847-0653-4243-9A26-936E3BD7F312	TimeSynchMsg	2	0xa	0x27	24	0x1407CC8F0	0x1407CC8F0											
0x18A6	6310	D33230C8-9B7C-4B25-AFAA-254F8875A606	Javelin::ClientMessages::GridTrackingComponentClientFacet_UpdatePhasing	2	0xb	0x38	80	0x141549930	0x141549930	2										
0x1B88	7048	AA0A0B64-475A-4828-A050-7B1A3F045493	Javelin::ClientMessages::GlobalStorageComponentClientFacet_ReceiveStorageSearchItems	23	0xc	0x24	966	0x142CD62D0	0x142CD62D0	2										
0x663	1635	45918D03-02E7-42A4-8A30-1B205F8C37FE	Javelin::ClientMessagesTrait::LevelInfoChangedMsg	1	0x10	0x10	110	0x1415009E0	0x1415009E0	1										
0x8	8	8A40AEC2-AE07-4F92-9BF3-78FC0CC94FDF	Amazon::Hub::ReplicatedStateBundle	9	0x25	0x35	417679	0x14646C2B0	0x14646C2B0	1										
0x136A	4970	F8B391FF-9D75-4BD3-8BC1-3CBE1B0850FA	Javelin::ClientMessages::GameModeParticipantComponentClientFacet_OnLeftQueueForGameModeMsg	1	0x26	0x26	28	0x14327C880	0x14327C880	1										
0x16A0	5792	0E1245B4-B51A-47CB-8907-B6203F0759A2	Javelin::ClientMessages::InventoriesComponentClientFacet_OnQueryInventories	2	0x28	0x29	99972	0x1435EF1C0	0x1435EF1C0	2										
