type_hex	class	helper_base	create_instance	function_start	function_end	function_source	field_offset	site	instruction	context
0x3	RegistrationResponseMsg	0x147F46910	0x1407CBE90	0x1407CBE90	0x1407CBE96	fallback_truncated	0x60			
0x8	Amazon::Hub::ReplicatedStateBundle	0x148502A48	0x146420CA0	0x146420CA0	0x146420CA6	fallback_truncated	0x60			
0xA4	ClientAddEntryMsg	0x147F44CE8	0x1407C1160	0x1407C1160	0x1407C1166	fallback_truncated	0x60			
0x14F	TimeSynchMsg	0x147F46648	0x1407CC8A0	0x1407CC8A0	0x1407CC8A6	fallback_truncated	0x60			
0x15D	PingMsg	0x147F46D38	0x1407CC8A0	0x1407CC8A0	0x1407CC8A6	fallback_truncated	0x60			
0x1BE	CoatlicueClientMessages::CoatlicueTimingConfigurationConnectedMsg	0x1485023A8	0x1407D0870	0x1407D0870	0x1407D0876	fallback_truncated	0x60			
0x40A	CoatlicueClientMessages::CalendarConnectedMsg	0x148502378	0x1407D0870	0x1407D0870	0x1407D0876	fallback_truncated	0x60			
0x651	Javelin::ClientViewListenerTrait::ReceivePlayerSpawnPointMsg	0x14800C6A8	0x1407C31C0	0x1407C31C0	0x1407C31C6	fallback_truncated	0x60			
0x65C	Javelin::ClientMessagesTrait::PlayerManagerSelfIdentificationMsg	0x148014880	0x1414FAFF0	0x1414FAFF0	0x1414FAFF6	fallback_truncated	0x60			
0x663	Javelin::ClientMessagesTrait::LevelInfoChangedMsg	0x148015B10	0x1414D2FF0	0x1414D2FF0	0x1414D2FF6	fallback_truncated	0x60			
0xCA4	Javelin::ClientMessages::EventNotificationComponentClientFacet_SyncNotifications	0x14819C0C0	0x1414D2FF0	0x1414D2FF0	0x1414D2FF6	fallback_truncated	0x60			
0x136A	Javelin::ClientMessages::GameModeParticipantComponentClientFacet_OnLeftQueueForGameModeMsg	0x1481B4308	0x1407C8390	0x1407C8390	0x1407C8396	fallback_truncated	0x60			
0x16A0	Javelin::ClientMessages::InventoriesComponentClientFacet_OnQueryInventories	0x1481FF038	0x1407C6D50	0x1407C6D50	0x1407C6D56	fallback_truncated	0x60			
0x18A6	Javelin::ClientMessages::GridTrackingComponentClientFacet_UpdatePhasing	0x14802D580	0x1407CBE90	0x1407CBE90	0x1407CBE96	fallback_truncated	0x60			
0x1B88	Javelin::ClientMessages::GlobalStorageComponentClientFacet_ReceiveStorageSearchItems	0x148138AB0	0x1414CEBC0	0x1414CEBC0	0x1414CEBC6	fallback_truncated	0x60			
