center_ref_va	center_target_va	center_target_kind	center_type_hex	center_label	section	slot_offset	neighbor_va	value	value_kind	value_type_hex	value_label
0x147F44D10	0x1407C8A70	UNMARSHAL	0xA4	ClientAddEntryMsg	.rdata	-12	0x147F44CB0	0x35646363	SCALAR_OR_EXTERNAL		
0x147F44D10	0x1407C8A70	UNMARSHAL	0xA4	ClientAddEntryMsg	.rdata	-11	0x147F44CB8	0x1407C88E0	PTR_.text		
0x147F44D10	0x1407C8A70	UNMARSHAL	0xA4	ClientAddEntryMsg	.rdata	-10	0x147F44CC0	0x1407C7DF0	PTR_.text		
0x147F44D10	0x1407C8A70	UNMARSHAL	0xA4	ClientAddEntryMsg	.rdata	-9	0x147F44CC8	0x1407C8390	PTR_.text		
0x147F44D10	0x1407C8A70	UNMARSHAL	0xA4	ClientAddEntryMsg	.rdata	-8	0x147F44CD0	0x1407C83A0	PTR_.text		
0x147F44D10	0x1407C8A70	UNMARSHAL	0xA4	ClientAddEntryMsg	.rdata	-7	0x147F44CD8	0x1407C8420	PTR_.text		
0x147F44D10	0x1407C8A70	UNMARSHAL	0xA4	ClientAddEntryMsg	.rdata	-6	0x147F44CE0	0x1407C8850	PTR_.text		
0x147F44D10	0x1407C8A70	UNMARSHAL	0xA4	ClientAddEntryMsg	.rdata	-5	0x147F44CE8	0x1407C8BB0	PTR_.text		
0x147F44D10	0x1407C8A70	UNMARSHAL	0xA4	ClientAddEntryMsg	.rdata	-4	0x147F44CF0	0x1407C7DF0	PTR_.text		
0x147F44D10	0x1407C8A70	UNMARSHAL	0xA4	ClientAddEntryMsg	.rdata	-3	0x147F44CF8	0x1407C1160	PTR_.text		
0x147F44D10	0x1407C8A70	UNMARSHAL	0xA4	ClientAddEntryMsg	.rdata	-2	0x147F44D00	0x1407C1170	PTR_.text		
0x147F44D10	0x1407C8A70	UNMARSHAL	0xA4	ClientAddEntryMsg	.rdata	-1	0x147F44D08	0x1407C1EE0	PTR_.text		
0x147F44D10	0x1407C8A70	UNMARSHAL	0xA4	ClientAddEntryMsg	.rdata	0	0x147F44D10	0x1407C8A70	UNMARSHAL	0xA4	ClientAddEntryMsg
0x147F44D10	0x1407C8A70	UNMARSHAL	0xA4	ClientAddEntryMsg	.rdata	1	0x147F44D18	0x1407C8A60	PTR_.text		
0x147F44D10	0x1407C8A70	UNMARSHAL	0xA4	ClientAddEntryMsg	.rdata	2	0x147F44D20	0x1407C8A60	PTR_.text		
0x147F44D10	0x1407C8A70	UNMARSHAL	0xA4	ClientAddEntryMsg	.rdata	3	0x147F44D28	0x1407C8B10	PTR_.text		
0x147F44D10	0x1407C8A70	UNMARSHAL	0xA4	ClientAddEntryMsg	.rdata	4	0x147F44D30	0x1407C8BA0	PTR_.text		
0x147F44D10	0x1407C8A70	UNMARSHAL	0xA4	ClientAddEntryMsg	.rdata	5	0x147F44D38	0x14078FA10	PTR_.text		
0x147F44D10	0x1407C8A70	UNMARSHAL	0xA4	ClientAddEntryMsg	.rdata	6	0x147F44D40	0x14046DC90	PTR_.text		
0x147F44D10	0x1407C8A70	UNMARSHAL	0xA4	ClientAddEntryMsg	.rdata	7	0x147F44D48	0x1407C8C90	PTR_.text		
0x147F44D10	0x1407C8A70	UNMARSHAL	0xA4	ClientAddEntryMsg	.rdata	8	0x147F44D50	0x1407C7DF0	PTR_.text		
0x147F44D10	0x1407C8A70	UNMARSHAL	0xA4	ClientAddEntryMsg	.rdata	9	0x147F44D58	0x1407C1160	PTR_.text		
0x147F44D10	0x1407C8A70	UNMARSHAL	0xA4	ClientAddEntryMsg	.rdata	10	0x147F44D60	0x1407C1170	PTR_.text		
0x147F44D10	0x1407C8A70	UNMARSHAL	0xA4	ClientAddEntryMsg	.rdata	11	0x147F44D68	0x1407C1EE0	PTR_.text		
0x147F44D10	0x1407C8A70	UNMARSHAL	0xA4	ClientAddEntryMsg	.rdata	12	0x147F44D70	0x1407C8BF0	PTR_.text		
0x147F46670	0x1407CC8F0	UNMARSHAL	0x14F	TimeSynchMsg	.rdata	-12	0x147F46610	0x32613862	SCALAR_OR_EXTERNAL		
0x147F46670	0x1407CC8F0	UNMARSHAL	0x14F	TimeSynchMsg	.rdata	-11	0x147F46618	0x1407CC860	PTR_.text		
0x147F46670	0x1407CC8F0	UNMARSHAL	0x14F	TimeSynchMsg	.rdata	-10	0x147F46620	0x1407C7DF0	PTR_.text		
0x147F46670	0x1407CC8F0	UNMARSHAL	0x14F	TimeSynchMsg	.rdata	-9	0x147F46628	0x1407CC680	PTR_.text		
0x147F46670	0x1407CC8F0	UNMARSHAL	0x14F	TimeSynchMsg	.rdata	-8	0x147F46630	0x1407CC690	PTR_.text		
0x147F46670	0x1407CC8F0	UNMARSHAL	0x14F	TimeSynchMsg	.rdata	-7	0x147F46638	0x1407CC6A0	PTR_.text		
0x147F46670	0x1407CC8F0	UNMARSHAL	0x14F	TimeSynchMsg	.rdata	-6	0x147F46640	0x1407CC740	PTR_.text		
0x147F46670	0x1407CC8F0	UNMARSHAL	0x14F	TimeSynchMsg	.rdata	-5	0x147F46648	0x1407CC990	PTR_.text		
0x147F46670	0x1407CC8F0	UNMARSHAL	0x14F	TimeSynchMsg	.rdata	-4	0x147F46650	0x1407C7DF0	PTR_.text		
0x147F46670	0x1407CC8F0	UNMARSHAL	0x14F	TimeSynchMsg	.rdata	-3	0x147F46658	0x1407CC8A0	PTR_.text		
0x147F46670	0x1407CC8F0	UNMARSHAL	0x14F	TimeSynchMsg	.rdata	-2	0x147F46660	0x1407CC8B0	PTR_.text		
0x147F46670	0x1407CC8F0	UNMARSHAL	0x14F	TimeSynchMsg	.rdata	-1	0x147F46668	0x1407CC8C0	PTR_.text		
0x147F46670	0x1407CC8F0	UNMARSHAL	0x14F	TimeSynchMsg	.rdata	0	0x147F46670	0x1407CC8F0	UNMARSHAL	0x14F	TimeSynchMsg
0x147F46670	0x1407CC8F0	UNMARSHAL	0x14F	TimeSynchMsg	.rdata	1	0x147F46678	0x1407CCAE0	PTR_.text		
0x147F46670	0x1407CC8F0	UNMARSHAL	0x14F	TimeSynchMsg	.rdata	2	0x147F46680	0x1407C7DF0	PTR_.text		
0x147F46670	0x1407CC8F0	UNMARSHAL	0x14F	TimeSynchMsg	.rdata	3	0x147F46688	0x1407C1160	PTR_.text		
0x147F46670	0x1407CC8F0	UNMARSHAL	0x14F	TimeSynchMsg	.rdata	4	0x147F46690	0x1407C1170	PTR_.text		
0x147F46670	0x1407CC8F0	UNMARSHAL	0x14F	TimeSynchMsg	.rdata	5	0x147F46698	0x1407C1180	PTR_.text		
0x147F46670	0x1407CC8F0	UNMARSHAL	0x14F	TimeSynchMsg	.rdata	6	0x147F466A0	0x1407CC9E0	PTR_.text		
0x147F46670	0x1407CC8F0	UNMARSHAL	0x14F	TimeSynchMsg	.rdata	7	0x147F466A8	0x1407CC9D0	PTR_.text		
0x147F46670	0x1407CC8F0	UNMARSHAL	0x14F	TimeSynchMsg	.rdata	8	0x147F466B0	0x1407CC9D0	PTR_.text		
0x147F46670	0x1407CC8F0	UNMARSHAL	0x14F	TimeSynchMsg	.rdata	9	0x147F466B8	0x1407CCA40	PTR_.text		
0x147F46670	0x1407CC8F0	UNMARSHAL	0x14F	TimeSynchMsg	.rdata	10	0x147F466C0	0x1407CCAD0	PTR_.text		
0x147F46670	0x1407CC8F0	UNMARSHAL	0x14F	TimeSynchMsg	.rdata	11	0x147F466C8	0x14078FA10	PTR_.text		
0x147F46670	0x1407CC8F0	UNMARSHAL	0x14F	TimeSynchMsg	.rdata	12	0x147F466D0	0x14046DC90	PTR_.text		
0x147F46938	0x1407CD040	UNMARSHAL	0x3	RegistrationResponseMsg	.rdata	-12	0x147F468D8	0x616C7073736F7263	SCALAR_OR_EXTERNAL		
0x147F46938	0x1407CD040	UNMARSHAL	0x3	RegistrationResponseMsg	.rdata	-11	0x147F468E0	0x79622D66666F2D79	SCALAR_OR_EXTERNAL		
0x147F46938	0x1407CD040	UNMARSHAL	0x3	RegistrationResponseMsg	.rdata	-10	0x147F468E8	0x73736170	SCALAR_OR_EXTERNAL		
0x147F46938	0x1407CD040	UNMARSHAL	0x3	RegistrationResponseMsg	.rdata	-9	0x147F468F0	0x6E6F6E2D74736574	SCALAR_OR_EXTERNAL		
0x147F46938	0x1407CD040	UNMARSHAL	0x3	RegistrationResponseMsg	.rdata	-8	0x147F468F8	0x656E616D7265702D	SCALAR_OR_EXTERNAL		
0x147F46938	0x1407CD040	UNMARSHAL	0x3	RegistrationResponseMsg	.rdata	-7	0x147F46900	0x72656E776F2D746E	SCALAR_OR_EXTERNAL		
0x147F46938	0x1407CD040	UNMARSHAL	0x3	RegistrationResponseMsg	.rdata	-6	0x147F46908	0x70696873	SCALAR_OR_EXTERNAL		
0x147F46938	0x1407CD040	UNMARSHAL	0x3	RegistrationResponseMsg	.rdata	-5	0x147F46910	0x1407CD200	PTR_.text		
0x147F46938	0x1407CD040	UNMARSHAL	0x3	RegistrationResponseMsg	.rdata	-4	0x147F46918	0x1407C7DF0	PTR_.text		
0x147F46938	0x1407CD040	UNMARSHAL	0x3	RegistrationResponseMsg	.rdata	-3	0x147F46920	0x1407CBE90	PTR_.text		
0x147F46938	0x1407CD040	UNMARSHAL	0x3	RegistrationResponseMsg	.rdata	-2	0x147F46928	0x1407CBEA0	PTR_.text		
0x147F46938	0x1407CD040	UNMARSHAL	0x3	RegistrationResponseMsg	.rdata	-1	0x147F46930	0x1407CCEB0	PTR_.text		
0x147F46938	0x1407CD040	UNMARSHAL	0x3	RegistrationResponseMsg	.rdata	0	0x147F46938	0x1407CD040	UNMARSHAL	0x3	RegistrationResponseMsg
0x147F46938	0x1407CD040	UNMARSHAL	0x3	RegistrationResponseMsg	.rdata	1	0x147F46940	0x1407CCEA0	PTR_.text		
0x147F46938	0x1407CD040	UNMARSHAL	0x3	RegistrationResponseMsg	.rdata	2	0x147F46948	0x1407CCEA0	PTR_.text		
0x147F46938	0x1407CD040	UNMARSHAL	0x3	RegistrationResponseMsg	.rdata	3	0x147F46950	0x1407CCFB0	PTR_.text		
0x147F46938	0x1407CD040	UNMARSHAL	0x3	RegistrationResponseMsg	.rdata	4	0x147F46958	0x1407CD1D0	PTR_.text		
0x147F46938	0x1407CD040	UNMARSHAL	0x3	RegistrationResponseMsg	.rdata	5	0x147F46960	0x14078FA10	PTR_.text		
0x147F46938	0x1407CD040	UNMARSHAL	0x3	RegistrationResponseMsg	.rdata	6	0x147F46968	0x14046DC90	PTR_.text		
0x147F46938	0x1407CD040	UNMARSHAL	0x3	RegistrationResponseMsg	.rdata	7	0x147F46970	0x1407CD3E0	PTR_.text		
0x147F46938	0x1407CD040	UNMARSHAL	0x3	RegistrationResponseMsg	.rdata	8	0x147F46978	0x1407C7DF0	PTR_.text		
0x147F46938	0x1407CD040	UNMARSHAL	0x3	RegistrationResponseMsg	.rdata	9	0x147F46980	0x1407CD1E0	PTR_.text		
0x147F46938	0x1407CD040	UNMARSHAL	0x3	RegistrationResponseMsg	.rdata	10	0x147F46988	0x1407CD1F0	PTR_.text		
0x147F46938	0x1407CD040	UNMARSHAL	0x3	RegistrationResponseMsg	.rdata	11	0x147F46990	0x1407CD240	PTR_.text		
0x147F46938	0x1407CD040	UNMARSHAL	0x3	RegistrationResponseMsg	.rdata	12	0x147F46998	0x1407CD2B0	PTR_.text		
0x147F46D60	0x1407CDA70	UNMARSHAL	0x15D	PingMsg	.rdata	-12	0x147F46D00	0x617373654D746168	SCALAR_OR_EXTERNAL		
0x147F46D60	0x1407CDA70	UNMARSHAL	0x15D	PingMsg	.rdata	-11	0x147F46D08	0x6567	SCALAR_OR_EXTERNAL		
0x147F46D60	0x1407CDA70	UNMARSHAL	0x15D	PingMsg	.rdata	-10	0x147F46D10	0x6534396533643364	SCALAR_OR_EXTERNAL		
0x147F46D60	0x1407CDA70	UNMARSHAL	0x15D	PingMsg	.rdata	-9	0x147F46D18	0x66342D363639322D	SCALAR_OR_EXTERNAL		
0x147F46D60	0x1407CDA70	UNMARSHAL	0x15D	PingMsg	.rdata	-8	0x147F46D20	0x2D616666382D3431	SCALAR_OR_EXTERNAL		
0x147F46D60	0x1407CDA70	UNMARSHAL	0x15D	PingMsg	.rdata	-7	0x147F46D28	0x3631313662336464	SCALAR_OR_EXTERNAL		
0x147F46D60	0x1407CDA70	UNMARSHAL	0x15D	PingMsg	.rdata	-6	0x147F46D30	0x63356431	SCALAR_OR_EXTERNAL		
0x147F46D60	0x1407CDA70	UNMARSHAL	0x15D	PingMsg	.rdata	-5	0x147F46D38	0x1407CDBD0	PTR_.text		
0x147F46D60	0x1407CDA70	UNMARSHAL	0x15D	PingMsg	.rdata	-4	0x147F46D40	0x1407C7DF0	PTR_.text		
0x147F46D60	0x1407CDA70	UNMARSHAL	0x15D	PingMsg	.rdata	-3	0x147F46D48	0x1407CC8A0	PTR_.text		
0x147F46D60	0x1407CDA70	UNMARSHAL	0x15D	PingMsg	.rdata	-2	0x147F46D50	0x1407CC8B0	PTR_.text		
0x147F46D60	0x1407CDA70	UNMARSHAL	0x15D	PingMsg	.rdata	-1	0x147F46D58	0x1407CDA40	PTR_.text		
0x147F46D60	0x1407CDA70	UNMARSHAL	0x15D	PingMsg	.rdata	0	0x147F46D60	0x1407CDA70	UNMARSHAL	0x15D	PingMsg
0x147F46D60	0x1407CDA70	UNMARSHAL	0x15D	PingMsg	.rdata	1	0x147F46D68	0x764F6769666E6F43	SCALAR_OR_EXTERNAL		
0x147F46D60	0x1407CDA70	UNMARSHAL	0x15D	PingMsg	.rdata	2	0x147F46D70	0x4473656469727265	SCALAR_OR_EXTERNAL		
0x147F46D60	0x1407CDA70	UNMARSHAL	0x15D	PingMsg	.rdata	3	0x147F46D78	0x6961725467756265	SCALAR_OR_EXTERNAL		
0x147F46D60	0x1407CDA70	UNMARSHAL	0x15D	PingMsg	.rdata	4	0x147F46D80	0x65746174533A3A74	SCALAR_OR_EXTERNAL		
0x147F46D60	0x1407CDA70	UNMARSHAL	0x15D	PingMsg	.rdata	5	0x147F46D88	0x0	SCALAR_OR_EXTERNAL		
0x147F46D60	0x1407CDA70	UNMARSHAL	0x15D	PingMsg	.rdata	6	0x147F46D90	0x6139623833633463	SCALAR_OR_EXTERNAL		
0x147F46D60	0x1407CDA70	UNMARSHAL	0x15D	PingMsg	.rdata	7	0x147F46D98	0x32342D643333342D	SCALAR_OR_EXTERNAL		
0x147F46D60	0x1407CDA70	UNMARSHAL	0x15D	PingMsg	.rdata	8	0x147F46DA0	0x2D323430612D3963	SCALAR_OR_EXTERNAL		
0x147F46D60	0x1407CDA70	UNMARSHAL	0x15D	PingMsg	.rdata	9	0x147F46DA8	0x6366356362653463	SCALAR_OR_EXTERNAL		
0x147F46D60	0x1407CDA70	UNMARSHAL	0x15D	PingMsg	.rdata	10	0x147F46DB0	0x61333763	SCALAR_OR_EXTERNAL		
0x147F46D60	0x1407CDA70	UNMARSHAL	0x15D	PingMsg	.rdata	11	0x147F46DB8	0x1407C9C10	PTR_.text		
0x147F46D60	0x1407CDA70	UNMARSHAL	0x15D	PingMsg	.rdata	12	0x147F46DC0	0x1407C9C30	PTR_.text		
0x14800C6D0	0x1414E3930	UNMARSHAL	0x651	Javelin::ClientViewListenerTrait::ReceivePlayerSpawnPointMsg	.rdata	-12	0x14800C670	0x141549BB8	PTR_.text		
0x14800C6D0	0x1414E3930	UNMARSHAL	0x651	Javelin::ClientViewListenerTrait::ReceivePlayerSpawnPointMsg	.rdata	-11	0x14800C678	0x1407C2FD0	PTR_.text		
0x14800C6D0	0x1414E3930	UNMARSHAL	0x651	Javelin::ClientViewListenerTrait::ReceivePlayerSpawnPointMsg	.rdata	-10	0x14800C680	0x4536304233453944	SCALAR_OR_EXTERNAL		
0x14800C6D0	0x1414E3930	UNMARSHAL	0x651	Javelin::ClientViewListenerTrait::ReceivePlayerSpawnPointMsg	.rdata	-9	0x14800C688	0x34342D393341462D	SCALAR_OR_EXTERNAL		
0x14800C6D0	0x1414E3930	UNMARSHAL	0x651	Javelin::ClientViewListenerTrait::ReceivePlayerSpawnPointMsg	.rdata	-8	0x14800C690	0x2D303539382D3946	SCALAR_OR_EXTERNAL		
0x14800C6D0	0x1414E3930	UNMARSHAL	0x651	Javelin::ClientViewListenerTrait::ReceivePlayerSpawnPointMsg	.rdata	-7	0x14800C698	0x3044314134444443	SCALAR_OR_EXTERNAL		
0x14800C6D0	0x1414E3930	UNMARSHAL	0x651	Javelin::ClientViewListenerTrait::ReceivePlayerSpawnPointMsg	.rdata	-6	0x14800C6A0	0x36323942	SCALAR_OR_EXTERNAL		
0x14800C6D0	0x1414E3930	UNMARSHAL	0x651	Javelin::ClientViewListenerTrait::ReceivePlayerSpawnPointMsg	.rdata	-5	0x14800C6A8	0x1414E3E90	PTR_.text		
0x14800C6D0	0x1414E3930	UNMARSHAL	0x651	Javelin::ClientViewListenerTrait::ReceivePlayerSpawnPointMsg	.rdata	-4	0x14800C6B0	0x1407C7DF0	PTR_.text		
0x14800C6D0	0x1414E3930	UNMARSHAL	0x651	Javelin::ClientViewListenerTrait::ReceivePlayerSpawnPointMsg	.rdata	-3	0x14800C6B8	0x1407C31C0	PTR_.text		
0x14800C6D0	0x1414E3930	UNMARSHAL	0x651	Javelin::ClientViewListenerTrait::ReceivePlayerSpawnPointMsg	.rdata	-2	0x14800C6C0	0x1407C31E0	PTR_.text		
0x14800C6D0	0x1414E3930	UNMARSHAL	0x651	Javelin::ClientViewListenerTrait::ReceivePlayerSpawnPointMsg	.rdata	-1	0x14800C6C8	0x140294860	PTR_.text		
0x14800C6D0	0x1414E3930	UNMARSHAL	0x651	Javelin::ClientViewListenerTrait::ReceivePlayerSpawnPointMsg	.rdata	0	0x14800C6D0	0x1414E3930	UNMARSHAL	0x651	Javelin::ClientViewListenerTrait::ReceivePlayerSpawnPointMsg
0x14800C6D0	0x1414E3930	UNMARSHAL	0x651	Javelin::ClientViewListenerTrait::ReceivePlayerSpawnPointMsg	.rdata	1	0x14800C6D8	0x3033363530313132	SCALAR_OR_EXTERNAL		
0x14800C6D0	0x1414E3930	UNMARSHAL	0x651	Javelin::ClientViewListenerTrait::ReceivePlayerSpawnPointMsg	.rdata	2	0x14800C6E0	0x62342D386163312D	SCALAR_OR_EXTERNAL		
0x14800C6D0	0x1414E3930	UNMARSHAL	0x651	Javelin::ClientViewListenerTrait::ReceivePlayerSpawnPointMsg	.rdata	3	0x14800C6E8	0x2D316538382D3333	SCALAR_OR_EXTERNAL		
0x14800C6D0	0x1414E3930	UNMARSHAL	0x651	Javelin::ClientViewListenerTrait::ReceivePlayerSpawnPointMsg	.rdata	4	0x14800C6F0	0x3763393261356563	SCALAR_OR_EXTERNAL		
0x14800C6D0	0x1414E3930	UNMARSHAL	0x651	Javelin::ClientViewListenerTrait::ReceivePlayerSpawnPointMsg	.rdata	5	0x14800C6F8	0x37313164	SCALAR_OR_EXTERNAL		
0x14800C6D0	0x1414E3930	UNMARSHAL	0x651	Javelin::ClientViewListenerTrait::ReceivePlayerSpawnPointMsg	.rdata	6	0x14800C700	0x1414E4180	PTR_.text		
0x14800C6D0	0x1414E3930	UNMARSHAL	0x651	Javelin::ClientViewListenerTrait::ReceivePlayerSpawnPointMsg	.rdata	7	0x14800C708	0x1407C7DF0	PTR_.text		
0x14800C6D0	0x1414E3930	UNMARSHAL	0x651	Javelin::ClientViewListenerTrait::ReceivePlayerSpawnPointMsg	.rdata	8	0x14800C710	0x1407C0750	PTR_.text		
0x14800C6D0	0x1414E3930	UNMARSHAL	0x651	Javelin::ClientViewListenerTrait::ReceivePlayerSpawnPointMsg	.rdata	9	0x14800C718	0x1407C0760	PTR_.text		
0x14800C6D0	0x1414E3930	UNMARSHAL	0x651	Javelin::ClientViewListenerTrait::ReceivePlayerSpawnPointMsg	.rdata	10	0x14800C720	0x1414E3A90	PTR_.text		
0x14800C6D0	0x1414E3930	UNMARSHAL	0x651	Javelin::ClientViewListenerTrait::ReceivePlayerSpawnPointMsg	.rdata	11	0x14800C728	0x1414E3C60	PTR_.text		
0x14800C6D0	0x1414E3930	UNMARSHAL	0x651	Javelin::ClientViewListenerTrait::ReceivePlayerSpawnPointMsg	.rdata	12	0x14800C730	0x1407C9C10	PTR_.text		
0x1480148A8	0x1414FD530	UNMARSHAL	0x65C	Javelin::ClientMessagesTrait::PlayerManagerSelfIdentificationMsg	.rdata	-12	0x148014848	0x672D726E722D7365	SCALAR_OR_EXTERNAL		
0x1480148A8	0x1414FD530	UNMARSHAL	0x65C	Javelin::ClientMessagesTrait::PlayerManagerSelfIdentificationMsg	.rdata	-11	0x148014850	0x7374736F68	SCALAR_OR_EXTERNAL		
0x1480148A8	0x1414FD530	UNMARSHAL	0x65C	Javelin::ClientMessagesTrait::PlayerManagerSelfIdentificationMsg	.rdata	-10	0x148014858	0x4336323435343739	SCALAR_OR_EXTERNAL		
0x1480148A8	0x1414FD530	UNMARSHAL	0x65C	Javelin::ClientMessagesTrait::PlayerManagerSelfIdentificationMsg	.rdata	-9	0x148014860	0x45342D363832302D	SCALAR_OR_EXTERNAL		
0x1480148A8	0x1414FD530	UNMARSHAL	0x65C	Javelin::ClientMessagesTrait::PlayerManagerSelfIdentificationMsg	.rdata	-8	0x148014868	0x2D323444382D4331	SCALAR_OR_EXTERNAL		
0x1480148A8	0x1414FD530	UNMARSHAL	0x65C	Javelin::ClientMessagesTrait::PlayerManagerSelfIdentificationMsg	.rdata	-7	0x148014870	0x4146383146423630	SCALAR_OR_EXTERNAL		
0x1480148A8	0x1414FD530	UNMARSHAL	0x65C	Javelin::ClientMessagesTrait::PlayerManagerSelfIdentificationMsg	.rdata	-6	0x148014878	0x30384238	SCALAR_OR_EXTERNAL		
0x1480148A8	0x1414FD530	UNMARSHAL	0x65C	Javelin::ClientMessagesTrait::PlayerManagerSelfIdentificationMsg	.rdata	-5	0x148014880	0x1414FD7F0	PTR_.text		
0x1480148A8	0x1414FD530	UNMARSHAL	0x65C	Javelin::ClientMessagesTrait::PlayerManagerSelfIdentificationMsg	.rdata	-4	0x148014888	0x1407C7DF0	PTR_.text		
0x1480148A8	0x1414FD530	UNMARSHAL	0x65C	Javelin::ClientMessagesTrait::PlayerManagerSelfIdentificationMsg	.rdata	-3	0x148014890	0x1414FAFF0	PTR_.text		
0x1480148A8	0x1414FD530	UNMARSHAL	0x65C	Javelin::ClientMessagesTrait::PlayerManagerSelfIdentificationMsg	.rdata	-2	0x148014898	0x1414FB0E0	PTR_.text		
0x1480148A8	0x1414FD530	UNMARSHAL	0x65C	Javelin::ClientMessagesTrait::PlayerManagerSelfIdentificationMsg	.rdata	-1	0x1480148A0	0x1414FD380	PTR_.text		
0x1480148A8	0x1414FD530	UNMARSHAL	0x65C	Javelin::ClientMessagesTrait::PlayerManagerSelfIdentificationMsg	.rdata	0	0x1480148A8	0x1414FD530	UNMARSHAL	0x65C	Javelin::ClientMessagesTrait::PlayerManagerSelfIdentificationMsg
0x1480148A8	0x1414FD530	UNMARSHAL	0x65C	Javelin::ClientMessagesTrait::PlayerManagerSelfIdentificationMsg	.rdata	1	0x1480148B0	0x140294690	PTR_.text		
0x1480148A8	0x1414FD530	UNMARSHAL	0x65C	Javelin::ClientMessagesTrait::PlayerManagerSelfIdentificationMsg	.rdata	2	0x1480148B8	0x1414FD250	PTR_.text		
0x1480148A8	0x1414FD530	UNMARSHAL	0x65C	Javelin::ClientMessagesTrait::PlayerManagerSelfIdentificationMsg	.rdata	3	0x1480148C0	0x141176240	PTR_.text		
0x1480148A8	0x1414FD530	UNMARSHAL	0x65C	Javelin::ClientMessagesTrait::PlayerManagerSelfIdentificationMsg	.rdata	4	0x1480148C8	0x2E6E696C6576616A	SCALAR_OR_EXTERNAL		
0x1480148A8	0x1414FD530	UNMARSHAL	0x65C	Javelin::ClientMessagesTrait::PlayerManagerSelfIdentificationMsg	.rdata	5	0x1480148D0	0x6579616C702D6961	SCALAR_OR_EXTERNAL		
0x1480148A8	0x1414FD530	UNMARSHAL	0x65C	Javelin::ClientMessagesTrait::PlayerManagerSelfIdentificationMsg	.rdata	6	0x1480148D8	0x73696C6C6F632D72	SCALAR_OR_EXTERNAL		
0x1480148A8	0x1414FD530	UNMARSHAL	0x65C	Javelin::ClientMessagesTrait::PlayerManagerSelfIdentificationMsg	.rdata	7	0x1480148E0	0x677261742D6E6F69	SCALAR_OR_EXTERNAL		
0x1480148A8	0x1414FD530	UNMARSHAL	0x65C	Javelin::ClientMessagesTrait::PlayerManagerSelfIdentificationMsg	.rdata	8	0x1480148E8	0x796C6E6F2D7465	SCALAR_OR_EXTERNAL		
0x1480148A8	0x1414FD530	UNMARSHAL	0x65C	Javelin::ClientMessagesTrait::PlayerManagerSelfIdentificationMsg	.rdata	9	0x1480148F0	0x413546333043367B	SCALAR_OR_EXTERNAL		
0x1480148A8	0x1414FD530	UNMARSHAL	0x65C	Javelin::ClientMessagesTrait::PlayerManagerSelfIdentificationMsg	.rdata	10	0x1480148F8	0x342D383736462D37	SCALAR_OR_EXTERNAL		
0x1480148A8	0x1414FD530	UNMARSHAL	0x65C	Javelin::ClientMessagesTrait::PlayerManagerSelfIdentificationMsg	.rdata	11	0x148014900	0x303341422D414442	SCALAR_OR_EXTERNAL		
0x1480148A8	0x1414FD530	UNMARSHAL	0x65C	Javelin::ClientMessagesTrait::PlayerManagerSelfIdentificationMsg	.rdata	12	0x148014908	0x423631443641452D	SCALAR_OR_EXTERNAL		
0x148015B38	0x1415009E0	UNMARSHAL	0x663	Javelin::ClientMessagesTrait::LevelInfoChangedMsg	.rdata	-12	0x148015AD8	0x343844412D393537	SCALAR_OR_EXTERNAL		
0x148015B38	0x1415009E0	UNMARSHAL	0x663	Javelin::ClientMessagesTrait::LevelInfoChangedMsg	.rdata	-11	0x148015AE0	0x354237384344312D	SCALAR_OR_EXTERNAL		
0x148015B38	0x1415009E0	UNMARSHAL	0x663	Javelin::ClientMessagesTrait::LevelInfoChangedMsg	.rdata	-10	0x148015AE8	0x7D4631464236	SCALAR_OR_EXTERNAL		
0x148015B38	0x1415009E0	UNMARSHAL	0x663	Javelin::ClientMessagesTrait::LevelInfoChangedMsg	.rdata	-9	0x148015AF0	0x2D6E696C6576616A	SCALAR_OR_EXTERNAL		
0x148015B38	0x1415009E0	UNMARSHAL	0x663	Javelin::ClientMessagesTrait::LevelInfoChangedMsg	.rdata	-8	0x148015AF8	0x652E726576726573	SCALAR_OR_EXTERNAL		
0x148015B38	0x1415009E0	UNMARSHAL	0x663	Javelin::ClientMessagesTrait::LevelInfoChangedMsg	.rdata	-7	0x148015B00	0x6F632D656C62616E	SCALAR_OR_EXTERNAL		
0x148015B38	0x1415009E0	UNMARSHAL	0x663	Javelin::ClientMessagesTrait::LevelInfoChangedMsg	.rdata	-6	0x148015B08	0x657563696C7461	SCALAR_OR_EXTERNAL		
0x148015B38	0x1415009E0	UNMARSHAL	0x663	Javelin::ClientMessagesTrait::LevelInfoChangedMsg	.rdata	-5	0x148015B10	0x141500D80	PTR_.text		
0x148015B38	0x1415009E0	UNMARSHAL	0x663	Javelin::ClientMessagesTrait::LevelInfoChangedMsg	.rdata	-4	0x148015B18	0x1407C7DF0	PTR_.text		
0x148015B38	0x1415009E0	UNMARSHAL	0x663	Javelin::ClientMessagesTrait::LevelInfoChangedMsg	.rdata	-3	0x148015B20	0x1414D2FF0	PTR_.text		
0x148015B38	0x1415009E0	UNMARSHAL	0x663	Javelin::ClientMessagesTrait::LevelInfoChangedMsg	.rdata	-2	0x148015B28	0x1414D3160	PTR_.text		
0x148015B38	0x1415009E0	UNMARSHAL	0x663	Javelin::ClientMessagesTrait::LevelInfoChangedMsg	.rdata	-1	0x148015B30	0x141500850	PTR_.text		
0x148015B38	0x1415009E0	UNMARSHAL	0x663	Javelin::ClientMessagesTrait::LevelInfoChangedMsg	.rdata	0	0x148015B38	0x1415009E0	UNMARSHAL	0x663	Javelin::ClientMessagesTrait::LevelInfoChangedMsg
0x148015B38	0x1415009E0	UNMARSHAL	0x663	Javelin::ClientMessagesTrait::LevelInfoChangedMsg	.rdata	1	0x148015B40	0x141500760	PTR_.text		
0x148015B38	0x1415009E0	UNMARSHAL	0x663	Javelin::ClientMessagesTrait::LevelInfoChangedMsg	.rdata	2	0x148015B48	0x141500760	PTR_.text		
0x148015B38	0x1415009E0	UNMARSHAL	0x663	Javelin::ClientMessagesTrait::LevelInfoChangedMsg	.rdata	3	0x148015B50	0x1415007B0	PTR_.text		
0x148015B38	0x1415009E0	UNMARSHAL	0x663	Javelin::ClientMessagesTrait::LevelInfoChangedMsg	.rdata	4	0x148015B58	0x141500840	PTR_.text		
0x148015B38	0x1415009E0	UNMARSHAL	0x663	Javelin::ClientMessagesTrait::LevelInfoChangedMsg	.rdata	5	0x148015B60	0x14078FA10	PTR_.text		
0x148015B38	0x1415009E0	UNMARSHAL	0x663	Javelin::ClientMessagesTrait::LevelInfoChangedMsg	.rdata	6	0x148015B68	0x14046DC90	PTR_.text		
0x148015B38	0x1415009E0	UNMARSHAL	0x663	Javelin::ClientMessagesTrait::LevelInfoChangedMsg	.rdata	7	0x148015B70	0x2D6E696C6576616A	SCALAR_OR_EXTERNAL		
0x148015B38	0x1415009E0	UNMARSHAL	0x663	Javelin::ClientMessagesTrait::LevelInfoChangedMsg	.rdata	8	0x148015B78	0x632E726576726573	SCALAR_OR_EXTERNAL		
0x148015B38	0x1415009E0	UNMARSHAL	0x663	Javelin::ClientMessagesTrait::LevelInfoChangedMsg	.rdata	9	0x148015B80	0x657563696C74616F	SCALAR_OR_EXTERNAL		
0x148015B38	0x1415009E0	UNMARSHAL	0x663	Javelin::ClientMessagesTrait::LevelInfoChangedMsg	.rdata	10	0x148015B88	0x7463656A6F72702D	SCALAR_OR_EXTERNAL		
0x148015B38	0x1415009E0	UNMARSHAL	0x663	Javelin::ClientMessagesTrait::LevelInfoChangedMsg	.rdata	11	0x148015B90	0x687461702D	SCALAR_OR_EXTERNAL		
0x148015B38	0x1415009E0	UNMARSHAL	0x663	Javelin::ClientMessagesTrait::LevelInfoChangedMsg	.rdata	12	0x148015B98	0x3443414146303234	SCALAR_OR_EXTERNAL		
0x14802D5A8	0x141549930	UNMARSHAL	0x18A6	Javelin::ClientMessages::GridTrackingComponentClientFacet_UpdatePhasing	.rdata	-12	0x14802D548	0x30307379	SCALAR_OR_EXTERNAL		
0x14802D5A8	0x141549930	UNMARSHAL	0x18A6	Javelin::ClientMessages::GridTrackingComponentClientFacet_UpdatePhasing	.rdata	-11	0x14802D550	0x476E6F65676E7544	SCALAR_OR_EXTERNAL		
0x14802D5A8	0x141549930	UNMARSHAL	0x18A6	Javelin::ClientMessages::GridTrackingComponentClientFacet_UpdatePhasing	.rdata	-10	0x14802D558	0x61656C4374616572	SCALAR_OR_EXTERNAL		
0x14802D5A8	0x141549930	UNMARSHAL	0x18A6	Javelin::ClientMessages::GridTrackingComponentClientFacet_UpdatePhasing	.rdata	-9	0x14802D560	0x30306576	SCALAR_OR_EXTERNAL		
0x14802D5A8	0x141549930	UNMARSHAL	0x18A6	Javelin::ClientMessages::GridTrackingComponentClientFacet_UpdatePhasing	.rdata	-8	0x14802D568	0x426E6F65676E7544	SCALAR_OR_EXTERNAL		
0x14802D5A8	0x141549930	UNMARSHAL	0x18A6	Javelin::ClientMessages::GridTrackingComponentClientFacet_UpdatePhasing	.rdata	-7	0x14802D570	0x656E6F74736D6972	SCALAR_OR_EXTERNAL		
0x14802D5A8	0x141549930	UNMARSHAL	0x18A6	Javelin::ClientMessages::GridTrackingComponentClientFacet_UpdatePhasing	.rdata	-6	0x14802D578	0x303073646E6153	SCALAR_OR_EXTERNAL		
0x14802D5A8	0x141549930	UNMARSHAL	0x18A6	Javelin::ClientMessages::GridTrackingComponentClientFacet_UpdatePhasing	.rdata	-5	0x14802D580	0x141549D60	PTR_.text		
0x14802D5A8	0x141549930	UNMARSHAL	0x18A6	Javelin::ClientMessages::GridTrackingComponentClientFacet_UpdatePhasing	.rdata	-4	0x14802D588	0x1407C7DF0	PTR_.text		
0x14802D5A8	0x141549930	UNMARSHAL	0x18A6	Javelin::ClientMessages::GridTrackingComponentClientFacet_UpdatePhasing	.rdata	-3	0x14802D590	0x1407CBE90	PTR_.text		
0x14802D5A8	0x141549930	UNMARSHAL	0x18A6	Javelin::ClientMessages::GridTrackingComponentClientFacet_UpdatePhasing	.rdata	-2	0x14802D598	0x1407CBEA0	PTR_.text		
0x14802D5A8	0x141549930	UNMARSHAL	0x18A6	Javelin::ClientMessages::GridTrackingComponentClientFacet_UpdatePhasing	.rdata	-1	0x14802D5A0	0x1414C30D0	PTR_.text		
0x14802D5A8	0x141549930	UNMARSHAL	0x18A6	Javelin::ClientMessages::GridTrackingComponentClientFacet_UpdatePhasing	.rdata	0	0x14802D5A8	0x141549930	UNMARSHAL	0x18A6	Javelin::ClientMessages::GridTrackingComponentClientFacet_UpdatePhasing
0x14802D5A8	0x141549930	UNMARSHAL	0x18A6	Javelin::ClientMessages::GridTrackingComponentClientFacet_UpdatePhasing	.rdata	1	0x14802D5B0	0x476E6F65676E7544	SCALAR_OR_EXTERNAL		
0x14802D5A8	0x141549930	UNMARSHAL	0x18A6	Javelin::ClientMessages::GridTrackingComponentClientFacet_UpdatePhasing	.rdata	2	0x14802D5B8	0x61656C4374616572	SCALAR_OR_EXTERNAL		
0x14802D5A8	0x141549930	UNMARSHAL	0x18A6	Javelin::ClientMessages::GridTrackingComponentClientFacet_UpdatePhasing	.rdata	3	0x14802D5C0	0x31306576	SCALAR_OR_EXTERNAL		
0x14802D5A8	0x141549930	UNMARSHAL	0x18A6	Javelin::ClientMessages::GridTrackingComponentClientFacet_UpdatePhasing	.rdata	4	0x14802D5C8	0x141549DA0	PTR_.text		
0x14802D5A8	0x141549930	UNMARSHAL	0x18A6	Javelin::ClientMessages::GridTrackingComponentClientFacet_UpdatePhasing	.rdata	5	0x14802D5D0	0x1414C1C40	PTR_.text		
0x14802D5A8	0x141549930	UNMARSHAL	0x18A6	Javelin::ClientMessages::GridTrackingComponentClientFacet_UpdatePhasing	.rdata	6	0x14802D5D8	0x146167460	PTR_.text		
0x14802D5A8	0x141549930	UNMARSHAL	0x18A6	Javelin::ClientMessages::GridTrackingComponentClientFacet_UpdatePhasing	.rdata	7	0x14802D5E0	0x14029F880	PTR_.text		
0x14802D5A8	0x141549930	UNMARSHAL	0x18A6	Javelin::ClientMessages::GridTrackingComponentClientFacet_UpdatePhasing	.rdata	8	0x14802D5E8	0x140294910	PTR_.text		
0x14802D5A8	0x141549930	UNMARSHAL	0x18A6	Javelin::ClientMessages::GridTrackingComponentClientFacet_UpdatePhasing	.rdata	9	0x14802D5F0	0x140294860	PTR_.text		
0x14802D5A8	0x141549930	UNMARSHAL	0x18A6	Javelin::ClientMessages::GridTrackingComponentClientFacet_UpdatePhasing	.rdata	10	0x14802D5F8	0x140294860	PTR_.text		
0x14802D5A8	0x141549930	UNMARSHAL	0x18A6	Javelin::ClientMessages::GridTrackingComponentClientFacet_UpdatePhasing	.rdata	11	0x14802D600	0x140294910	PTR_.text		
0x14802D5A8	0x141549930	UNMARSHAL	0x18A6	Javelin::ClientMessages::GridTrackingComponentClientFacet_UpdatePhasing	.rdata	12	0x14802D608	0x1408B4850	PTR_.text		
0x148138AD8	0x142CD62D0	UNMARSHAL	0x1B88	Javelin::ClientMessages::GlobalStorageComponentClientFacet_ReceiveStorageSearchItems	.rdata	-12	0x148138A78	0x142CD60A0	PTR_.text		
0x148138AD8	0x142CD62D0	UNMARSHAL	0x1B88	Javelin::ClientMessages::GlobalStorageComponentClientFacet_ReceiveStorageSearchItems	.rdata	-11	0x148138A80	0x1402948D0	PTR_.text		
0x148138AD8	0x142CD62D0	UNMARSHAL	0x1B88	Javelin::ClientMessages::GlobalStorageComponentClientFacet_ReceiveStorageSearchItems	.rdata	-10	0x148138A88	0x1402948B0	PTR_.text		
0x148138AD8	0x142CD62D0	UNMARSHAL	0x1B88	Javelin::ClientMessages::GlobalStorageComponentClientFacet_ReceiveStorageSearchItems	.rdata	-9	0x148138A90	0x142CD6160	PTR_.text		
0x148138AD8	0x142CD62D0	UNMARSHAL	0x1B88	Javelin::ClientMessages::GlobalStorageComponentClientFacet_ReceiveStorageSearchItems	.rdata	-8	0x148138A98	0x142CD6170	PTR_.text		
0x148138AD8	0x142CD62D0	UNMARSHAL	0x1B88	Javelin::ClientMessages::GlobalStorageComponentClientFacet_ReceiveStorageSearchItems	.rdata	-7	0x148138AA0	0x140294910	PTR_.text		
0x148138AD8	0x142CD62D0	UNMARSHAL	0x1B88	Javelin::ClientMessages::GlobalStorageComponentClientFacet_ReceiveStorageSearchItems	.rdata	-6	0x148138AA8	0x142CD61D0	PTR_.text		
0x148138AD8	0x142CD62D0	UNMARSHAL	0x1B88	Javelin::ClientMessages::GlobalStorageComponentClientFacet_ReceiveStorageSearchItems	.rdata	-5	0x148138AB0	0x142CD6410	PTR_.text		
0x148138AD8	0x142CD62D0	UNMARSHAL	0x1B88	Javelin::ClientMessages::GlobalStorageComponentClientFacet_ReceiveStorageSearchItems	.rdata	-4	0x148138AB8	0x1407C7DF0	PTR_.text		
0x148138AD8	0x142CD62D0	UNMARSHAL	0x1B88	Javelin::ClientMessages::GlobalStorageComponentClientFacet_ReceiveStorageSearchItems	.rdata	-3	0x148138AC0	0x1414CEBC0	PTR_.text		
0x148138AD8	0x142CD62D0	UNMARSHAL	0x1B88	Javelin::ClientMessages::GlobalStorageComponentClientFacet_ReceiveStorageSearchItems	.rdata	-2	0x148138AC8	0x1414CEC80	PTR_.text		
0x148138AD8	0x142CD62D0	UNMARSHAL	0x1B88	Javelin::ClientMessages::GlobalStorageComponentClientFacet_ReceiveStorageSearchItems	.rdata	-1	0x148138AD0	0x1414C30D0	PTR_.text		
0x148138AD8	0x142CD62D0	UNMARSHAL	0x1B88	Javelin::ClientMessages::GlobalStorageComponentClientFacet_ReceiveStorageSearchItems	.rdata	0	0x148138AD8	0x142CD62D0	UNMARSHAL	0x1B88	Javelin::ClientMessages::GlobalStorageComponentClientFacet_ReceiveStorageSearchItems
0x148138AD8	0x142CD62D0	UNMARSHAL	0x1B88	Javelin::ClientMessages::GlobalStorageComponentClientFacet_ReceiveStorageSearchItems	.rdata	1	0x148138AE0	0x142CD6390	PTR_.text		
0x148138AD8	0x142CD62D0	UNMARSHAL	0x1B88	Javelin::ClientMessages::GlobalStorageComponentClientFacet_ReceiveStorageSearchItems	.rdata	2	0x148138AE8	0x142CD63A0	PTR_.text		
0x148138AD8	0x142CD62D0	UNMARSHAL	0x1B88	Javelin::ClientMessages::GlobalStorageComponentClientFacet_ReceiveStorageSearchItems	.rdata	3	0x148138AF0	0x142CD63B0	PTR_.text		
0x148138AD8	0x142CD62D0	UNMARSHAL	0x1B88	Javelin::ClientMessages::GlobalStorageComponentClientFacet_ReceiveStorageSearchItems	.rdata	4	0x148138AF8	0x142CD6450	PTR_.text		
0x148138AD8	0x142CD62D0	UNMARSHAL	0x1B88	Javelin::ClientMessages::GlobalStorageComponentClientFacet_ReceiveStorageSearchItems	.rdata	5	0x148138B00	0x142CD64B0	PTR_.text		
0x148138AD8	0x142CD62D0	UNMARSHAL	0x1B88	Javelin::ClientMessages::GlobalStorageComponentClientFacet_ReceiveStorageSearchItems	.rdata	6	0x148138B08	0x142CD64B0	PTR_.text		
0x148138AD8	0x142CD62D0	UNMARSHAL	0x1B88	Javelin::ClientMessages::GlobalStorageComponentClientFacet_ReceiveStorageSearchItems	.rdata	7	0x148138B10	0x142CD6530	PTR_.text		
0x148138AD8	0x142CD62D0	UNMARSHAL	0x1B88	Javelin::ClientMessages::GlobalStorageComponentClientFacet_ReceiveStorageSearchItems	.rdata	8	0x148138B18	0x1407CB750	PTR_.text		
0x148138AD8	0x142CD62D0	UNMARSHAL	0x1B88	Javelin::ClientMessages::GlobalStorageComponentClientFacet_ReceiveStorageSearchItems	.rdata	9	0x148138B20	0x1461AB990	PTR_.text		
0x148138AD8	0x142CD62D0	UNMARSHAL	0x1B88	Javelin::ClientMessages::GlobalStorageComponentClientFacet_ReceiveStorageSearchItems	.rdata	10	0x148138B28	0x146188210	PTR_.text		
0x148138AD8	0x142CD62D0	UNMARSHAL	0x1B88	Javelin::ClientMessages::GlobalStorageComponentClientFacet_ReceiveStorageSearchItems	.rdata	11	0x148138B30	0x1414BD8C0	PTR_.text		
0x148138AD8	0x142CD62D0	UNMARSHAL	0x1B88	Javelin::ClientMessages::GlobalStorageComponentClientFacet_ReceiveStorageSearchItems	.rdata	12	0x148138B38	0x142CD6250	PTR_.text		
0x14819C0E8	0x143197FE0	UNMARSHAL	0xCA4	Javelin::ClientMessages::EventNotificationComponentClientFacet_SyncNotifications	.rdata	-12	0x14819C088	0x746E65637265	SCALAR_OR_EXTERNAL		
0x14819C0E8	0x143197FE0	UNMARSHAL	0xCA4	Javelin::ClientMessages::EventNotificationComponentClientFacet_SyncNotifications	.rdata	-11	0x14819C090	0x2E6E696C6576616A	SCALAR_OR_EXTERNAL		
0x14819C0E8	0x143197FE0	UNMARSHAL	0xCA4	Javelin::ClientMessages::EventNotificationComponentClientFacet_SyncNotifications	.rdata	-10	0x14819C098	0x747475622D646572	SCALAR_OR_EXTERNAL		
0x14819C0E8	0x143197FE0	UNMARSHAL	0xCA4	Javelin::ClientMessages::EventNotificationComponentClientFacet_SyncNotifications	.rdata	-9	0x14819C0A0	0x62617369642D6E6F	SCALAR_OR_EXTERNAL		
0x14819C0E8	0x143197FE0	UNMARSHAL	0xCA4	Javelin::ClientMessages::EventNotificationComponentClientFacet_SyncNotifications	.rdata	-8	0x14819C0A8	0x2D656D61672D656C	SCALAR_OR_EXTERNAL		
0x14819C0E8	0x143197FE0	UNMARSHAL	0xCA4	Javelin::ClientMessages::EventNotificationComponentClientFacet_SyncNotifications	.rdata	-7	0x14819C0B0	0x696C2D746E657665	SCALAR_OR_EXTERNAL		
0x14819C0E8	0x143197FE0	UNMARSHAL	0xCA4	Javelin::ClientMessages::EventNotificationComponentClientFacet_SyncNotifications	.rdata	-6	0x14819C0B8	0x7473	SCALAR_OR_EXTERNAL		
0x14819C0E8	0x143197FE0	UNMARSHAL	0xCA4	Javelin::ClientMessages::EventNotificationComponentClientFacet_SyncNotifications	.rdata	-5	0x14819C0C0	0x143198150	PTR_.text		
0x14819C0E8	0x143197FE0	UNMARSHAL	0xCA4	Javelin::ClientMessages::EventNotificationComponentClientFacet_SyncNotifications	.rdata	-4	0x14819C0C8	0x1407C7DF0	PTR_.text		
0x14819C0E8	0x143197FE0	UNMARSHAL	0xCA4	Javelin::ClientMessages::EventNotificationComponentClientFacet_SyncNotifications	.rdata	-3	0x14819C0D0	0x1414D2FF0	PTR_.text		
0x14819C0E8	0x143197FE0	UNMARSHAL	0xCA4	Javelin::ClientMessages::EventNotificationComponentClientFacet_SyncNotifications	.rdata	-2	0x14819C0D8	0x1414D3160	PTR_.text		
0x14819C0E8	0x143197FE0	UNMARSHAL	0xCA4	Javelin::ClientMessages::EventNotificationComponentClientFacet_SyncNotifications	.rdata	-1	0x14819C0E0	0x1414C30D0	PTR_.text		
0x14819C0E8	0x143197FE0	UNMARSHAL	0xCA4	Javelin::ClientMessages::EventNotificationComponentClientFacet_SyncNotifications	.rdata	0	0x14819C0E8	0x143197FE0	UNMARSHAL	0xCA4	Javelin::ClientMessages::EventNotificationComponentClientFacet_SyncNotifications
0x14819C0E8	0x143197FE0	UNMARSHAL	0xCA4	Javelin::ClientMessages::EventNotificationComponentClientFacet_SyncNotifications	.rdata	1	0x14819C0F0	0x2E6E696C6576616A	SCALAR_OR_EXTERNAL		
0x14819C0E8	0x143197FE0	UNMARSHAL	0xCA4	Javelin::ClientMessages::EventNotificationComponentClientFacet_SyncNotifications	.rdata	2	0x14819C0F8	0x726F746972726574	SCALAR_OR_EXTERNAL		
0x14819C0E8	0x143197FE0	UNMARSHAL	0xCA4	Javelin::ClientMessages::EventNotificationComponentClientFacet_SyncNotifications	.rdata	3	0x14819C100	0x2D73756E6F622D79	SCALAR_OR_EXTERNAL		
0x14819C0E8	0x143197FE0	UNMARSHAL	0xCA4	Javelin::ClientMessages::EventNotificationComponentClientFacet_SyncNotifications	.rdata	4	0x14819C108	0x656666612D706572	SCALAR_OR_EXTERNAL		
0x14819C0E8	0x143197FE0	UNMARSHAL	0xCA4	Javelin::ClientMessages::EventNotificationComponentClientFacet_SyncNotifications	.rdata	5	0x14819C110	0x656B6F742D737463	SCALAR_OR_EXTERNAL		
0x14819C0E8	0x143197FE0	UNMARSHAL	0xCA4	Javelin::ClientMessages::EventNotificationComponentClientFacet_SyncNotifications	.rdata	6	0x14819C118	0x736E	SCALAR_OR_EXTERNAL		
0x14819C0E8	0x143197FE0	UNMARSHAL	0xCA4	Javelin::ClientMessages::EventNotificationComponentClientFacet_SyncNotifications	.rdata	7	0x14819C120	0x140294970	PTR_.text		
0x14819C0E8	0x143197FE0	UNMARSHAL	0xCA4	Javelin::ClientMessages::EventNotificationComponentClientFacet_SyncNotifications	.rdata	8	0x14819C128	0x143198190	PTR_.text		
0x14819C0E8	0x143197FE0	UNMARSHAL	0xCA4	Javelin::ClientMessages::EventNotificationComponentClientFacet_SyncNotifications	.rdata	9	0x14819C130	0x1431981B0	PTR_.text		
0x14819C0E8	0x143197FE0	UNMARSHAL	0xCA4	Javelin::ClientMessages::EventNotificationComponentClientFacet_SyncNotifications	.rdata	10	0x14819C138	0x1402948D0	PTR_.text		
0x14819C0E8	0x143197FE0	UNMARSHAL	0xCA4	Javelin::ClientMessages::EventNotificationComponentClientFacet_SyncNotifications	.rdata	11	0x14819C140	0x1402948B0	PTR_.text		
0x14819C0E8	0x143197FE0	UNMARSHAL	0xCA4	Javelin::ClientMessages::EventNotificationComponentClientFacet_SyncNotifications	.rdata	12	0x14819C148	0x1431981D0	PTR_.text		
0x1481B4330	0x14327C880	UNMARSHAL	0x136A	Javelin::ClientMessages::GameModeParticipantComponentClientFacet_OnLeftQueueForGameModeMsg	.rdata	-12	0x1481B42D0	0x636E795367756265	SCALAR_OR_EXTERNAL		
0x1481B4330	0x14327C880	UNMARSHAL	0x136A	Javelin::ClientMessages::GameModeParticipantComponentClientFacet_OnLeftQueueForGameModeMsg	.rdata	-11	0x1481B42D8	0x3256524D	SCALAR_OR_EXTERNAL		
0x1481B4330	0x14327C880	UNMARSHAL	0x136A	Javelin::ClientMessages::GameModeParticipantComponentClientFacet_OnLeftQueueForGameModeMsg	.rdata	-10	0x1481B42E0	0x433942383444457B	SCALAR_OR_EXTERNAL		
0x1481B4330	0x14327C880	UNMARSHAL	0x136A	Javelin::ClientMessages::GameModeParticipantComponentClientFacet_OnLeftQueueForGameModeMsg	.rdata	-9	0x1481B42E8	0x342D313231302D45	SCALAR_OR_EXTERNAL		
0x1481B4330	0x14327C880	UNMARSHAL	0x136A	Javelin::ClientMessages::GameModeParticipantComponentClientFacet_OnLeftQueueForGameModeMsg	.rdata	-8	0x1481B42F0	0x323832422D413335	SCALAR_OR_EXTERNAL		
0x1481B4330	0x14327C880	UNMARSHAL	0x136A	Javelin::ClientMessages::GameModeParticipantComponentClientFacet_OnLeftQueueForGameModeMsg	.rdata	-7	0x1481B42F8	0x463344444642422D	SCALAR_OR_EXTERNAL		
0x1481B4330	0x14327C880	UNMARSHAL	0x136A	Javelin::ClientMessages::GameModeParticipantComponentClientFacet_OnLeftQueueForGameModeMsg	.rdata	-6	0x1481B4300	0x7D3439354441	SCALAR_OR_EXTERNAL		
0x1481B4330	0x14327C880	UNMARSHAL	0x136A	Javelin::ClientMessages::GameModeParticipantComponentClientFacet_OnLeftQueueForGameModeMsg	.rdata	-5	0x1481B4308	0x14327C9C0	PTR_.text		
0x1481B4330	0x14327C880	UNMARSHAL	0x136A	Javelin::ClientMessages::GameModeParticipantComponentClientFacet_OnLeftQueueForGameModeMsg	.rdata	-4	0x1481B4310	0x1407C7DF0	PTR_.text		
0x1481B4330	0x14327C880	UNMARSHAL	0x136A	Javelin::ClientMessages::GameModeParticipantComponentClientFacet_OnLeftQueueForGameModeMsg	.rdata	-3	0x1481B4318	0x1407C8390	PTR_.text		
0x1481B4330	0x14327C880	UNMARSHAL	0x136A	Javelin::ClientMessages::GameModeParticipantComponentClientFacet_OnLeftQueueForGameModeMsg	.rdata	-2	0x1481B4320	0x1407C83A0	PTR_.text		
0x1481B4330	0x14327C880	UNMARSHAL	0x136A	Javelin::ClientMessages::GameModeParticipantComponentClientFacet_OnLeftQueueForGameModeMsg	.rdata	-1	0x1481B4328	0x1414C30D0	PTR_.text		
0x1481B4330	0x14327C880	UNMARSHAL	0x136A	Javelin::ClientMessages::GameModeParticipantComponentClientFacet_OnLeftQueueForGameModeMsg	.rdata	0	0x1481B4330	0x14327C880	UNMARSHAL	0x136A	Javelin::ClientMessages::GameModeParticipantComponentClientFacet_OnLeftQueueForGameModeMsg
0x1481B4330	0x14327C880	UNMARSHAL	0x136A	Javelin::ClientMessages::GameModeParticipantComponentClientFacet_OnLeftQueueForGameModeMsg	.rdata	1	0x1481B4338	0x14327C910	PTR_.text		
0x1481B4330	0x14327C880	UNMARSHAL	0x136A	Javelin::ClientMessages::GameModeParticipantComponentClientFacet_OnLeftQueueForGameModeMsg	.rdata	2	0x1481B4340	0x14327C910	PTR_.text		
0x1481B4330	0x14327C880	UNMARSHAL	0x136A	Javelin::ClientMessages::GameModeParticipantComponentClientFacet_OnLeftQueueForGameModeMsg	.rdata	3	0x1481B4348	0x14327C920	PTR_.text		
0x1481B4330	0x14327C880	UNMARSHAL	0x136A	Javelin::ClientMessages::GameModeParticipantComponentClientFacet_OnLeftQueueForGameModeMsg	.rdata	4	0x1481B4350	0x14327C9B0	PTR_.text		
0x1481B4330	0x14327C880	UNMARSHAL	0x136A	Javelin::ClientMessages::GameModeParticipantComponentClientFacet_OnLeftQueueForGameModeMsg	.rdata	5	0x1481B4358	0x14078FA10	PTR_.text		
0x1481B4330	0x14327C880	UNMARSHAL	0x136A	Javelin::ClientMessages::GameModeParticipantComponentClientFacet_OnLeftQueueForGameModeMsg	.rdata	6	0x1481B4360	0x14046DC90	PTR_.text		
0x1481B4330	0x14327C880	UNMARSHAL	0x136A	Javelin::ClientMessages::GameModeParticipantComponentClientFacet_OnLeftQueueForGameModeMsg	.rdata	7	0x1481B4368	0x14327CA00	PTR_.text		
0x1481B4330	0x14327C880	UNMARSHAL	0x136A	Javelin::ClientMessages::GameModeParticipantComponentClientFacet_OnLeftQueueForGameModeMsg	.rdata	8	0x1481B4370	0x14327CA00	PTR_.text		
0x1481B4330	0x14327C880	UNMARSHAL	0x136A	Javelin::ClientMessages::GameModeParticipantComponentClientFacet_OnLeftQueueForGameModeMsg	.rdata	9	0x1481B4378	0x14327CA10	PTR_.text		
0x1481B4330	0x14327C880	UNMARSHAL	0x136A	Javelin::ClientMessages::GameModeParticipantComponentClientFacet_OnLeftQueueForGameModeMsg	.rdata	10	0x1481B4380	0x14327CAA0	PTR_.text		
0x1481B4330	0x14327C880	UNMARSHAL	0x136A	Javelin::ClientMessages::GameModeParticipantComponentClientFacet_OnLeftQueueForGameModeMsg	.rdata	11	0x1481B4388	0x14078FA10	PTR_.text		
0x1481B4330	0x14327C880	UNMARSHAL	0x136A	Javelin::ClientMessages::GameModeParticipantComponentClientFacet_OnLeftQueueForGameModeMsg	.rdata	12	0x1481B4390	0x14046DC90	PTR_.text		
0x1481FF060	0x1435EF1C0	UNMARSHAL	0x16A0	Javelin::ClientMessages::InventoriesComponentClientFacet_OnQueryInventories	.rdata	-12	0x1481FF000	0x1435EF0F0	PTR_.text		
0x1481FF060	0x1435EF1C0	UNMARSHAL	0x16A0	Javelin::ClientMessages::InventoriesComponentClientFacet_OnQueryInventories	.rdata	-11	0x1481FF008	0x1402948D0	PTR_.text		
0x1481FF060	0x1435EF1C0	UNMARSHAL	0x16A0	Javelin::ClientMessages::InventoriesComponentClientFacet_OnQueryInventories	.rdata	-10	0x1481FF010	0x1402948B0	PTR_.text		
0x1481FF060	0x1435EF1C0	UNMARSHAL	0x16A0	Javelin::ClientMessages::InventoriesComponentClientFacet_OnQueryInventories	.rdata	-9	0x1481FF018	0x1435EF110	PTR_.text		
0x1481FF060	0x1435EF1C0	UNMARSHAL	0x16A0	Javelin::ClientMessages::InventoriesComponentClientFacet_OnQueryInventories	.rdata	-8	0x1481FF020	0x1435EF120	PTR_.text		
0x1481FF060	0x1435EF1C0	UNMARSHAL	0x16A0	Javelin::ClientMessages::InventoriesComponentClientFacet_OnQueryInventories	.rdata	-7	0x1481FF028	0x140294910	PTR_.text		
0x1481FF060	0x1435EF1C0	UNMARSHAL	0x16A0	Javelin::ClientMessages::InventoriesComponentClientFacet_OnQueryInventories	.rdata	-6	0x1481FF030	0x1435EF180	PTR_.text		
0x1481FF060	0x1435EF1C0	UNMARSHAL	0x16A0	Javelin::ClientMessages::InventoriesComponentClientFacet_OnQueryInventories	.rdata	-5	0x1481FF038	0x1435EF2E0	PTR_.text		
0x1481FF060	0x1435EF1C0	UNMARSHAL	0x16A0	Javelin::ClientMessages::InventoriesComponentClientFacet_OnQueryInventories	.rdata	-4	0x1481FF040	0x1407C7DF0	PTR_.text		
0x1481FF060	0x1435EF1C0	UNMARSHAL	0x16A0	Javelin::ClientMessages::InventoriesComponentClientFacet_OnQueryInventories	.rdata	-3	0x1481FF048	0x1407C6D50	PTR_.text		
0x1481FF060	0x1435EF1C0	UNMARSHAL	0x16A0	Javelin::ClientMessages::InventoriesComponentClientFacet_OnQueryInventories	.rdata	-2	0x1481FF050	0x1407C6D60	PTR_.text		
0x1481FF060	0x1435EF1C0	UNMARSHAL	0x16A0	Javelin::ClientMessages::InventoriesComponentClientFacet_OnQueryInventories	.rdata	-1	0x1481FF058	0x1414C30D0	PTR_.text		
0x1481FF060	0x1435EF1C0	UNMARSHAL	0x16A0	Javelin::ClientMessages::InventoriesComponentClientFacet_OnQueryInventories	.rdata	0	0x1481FF060	0x1435EF1C0	UNMARSHAL	0x16A0	Javelin::ClientMessages::InventoriesComponentClientFacet_OnQueryInventories
0x1481FF060	0x1435EF1C0	UNMARSHAL	0x16A0	Javelin::ClientMessages::InventoriesComponentClientFacet_OnQueryInventories	.rdata	1	0x1481FF068	0x1435EF320	PTR_.text		
0x1481FF060	0x1435EF1C0	UNMARSHAL	0x16A0	Javelin::ClientMessages::InventoriesComponentClientFacet_OnQueryInventories	.rdata	2	0x1481FF070	0x1435EF320	PTR_.text		
0x1481FF060	0x1435EF1C0	UNMARSHAL	0x16A0	Javelin::ClientMessages::InventoriesComponentClientFacet_OnQueryInventories	.rdata	3	0x1481FF078	0x1435EF330	PTR_.text		
0x1481FF060	0x1435EF1C0	UNMARSHAL	0x16A0	Javelin::ClientMessages::InventoriesComponentClientFacet_OnQueryInventories	.rdata	4	0x1481FF080	0x1435EF3C0	PTR_.text		
0x1481FF060	0x1435EF1C0	UNMARSHAL	0x16A0	Javelin::ClientMessages::InventoriesComponentClientFacet_OnQueryInventories	.rdata	5	0x1481FF088	0x14078FA10	PTR_.text		
0x1481FF060	0x1435EF1C0	UNMARSHAL	0x16A0	Javelin::ClientMessages::InventoriesComponentClientFacet_OnQueryInventories	.rdata	6	0x1481FF090	0x14046DC90	PTR_.text		
0x1481FF060	0x1435EF1C0	UNMARSHAL	0x16A0	Javelin::ClientMessages::InventoriesComponentClientFacet_OnQueryInventories	.rdata	7	0x1481FF098	0x1435EF3D0	PTR_.text		
0x1481FF060	0x1435EF1C0	UNMARSHAL	0x16A0	Javelin::ClientMessages::InventoriesComponentClientFacet_OnQueryInventories	.rdata	8	0x1481FF0A0	0x1435EF3D0	PTR_.text		
0x1481FF060	0x1435EF1C0	UNMARSHAL	0x16A0	Javelin::ClientMessages::InventoriesComponentClientFacet_OnQueryInventories	.rdata	9	0x1481FF0A8	0x1435EF3E0	PTR_.text		
0x1481FF060	0x1435EF1C0	UNMARSHAL	0x16A0	Javelin::ClientMessages::InventoriesComponentClientFacet_OnQueryInventories	.rdata	10	0x1481FF0B0	0x1435EF470	PTR_.text		
0x1481FF060	0x1435EF1C0	UNMARSHAL	0x16A0	Javelin::ClientMessages::InventoriesComponentClientFacet_OnQueryInventories	.rdata	11	0x1481FF0B8	0x14078FA10	PTR_.text		
0x1481FF060	0x1435EF1C0	UNMARSHAL	0x16A0	Javelin::ClientMessages::InventoriesComponentClientFacet_OnQueryInventories	.rdata	12	0x1481FF0C0	0x14046DC90	PTR_.text		
0x1485023A0	0x14646BF10	UNMARSHAL	0x40A	CoatlicueClientMessages::CalendarConnectedMsg	.rdata	-12	0x148502340	0x14646C400	PTR_.text		
0x1485023A0	0x14646BF10	UNMARSHAL	0x40A	CoatlicueClientMessages::CalendarConnectedMsg	.rdata	-11	0x148502348	0x14641D8A0	PTR_.text		
0x1485023A0	0x14646BF10	UNMARSHAL	0x40A	CoatlicueClientMessages::CalendarConnectedMsg	.rdata	-10	0x148502350	0x14642BB00	PTR_.text		
0x1485023A0	0x14646BF10	UNMARSHAL	0x40A	CoatlicueClientMessages::CalendarConnectedMsg	.rdata	-9	0x148502358	0x1407C1160	PTR_.text		
0x1485023A0	0x14646BF10	UNMARSHAL	0x40A	CoatlicueClientMessages::CalendarConnectedMsg	.rdata	-8	0x148502360	0x1407C1170	PTR_.text		
0x1485023A0	0x14646BF10	UNMARSHAL	0x40A	CoatlicueClientMessages::CalendarConnectedMsg	.rdata	-7	0x148502368	0x1407C1180	PTR_.text		
0x1485023A0	0x14646BF10	UNMARSHAL	0x40A	CoatlicueClientMessages::CalendarConnectedMsg	.rdata	-6	0x148502370	0x14646C400	PTR_.text		
0x1485023A0	0x14646BF10	UNMARSHAL	0x40A	CoatlicueClientMessages::CalendarConnectedMsg	.rdata	-5	0x148502378	0x14641D6E0	PTR_.text		
0x1485023A0	0x14646BF10	UNMARSHAL	0x40A	CoatlicueClientMessages::CalendarConnectedMsg	.rdata	-4	0x148502380	0x1407C7DF0	PTR_.text		
0x1485023A0	0x14646BF10	UNMARSHAL	0x40A	CoatlicueClientMessages::CalendarConnectedMsg	.rdata	-3	0x148502388	0x1407D0870	PTR_.text		
0x1485023A0	0x14646BF10	UNMARSHAL	0x40A	CoatlicueClientMessages::CalendarConnectedMsg	.rdata	-2	0x148502390	0x1407D0880	PTR_.text		
0x1485023A0	0x14646BF10	UNMARSHAL	0x40A	CoatlicueClientMessages::CalendarConnectedMsg	.rdata	-1	0x148502398	0x14644B240	PTR_.text		
0x1485023A0	0x14646BF10	UNMARSHAL	0x40A	CoatlicueClientMessages::CalendarConnectedMsg	.rdata	0	0x1485023A0	0x14646BF10	UNMARSHAL	0x40A	CoatlicueClientMessages::CalendarConnectedMsg
0x1485023A0	0x14646BF10	UNMARSHAL	0x40A	CoatlicueClientMessages::CalendarConnectedMsg	.rdata	1	0x1485023A8	0x14641D760	PTR_.text		
0x1485023A0	0x14646BF10	UNMARSHAL	0x40A	CoatlicueClientMessages::CalendarConnectedMsg	.rdata	2	0x1485023B0	0x1407C7DF0	PTR_.text		
0x1485023A0	0x14646BF10	UNMARSHAL	0x40A	CoatlicueClientMessages::CalendarConnectedMsg	.rdata	3	0x1485023B8	0x1407D0870	PTR_.text		
0x1485023A0	0x14646BF10	UNMARSHAL	0x40A	CoatlicueClientMessages::CalendarConnectedMsg	.rdata	4	0x1485023C0	0x1407D0880	PTR_.text		
0x1485023A0	0x14646BF10	UNMARSHAL	0x40A	CoatlicueClientMessages::CalendarConnectedMsg	.rdata	5	0x1485023C8	0x14644B240	PTR_.text		
0x1485023A0	0x14646BF10	UNMARSHAL	0x40A	CoatlicueClientMessages::CalendarConnectedMsg	.rdata	6	0x1485023D0	0x14646C070	UNMARSHAL	0x1BE	CoatlicueClientMessages::CoatlicueTimingConfigurationConnectedMsg
0x1485023A0	0x14646BF10	UNMARSHAL	0x40A	CoatlicueClientMessages::CalendarConnectedMsg	.rdata	7	0x1485023D8	0x14641D7A0	PTR_.text		
0x1485023A0	0x14646BF10	UNMARSHAL	0x40A	CoatlicueClientMessages::CalendarConnectedMsg	.rdata	8	0x1485023E0	0x1407C7DF0	PTR_.text		
0x1485023A0	0x14646BF10	UNMARSHAL	0x40A	CoatlicueClientMessages::CalendarConnectedMsg	.rdata	9	0x1485023E8	0x1407D0870	PTR_.text		
0x1485023A0	0x14646BF10	UNMARSHAL	0x40A	CoatlicueClientMessages::CalendarConnectedMsg	.rdata	10	0x1485023F0	0x1407D0880	PTR_.text		
0x1485023A0	0x14646BF10	UNMARSHAL	0x40A	CoatlicueClientMessages::CalendarConnectedMsg	.rdata	11	0x1485023F8	0x14644B240	PTR_.text		
0x1485023A0	0x14646BF10	UNMARSHAL	0x40A	CoatlicueClientMessages::CalendarConnectedMsg	.rdata	12	0x148502400	0x14646C150	PTR_.text		
0x1485023D0	0x14646C070	UNMARSHAL	0x1BE	CoatlicueClientMessages::CoatlicueTimingConfigurationConnectedMsg	.rdata	-12	0x148502370	0x14646C400	PTR_.text		
0x1485023D0	0x14646C070	UNMARSHAL	0x1BE	CoatlicueClientMessages::CoatlicueTimingConfigurationConnectedMsg	.rdata	-11	0x148502378	0x14641D6E0	PTR_.text		
0x1485023D0	0x14646C070	UNMARSHAL	0x1BE	CoatlicueClientMessages::CoatlicueTimingConfigurationConnectedMsg	.rdata	-10	0x148502380	0x1407C7DF0	PTR_.text		
0x1485023D0	0x14646C070	UNMARSHAL	0x1BE	CoatlicueClientMessages::CoatlicueTimingConfigurationConnectedMsg	.rdata	-9	0x148502388	0x1407D0870	PTR_.text		
0x1485023D0	0x14646C070	UNMARSHAL	0x1BE	CoatlicueClientMessages::CoatlicueTimingConfigurationConnectedMsg	.rdata	-8	0x148502390	0x1407D0880	PTR_.text		
0x1485023D0	0x14646C070	UNMARSHAL	0x1BE	CoatlicueClientMessages::CoatlicueTimingConfigurationConnectedMsg	.rdata	-7	0x148502398	0x14644B240	PTR_.text		
0x1485023D0	0x14646C070	UNMARSHAL	0x1BE	CoatlicueClientMessages::CoatlicueTimingConfigurationConnectedMsg	.rdata	-6	0x1485023A0	0x14646BF10	UNMARSHAL	0x40A	CoatlicueClientMessages::CalendarConnectedMsg
0x1485023D0	0x14646C070	UNMARSHAL	0x1BE	CoatlicueClientMessages::CoatlicueTimingConfigurationConnectedMsg	.rdata	-5	0x1485023A8	0x14641D760	PTR_.text		
0x1485023D0	0x14646C070	UNMARSHAL	0x1BE	CoatlicueClientMessages::CoatlicueTimingConfigurationConnectedMsg	.rdata	-4	0x1485023B0	0x1407C7DF0	PTR_.text		
0x1485023D0	0x14646C070	UNMARSHAL	0x1BE	CoatlicueClientMessages::CoatlicueTimingConfigurationConnectedMsg	.rdata	-3	0x1485023B8	0x1407D0870	PTR_.text		
0x1485023D0	0x14646C070	UNMARSHAL	0x1BE	CoatlicueClientMessages::CoatlicueTimingConfigurationConnectedMsg	.rdata	-2	0x1485023C0	0x1407D0880	PTR_.text		
0x1485023D0	0x14646C070	UNMARSHAL	0x1BE	CoatlicueClientMessages::CoatlicueTimingConfigurationConnectedMsg	.rdata	-1	0x1485023C8	0x14644B240	PTR_.text		
0x1485023D0	0x14646C070	UNMARSHAL	0x1BE	CoatlicueClientMessages::CoatlicueTimingConfigurationConnectedMsg	.rdata	0	0x1485023D0	0x14646C070	UNMARSHAL	0x1BE	CoatlicueClientMessages::CoatlicueTimingConfigurationConnectedMsg
0x1485023D0	0x14646C070	UNMARSHAL	0x1BE	CoatlicueClientMessages::CoatlicueTimingConfigurationConnectedMsg	.rdata	1	0x1485023D8	0x14641D7A0	PTR_.text		
0x1485023D0	0x14646C070	UNMARSHAL	0x1BE	CoatlicueClientMessages::CoatlicueTimingConfigurationConnectedMsg	.rdata	2	0x1485023E0	0x1407C7DF0	PTR_.text		
0x1485023D0	0x14646C070	UNMARSHAL	0x1BE	CoatlicueClientMessages::CoatlicueTimingConfigurationConnectedMsg	.rdata	3	0x1485023E8	0x1407D0870	PTR_.text		
0x1485023D0	0x14646C070	UNMARSHAL	0x1BE	CoatlicueClientMessages::CoatlicueTimingConfigurationConnectedMsg	.rdata	4	0x1485023F0	0x1407D0880	PTR_.text		
0x1485023D0	0x14646C070	UNMARSHAL	0x1BE	CoatlicueClientMessages::CoatlicueTimingConfigurationConnectedMsg	.rdata	5	0x1485023F8	0x14644B240	PTR_.text		
0x1485023D0	0x14646C070	UNMARSHAL	0x1BE	CoatlicueClientMessages::CoatlicueTimingConfigurationConnectedMsg	.rdata	6	0x148502400	0x14646C150	PTR_.text		
0x1485023D0	0x14646C070	UNMARSHAL	0x1BE	CoatlicueClientMessages::CoatlicueTimingConfigurationConnectedMsg	.rdata	7	0x148502408	0x14641D7E0	PTR_.text		
0x1485023D0	0x14646C070	UNMARSHAL	0x1BE	CoatlicueClientMessages::CoatlicueTimingConfigurationConnectedMsg	.rdata	8	0x148502410	0x1407C7DF0	PTR_.text		
0x1485023D0	0x14646C070	UNMARSHAL	0x1BE	CoatlicueClientMessages::CoatlicueTimingConfigurationConnectedMsg	.rdata	9	0x148502418	0x1414CEBC0	PTR_.text		
0x1485023D0	0x14646C070	UNMARSHAL	0x1BE	CoatlicueClientMessages::CoatlicueTimingConfigurationConnectedMsg	.rdata	10	0x148502420	0x1414CEC80	PTR_.text		
0x1485023D0	0x14646C070	UNMARSHAL	0x1BE	CoatlicueClientMessages::CoatlicueTimingConfigurationConnectedMsg	.rdata	11	0x148502428	0x14644B250	PTR_.text		
0x1485023D0	0x14646C070	UNMARSHAL	0x1BE	CoatlicueClientMessages::CoatlicueTimingConfigurationConnectedMsg	.rdata	12	0x148502430	0x14646C230	PTR_.text		
0x148502A70	0x14646C2B0	UNMARSHAL	0x8	Amazon::Hub::ReplicatedStateBundle	.rdata	-12	0x148502A10	0x14046DC90	PTR_.text		
0x148502A70	0x14646C2B0	UNMARSHAL	0x8	Amazon::Hub::ReplicatedStateBundle	.rdata	-11	0x148502A18	0x14641D860	PTR_.text		
0x148502A70	0x14646C2B0	UNMARSHAL	0x8	Amazon::Hub::ReplicatedStateBundle	.rdata	-10	0x148502A20	0x1407C7DF0	PTR_.text		
0x148502A70	0x14646C2B0	UNMARSHAL	0x8	Amazon::Hub::ReplicatedStateBundle	.rdata	-9	0x148502A28	0x146420CB0	PTR_.text		
0x148502A70	0x14646C2B0	UNMARSHAL	0x8	Amazon::Hub::ReplicatedStateBundle	.rdata	-8	0x148502A30	0x1464300D0	PTR_.text		
0x148502A70	0x14646C2B0	UNMARSHAL	0x8	Amazon::Hub::ReplicatedStateBundle	.rdata	-7	0x148502A38	0x14644B270	PTR_.text		
0x148502A70	0x14646C2B0	UNMARSHAL	0x8	Amazon::Hub::ReplicatedStateBundle	.rdata	-6	0x148502A40	0x14646C370	PTR_.text		
0x148502A70	0x14646C2B0	UNMARSHAL	0x8	Amazon::Hub::ReplicatedStateBundle	.rdata	-5	0x148502A48	0x14641D820	PTR_.text		
0x148502A70	0x14646C2B0	UNMARSHAL	0x8	Amazon::Hub::ReplicatedStateBundle	.rdata	-4	0x148502A50	0x1407C7DF0	PTR_.text		
0x148502A70	0x14646C2B0	UNMARSHAL	0x8	Amazon::Hub::ReplicatedStateBundle	.rdata	-3	0x148502A58	0x146420CA0	PTR_.text		
0x148502A70	0x14646C2B0	UNMARSHAL	0x8	Amazon::Hub::ReplicatedStateBundle	.rdata	-2	0x148502A60	0x1464300C0	PTR_.text		
0x148502A70	0x14646C2B0	UNMARSHAL	0x8	Amazon::Hub::ReplicatedStateBundle	.rdata	-1	0x148502A68	0x14644B260	PTR_.text		
0x148502A70	0x14646C2B0	UNMARSHAL	0x8	Amazon::Hub::ReplicatedStateBundle	.rdata	0	0x148502A70	0x14646C2B0	UNMARSHAL	0x8	Amazon::Hub::ReplicatedStateBundle
0x148502A70	0x14646C2B0	UNMARSHAL	0x8	Amazon::Hub::ReplicatedStateBundle	.rdata	1	0x148502A78	0x14641D6A0	PTR_.text		
0x148502A70	0x14646C2B0	UNMARSHAL	0x8	Amazon::Hub::ReplicatedStateBundle	.rdata	2	0x148502A80	0x1407C7DF0	PTR_.text		
0x148502A70	0x14646C2B0	UNMARSHAL	0x8	Amazon::Hub::ReplicatedStateBundle	.rdata	3	0x148502A88	0x1407C0750	PTR_.text		
0x148502A70	0x14646C2B0	UNMARSHAL	0x8	Amazon::Hub::ReplicatedStateBundle	.rdata	4	0x148502A90	0x1407C0760	PTR_.text		
0x148502A70	0x14646C2B0	UNMARSHAL	0x8	Amazon::Hub::ReplicatedStateBundle	.rdata	5	0x148502A98	0x14644B230	PTR_.text		
0x148502A70	0x14646C2B0	UNMARSHAL	0x8	Amazon::Hub::ReplicatedStateBundle	.rdata	6	0x148502AA0	0x14646BE80	PTR_.text		
0x148502A70	0x14646C2B0	UNMARSHAL	0x8	Amazon::Hub::ReplicatedStateBundle	.rdata	7	0x148502AA8	0x14641D580	PTR_.text		
0x148502A70	0x14646C2B0	UNMARSHAL	0x8	Amazon::Hub::ReplicatedStateBundle	.rdata	8	0x148502AB0	0x140294860	PTR_.text		
0x148502A70	0x14646C2B0	UNMARSHAL	0x8	Amazon::Hub::ReplicatedStateBundle	.rdata	9	0x148502AB8	0x1402A9970	PTR_.text		
0x148502A70	0x14646C2B0	UNMARSHAL	0x8	Amazon::Hub::ReplicatedStateBundle	.rdata	10	0x148502AC0	0x1402A1D20	PTR_.text		
0x148502A70	0x14646C2B0	UNMARSHAL	0x8	Amazon::Hub::ReplicatedStateBundle	.rdata	11	0x148502AC8	0x1402A1D30	PTR_.text		
0x148502A70	0x14646C2B0	UNMARSHAL	0x8	Amazon::Hub::ReplicatedStateBundle	.rdata	12	0x148502AD0	0x1402A1DA0	PTR_.text		
