type_hex	class	provider	offset	role	target	target_section	code_refs	qword0	qword1	qword2	qword3	pointer_like_qwords	qword_sections	reference_sites
0x3	RegistrationResponseMsg	0x1407F2E80	0x54	OPERAND_54	0x147E1E8E0	.text	1	0x8B4820EC83485340	0xDB8548024C99031D	0xBF30247C89483674	0xFF0C78BFFFFFFFF	0	,,,	0x1407F2ED4
0x8	Amazon::Hub::ReplicatedStateBundle	0x146437070	0x54	OPERAND_54	0x147EACF60	.text	1	0x8B4820EC83485340	0xDB8548026A7E831D	0xBF30247C89483674	0xFF0C78BFFFFFFFF	0	,,,	0x1464370C4
0x8	Amazon::Hub::ReplicatedStateBundle	0x146437070	0xB1	OPERAND_B1	0x1484C7DE8	.rdata	1	0x3263656130346138	0x66342D373065612D	0x2D336662392D3239	0x3963633063663837	0	,,,	0x146437121
0x8	Amazon::Hub::ReplicatedStateBundle	0x146437070	0x186	HELPER_186	0x148502A48	.rdata	2	0x14641D820	0x1407C7DF0	0x146420CA0	0x1464300C0	4	.text,.text,.text,.text	0x14641D82A,0x1464371F6
0xA4	ClientAddEntryMsg	0x1407EBEC0	0x54	OPERAND_54	0x147E1D8F0	.text	1	0x8B4820EC83485340	0xDB8548024CA20B1D	0xBF30247C89483674	0xFF0C78BFFFFFFFF	0	,,,	0x1407EBF14
0x14F	TimeSynchMsg	0x1407F6A30	0x54	OPERAND_54	0x147E1F150	.text	1	0x8B4820EC83485340	0xDB8548024C907B1D	0xBF30247C89483674	0xFF0C78BFFFFFFFF	0	,,,	0x1407F6A84
0x15D	PingMsg	0x1407F0940	0x54	OPERAND_54	0x147E1E390	.text	1	0x8B4820EC83485340	0xDB8548024C9ED31D	0xBF30247C89483674	0xFF0C78BFFFFFFFF	0	,,,	0x1407F0994
0x1BE	CoatlicueClientMessages::CoatlicueTimingConfigurationConnectedMsg	0x146436870	0x54	OPERAND_54	0x147EACE20	.text	1	0x8B4820EC83485340	0xDB8548026A7C2B1D	0xBF30247C89483674	0xFF0C78BFFFFFFFF	0	,,,	0x1464368C4
0x1BE	CoatlicueClientMessages::CoatlicueTimingConfigurationConnectedMsg	0x146436870	0xB1	OPERAND_B1	0x1484FC590	.rdata	1	0x3833363831376531	0x63342D373561302D	0x2D643133612D3034	0x3234346233613265	0	,,,	0x146436921
0x1BE	CoatlicueClientMessages::CoatlicueTimingConfigurationConnectedMsg	0x146436870	0x186	HELPER_186	0x1485023A8	.rdata	2	0x14641D760	0x1407C7DF0	0x1407D0870	0x1407D0880	4	.text,.text,.text,.text	0x14641D76A,0x1464369F6
0x40A	CoatlicueClientMessages::CalendarConnectedMsg	0x146436470	0x54	OPERAND_54	0x147EACD80	.text	1	0x8B4820EC83485340	0xDB8548026A7CB31D	0xBF30247C89483674	0xFF0C78BFFFFFFFF	0	,,,	0x1464364C4
0x40A	CoatlicueClientMessages::CalendarConnectedMsg	0x146436470	0xB1	OPERAND_B1	0x1484FC568	.rdata	1	0x6266333165393739	0x64342D613061372D	0x2D623232392D6364	0x6536316532343064	0	,,,	0x146436521
0x40A	CoatlicueClientMessages::CalendarConnectedMsg	0x146436470	0x186	HELPER_186	0x148502378	.rdata	2	0x14641D6E0	0x1407C7DF0	0x1407D0870	0x1407D0880	4	.text,.text,.text,.text	0x14641D6EA,0x1464365F6
0x651	Javelin::ClientViewListenerTrait::ReceivePlayerSpawnPointMsg	0x1416F3320	0x54	OPERAND_54	0x147E33610	.text	1	0x8B4820EC83485340	0xDB8548024ECA331D	0xBF30247C89483674	0xFF0C78BFFFFFFFF	0	,,,	0x1416F3374
0x651	Javelin::ClientViewListenerTrait::ReceivePlayerSpawnPointMsg	0x1416F3320	0xB1	OPERAND_B1	0x148029DB0	.rdata	1	0x3532353730323132	0x31342D383434622D	0x2D616361612D3339	0x3734386634643338	0	,,,	0x1416F33D1
0x651	Javelin::ClientViewListenerTrait::ReceivePlayerSpawnPointMsg	0x1416F3320	0x186	HELPER_186	0x14800C6A8	.rdata	2	0x1414E3E90	0x1407C7DF0	0x1407C31C0	0x1407C31E0	4	.text,.text,.text,.text	0x1414E3E9A,0x1416F34A6
0x65C	Javelin::ClientMessagesTrait::PlayerManagerSelfIdentificationMsg	0x1416EBD20	0x54	OPERAND_54	0x147E323A0	.text	1	0x8B4820EC83485340	0xDB8548024E7D4B1D	0xBF30247C89483674	0xFF0C78BFFFFFFFF	0	,,,	0x1416EBD74
0x65C	Javelin::ClientMessagesTrait::PlayerManagerSelfIdentificationMsg	0x1416EBD20	0xB1	OPERAND_B1	0x148002C60	.rdata	1	0x3065333434393631	0x36342D383035612D	0x2D373334622D3335	0x3539316137623934	0	,,,	0x1416EBDD1
0x65C	Javelin::ClientMessagesTrait::PlayerManagerSelfIdentificationMsg	0x1416EBD20	0x186	HELPER_186	0x148014880	.rdata	2	0x1414FD7F0	0x1407C7DF0	0x1414FAFF0	0x1414FB0E0	4	.text,.text,.text,.text	0x1414FD7FA,0x1416EBEA6
0x663	Javelin::ClientMessagesTrait::LevelInfoChangedMsg	0x1416DF320	0x54	OPERAND_54	0x147E30410	.text	1	0x8B4820EC83485340	0xDB8548024E9DAB1D	0xBF30247C89483674	0xFF0C78BFFFFFFFF	0	,,,	0x1416DF374
0x663	Javelin::ClientMessagesTrait::LevelInfoChangedMsg	0x1416DF320	0xB1	OPERAND_B1	0x148003688	.rdata	1	0x3330443831393534	0x32342D374532302D	0x2D303341382D3441	0x4338463530324231	0	,,,	0x1416DF3D1
0x663	Javelin::ClientMessagesTrait::LevelInfoChangedMsg	0x1416DF320	0x186	HELPER_186	0x148015B10	.rdata	2	0x141500D80	0x1407C7DF0	0x1414D2FF0	0x1414D3160	4	.text,.text,.text,.text	0x141500D8A,0x1416DF4A6
0xCA4	Javelin::ClientMessages::EventNotificationComponentClientFacet_SyncNotifications	0x1431C09A0	0x54	OPERAND_54	0x147E60910	.text	1	0x8B4820EC83485340	0xDB8548025079531D	0xBF30247C89483674	0xFF0C78BFFFFFFFF	0	,,,	0x1431C09F4
0xCA4	Javelin::ClientMessages::EventNotificationComponentClientFacet_SyncNotifications	0x1431C09A0	0xB1	OPERAND_B1	0x14819C948	.rdata	2	0x3932326235323766	0x34342D623465372D	0x2D326362382D3634	0x3965343561366466	0	,,,	0x1431C0A51,0x1431CC10B
0xCA4	Javelin::ClientMessages::EventNotificationComponentClientFacet_SyncNotifications	0x1431C09A0	0x186	HELPER_186	0x14819C0C0	.rdata	2	0x143198150	0x1407C7DF0	0x1414D2FF0	0x1414D3160	4	.text,.text,.text,.text	0x14319815A,0x1431C0B26
0x136A	Javelin::ClientMessages::GameModeParticipantComponentClientFacet_OnLeftQueueForGameModeMsg	0x1432ADAD0	0x54	OPERAND_54	0x147E62A50	.text	1	0x8B4820EC83485340	0xDB85480250A4C31D	0xBF30247C89483674	0xFF0C78BFFFFFFFF	0	,,,	0x1432ADB24
0x136A	Javelin::ClientMessages::GameModeParticipantComponentClientFacet_OnLeftQueueForGameModeMsg	0x1432ADAD0	0xB1	OPERAND_B1	0x1481B3A38	.rdata	2	0x463139334238467B	0x342D353744392D46	0x314342382D334442	0x304231454243332D	0	,,,	0x1432ADB81,0x1432CEE1B
0x136A	Javelin::ClientMessages::GameModeParticipantComponentClientFacet_OnLeftQueueForGameModeMsg	0x1432ADAD0	0x186	HELPER_186	0x1481B4308	.rdata	2	0x14327C9C0	0x1407C7DF0	0x1407C8390	0x1407C83A0	4	.text,.text,.text,.text	0x14327C9CA,0x1432ADC56
0x16A0	Javelin::ClientMessages::InventoriesComponentClientFacet_OnQueryInventories	0x143615EC0	0x54	OPERAND_54	0x147E6E620	.text	1	0x8B4820EC83485340	0xDB85480250D70B1D	0xBF30247C89483674	0xFF0C78BFFFFFFFF	0	,,,	0x143615F14
0x16A0	Javelin::ClientMessages::InventoriesComponentClientFacet_OnQueryInventories	0x143615EC0	0xB1	OPERAND_B1	0x1481FF540	.rdata	2	0x3462353432316530	0x37342D613135622D	0x2D373039382D6263	0x3730663330323662	0	,,,	0x143615F71,0x14361EBAB
0x16A0	Javelin::ClientMessages::InventoriesComponentClientFacet_OnQueryInventories	0x143615EC0	0x186	HELPER_186	0x1481FF038	.rdata	2	0x1435EF2E0	0x1407C7DF0	0x1407C6D50	0x1407C6D60	4	.text,.text,.text,.text	0x1435EF2EA,0x143616046
0x18A6	Javelin::ClientMessages::GridTrackingComponentClientFacet_UpdatePhasing	0x1416D4720	0x54	OPERAND_54	0x147E2E930	.text	1	0x8B4820EC83485340	0xDB8548024F161B1D	0xBF30247C89483674	0xFF0C78BFFFFFFFF	0	,,,	0x1416D4774
0x18A6	Javelin::ClientMessages::GridTrackingComponentClientFacet_UpdatePhasing	0x1416D4720	0xB1	OPERAND_B1	0x1480283F0	.rdata	2	0x433033323333447B	0x342D433742392D38	0x414146412D353242	0x373838463435322D	0	,,,	0x1416D47D1,0x14175983B
0x18A6	Javelin::ClientMessages::GridTrackingComponentClientFacet_UpdatePhasing	0x1416D4720	0x186	HELPER_186	0x14802D580	.rdata	2	0x141549D60	0x1407C7DF0	0x1407CBE90	0x1407CBEA0	4	.text,.text,.text,.text	0x141549D6A,0x1416D48A6
0x1B88	Javelin::ClientMessages::GlobalStorageComponentClientFacet_ReceiveStorageSearchItems	0x142D050D0	0x54	OPERAND_54	0x147E54790	.text	1	0x8B4820EC83485340	0xDB8548024FCF931D	0xBF30247C89483674	0xFF0C78BFFFFFFFF	0	,,,	0x142D05124
0x1B88	Javelin::ClientMessages::GlobalStorageComponentClientFacet_ReceiveStorageSearchItems	0x142D050D0	0xB1	OPERAND_B1	0x148137518	.rdata	2	0x364230413041417B	0x342D413537342D34	0x303530412D383238	0x304633413142372D	0	,,,	0x142D05181,0x142D12B1B
0x1B88	Javelin::ClientMessages::GlobalStorageComponentClientFacet_ReceiveStorageSearchItems	0x142D050D0	0x186	HELPER_186	0x148138AB0	.rdata	2	0x142CD6410	0x1407C7DF0	0x1414CEBC0	0x1414CEC80	4	.text,.text,.text,.text	0x142CD641A,0x142D05256
