address	offset	labels	kind	function_start	function_end	instruction	reason
0x1414222FF	0xA0	B_TO_C	WRITE_MOV	0x141421B90	0x14142290A	"   1414222ff:	c6 85 a0 00 00 00 02 	mov    BYTE PTR [rbp+0xa0],0x2"	IMMEDIATE_2
0x141979E01	0xA0	B_TO_C	WRITE_MOV	0x141979C60	0x141979EF0	"   141979e01:	c7 83 a0 00 00 00 02 	mov    DWORD PTR [rbx+0xa0],0x2"	IMMEDIATE_2
0x141989F00	0xA0	B_TO_C	WRITE_MOV	0x141989C6A	0x14198A0E9	"   141989f00:	c7 83 a0 00 00 00 02 	mov    DWORD PTR [rbx+0xa0],0x2"	IMMEDIATE_2
0x14198A196	0xA0	B_TO_C	WRITE_MOV	0x14198A0E9	0x14198A239	"   14198a196:	c7 83 a0 00 00 00 02 	mov    DWORD PTR [rbx+0xa0],0x2"	IMMEDIATE_2
0x14198D267	0xA0	B_TO_C	WRITE_MOV	0x14198D0A0	0x14198D437	"   14198d267:	c7 83 a0 00 00 00 02 	mov    DWORD PTR [rbx+0xa0],0x2"	IMMEDIATE_2
0x141993CE8	0xA0	B_TO_C	WRITE_MOV	0x141993C40	0x141994014	"   141993ce8:	c7 83 a0 00 00 00 02 	mov    DWORD PTR [rbx+0xa0],0x2"	IMMEDIATE_2
0x141993F74	0xA0	B_TO_C	WRITE_MOV	0x141993C40	0x141994014	"   141993f74:	c7 83 a0 00 00 00 02 	mov    DWORD PTR [rbx+0xa0],0x2"	IMMEDIATE_2
0x141997847	0xA0	B_TO_C	WRITE_MOV	0x141994773	0x14199849D	"   141997847:	c7 83 a0 00 00 00 02 	mov    DWORD PTR [rbx+0xa0],0x2"	IMMEDIATE_2
0x141997985	0xA0	B_TO_C	WRITE_MOV	0x141994773	0x14199849D	"   141997985:	c7 83 a0 00 00 00 02 	mov    DWORD PTR [rbx+0xa0],0x2"	IMMEDIATE_2
0x141997AC5	0xA0	B_TO_C	WRITE_MOV	0x141994773	0x14199849D	"   141997ac5:	c7 83 a0 00 00 00 02 	mov    DWORD PTR [rbx+0xa0],0x2"	IMMEDIATE_2
0x141997C18	0xA0	B_TO_C	WRITE_MOV	0x141994773	0x14199849D	"   141997c18:	c7 83 a0 00 00 00 02 	mov    DWORD PTR [rbx+0xa0],0x2"	IMMEDIATE_2
0x141997D53	0xA0	B_TO_C	WRITE_MOV	0x141994773	0x14199849D	"   141997d53:	c7 83 a0 00 00 00 02 	mov    DWORD PTR [rbx+0xa0],0x2"	IMMEDIATE_2
0x141997E9A	0xA0	B_TO_C	WRITE_MOV	0x141994773	0x14199849D	"   141997e9a:	c7 83 a0 00 00 00 02 	mov    DWORD PTR [rbx+0xa0],0x2"	IMMEDIATE_2
0x141997FCF	0xA0	B_TO_C	WRITE_MOV	0x141994773	0x14199849D	"   141997fcf:	c7 83 a0 00 00 00 02 	mov    DWORD PTR [rbx+0xa0],0x2"	IMMEDIATE_2
0x1419AEF24	0xA0	B_TO_C	WRITE_MOV	0x1419A853F	0x1419B9FB3	"   1419aef24:	c7 83 a0 00 00 00 02 	mov    DWORD PTR [rbx+0xa0],0x2"	IMMEDIATE_2
0x1419AF0ED	0xA0	B_TO_C	WRITE_MOV	0x1419A853F	0x1419B9FB3	"   1419af0ed:	c7 83 a0 00 00 00 02 	mov    DWORD PTR [rbx+0xa0],0x2"	IMMEDIATE_2
0x1419AF2BC	0xA0	B_TO_C	WRITE_MOV	0x1419A853F	0x1419B9FB3	"   1419af2bc:	c7 83 a0 00 00 00 02 	mov    DWORD PTR [rbx+0xa0],0x2"	IMMEDIATE_2
0x1419AF481	0xA0	B_TO_C	WRITE_MOV	0x1419A853F	0x1419B9FB3	"   1419af481:	c7 83 a0 00 00 00 02 	mov    DWORD PTR [rbx+0xa0],0x2"	IMMEDIATE_2
0x1419AF64B	0xA0	B_TO_C	WRITE_MOV	0x1419A853F	0x1419B9FB3	"   1419af64b:	c7 83 a0 00 00 00 02 	mov    DWORD PTR [rbx+0xa0],0x2"	IMMEDIATE_2
0x1419AF7F6	0xA0	B_TO_C	WRITE_MOV	0x1419A853F	0x1419B9FB3	"   1419af7f6:	c7 80 a0 00 00 00 02 	mov    DWORD PTR [rax+0xa0],0x2"	IMMEDIATE_2
0x1419AF99E	0xA0	B_TO_C	WRITE_MOV	0x1419A853F	0x1419B9FB3	"   1419af99e:	c7 83 a0 00 00 00 02 	mov    DWORD PTR [rbx+0xa0],0x2"	IMMEDIATE_2
0x1419AFB49	0xA0	B_TO_C	WRITE_MOV	0x1419A853F	0x1419B9FB3	"   1419afb49:	c7 80 a0 00 00 00 02 	mov    DWORD PTR [rax+0xa0],0x2"	IMMEDIATE_2
0x1419AFCFA	0xA0	B_TO_C	WRITE_MOV	0x1419A853F	0x1419B9FB3	"   1419afcfa:	c7 83 a0 00 00 00 02 	mov    DWORD PTR [rbx+0xa0],0x2"	IMMEDIATE_2
0x1419AFEA5	0xA0	B_TO_C	WRITE_MOV	0x1419A853F	0x1419B9FB3	"   1419afea5:	c7 80 a0 00 00 00 02 	mov    DWORD PTR [rax+0xa0],0x2"	IMMEDIATE_2
0x1419B0056	0xA0	B_TO_C	WRITE_MOV	0x1419A853F	0x1419B9FB3	"   1419b0056:	c7 83 a0 00 00 00 02 	mov    DWORD PTR [rbx+0xa0],0x2"	IMMEDIATE_2
0x1419B0201	0xA0	B_TO_C	WRITE_MOV	0x1419A853F	0x1419B9FB3	"   1419b0201:	c7 80 a0 00 00 00 02 	mov    DWORD PTR [rax+0xa0],0x2"	IMMEDIATE_2
0x1419B03B2	0xA0	B_TO_C	WRITE_MOV	0x1419A853F	0x1419B9FB3	"   1419b03b2:	c7 83 a0 00 00 00 02 	mov    DWORD PTR [rbx+0xa0],0x2"	IMMEDIATE_2
0x1419B055D	0xA0	B_TO_C	WRITE_MOV	0x1419A853F	0x1419B9FB3	"   1419b055d:	c7 80 a0 00 00 00 02 	mov    DWORD PTR [rax+0xa0],0x2"	IMMEDIATE_2
0x1419B070E	0xA0	B_TO_C	WRITE_MOV	0x1419A853F	0x1419B9FB3	"   1419b070e:	c7 83 a0 00 00 00 02 	mov    DWORD PTR [rbx+0xa0],0x2"	IMMEDIATE_2
0x1419B08B9	0xA0	B_TO_C	WRITE_MOV	0x1419A853F	0x1419B9FB3	"   1419b08b9:	c7 80 a0 00 00 00 02 	mov    DWORD PTR [rax+0xa0],0x2"	IMMEDIATE_2
0x1419B0A6A	0xA0	B_TO_C	WRITE_MOV	0x1419A853F	0x1419B9FB3	"   1419b0a6a:	c7 83 a0 00 00 00 02 	mov    DWORD PTR [rbx+0xa0],0x2"	IMMEDIATE_2
0x1419B0C15	0xA0	B_TO_C	WRITE_MOV	0x1419A853F	0x1419B9FB3	"   1419b0c15:	c7 80 a0 00 00 00 02 	mov    DWORD PTR [rax+0xa0],0x2"	IMMEDIATE_2
0x1419B0DCE	0xA0	B_TO_C	WRITE_MOV	0x1419A853F	0x1419B9FB3	"   1419b0dce:	c7 83 a0 00 00 00 02 	mov    DWORD PTR [rbx+0xa0],0x2"	IMMEDIATE_2
0x1419B0F7A	0xA0	B_TO_C	WRITE_MOV	0x1419A853F	0x1419B9FB3	"   1419b0f7a:	c7 80 a0 00 00 00 02 	mov    DWORD PTR [rax+0xa0],0x2"	IMMEDIATE_2
0x1419B112A	0xA0	B_TO_C	WRITE_MOV	0x1419A853F	0x1419B9FB3	"   1419b112a:	c7 83 a0 00 00 00 02 	mov    DWORD PTR [rbx+0xa0],0x2"	IMMEDIATE_2
0x1419B12DE	0xA0	B_TO_C	WRITE_MOV	0x1419A853F	0x1419B9FB3	"   1419b12de:	c7 80 a0 00 00 00 02 	mov    DWORD PTR [rax+0xa0],0x2"	IMMEDIATE_2
0x1419B148F	0xA0	B_TO_C	WRITE_MOV	0x1419A853F	0x1419B9FB3	"   1419b148f:	c7 83 a0 00 00 00 02 	mov    DWORD PTR [rbx+0xa0],0x2"	IMMEDIATE_2
0x1419B163A	0xA0	B_TO_C	WRITE_MOV	0x1419A853F	0x1419B9FB3	"   1419b163a:	c7 80 a0 00 00 00 02 	mov    DWORD PTR [rax+0xa0],0x2"	IMMEDIATE_2
0x1419B17F3	0xA0	B_TO_C	WRITE_MOV	0x1419A853F	0x1419B9FB3	"   1419b17f3:	c7 83 a0 00 00 00 02 	mov    DWORD PTR [rbx+0xa0],0x2"	IMMEDIATE_2
0x1419B199F	0xA0	B_TO_C	WRITE_MOV	0x1419A853F	0x1419B9FB3	"   1419b199f:	c7 80 a0 00 00 00 02 	mov    DWORD PTR [rax+0xa0],0x2"	IMMEDIATE_2
0x1419B1B4F	0xA0	B_TO_C	WRITE_MOV	0x1419A853F	0x1419B9FB3	"   1419b1b4f:	c7 83 a0 00 00 00 02 	mov    DWORD PTR [rbx+0xa0],0x2"	IMMEDIATE_2
0x1419B1CF8	0xA0	B_TO_C	WRITE_MOV	0x1419A853F	0x1419B9FB3	"   1419b1cf8:	c7 80 a0 00 00 00 02 	mov    DWORD PTR [rax+0xa0],0x2"	IMMEDIATE_2
0x1419B1EA8	0xA0	B_TO_C	WRITE_MOV	0x1419A853F	0x1419B9FB3	"   1419b1ea8:	c7 83 a0 00 00 00 02 	mov    DWORD PTR [rbx+0xa0],0x2"	IMMEDIATE_2
0x1419B205D	0xA0	B_TO_C	WRITE_MOV	0x1419A853F	0x1419B9FB3	"   1419b205d:	c7 80 a0 00 00 00 02 	mov    DWORD PTR [rax+0xa0],0x2"	IMMEDIATE_2
0x1419B2217	0xA0	B_TO_C	WRITE_MOV	0x1419A853F	0x1419B9FB3	"   1419b2217:	c7 83 a0 00 00 00 02 	mov    DWORD PTR [rbx+0xa0],0x2"	IMMEDIATE_2
0x1419B23B7	0xA0	B_TO_C	WRITE_MOV	0x1419A853F	0x1419B9FB3	"   1419b23b7:	c7 80 a0 00 00 00 02 	mov    DWORD PTR [rax+0xa0],0x2"	IMMEDIATE_2
0x1419B2590	0xA0	B_TO_C	WRITE_MOV	0x1419A853F	0x1419B9FB3	"   1419b2590:	c7 83 a0 00 00 00 02 	mov    DWORD PTR [rbx+0xa0],0x2"	IMMEDIATE_2
0x1419B2767	0xA0	B_TO_C	WRITE_MOV	0x1419A853F	0x1419B9FB3	"   1419b2767:	c7 83 a0 00 00 00 02 	mov    DWORD PTR [rbx+0xa0],0x2"	IMMEDIATE_2
0x1419B2940	0xA0	B_TO_C	WRITE_MOV	0x1419A853F	0x1419B9FB3	"   1419b2940:	c7 83 a0 00 00 00 02 	mov    DWORD PTR [rbx+0xa0],0x2"	IMMEDIATE_2
0x1419B2B17	0xA0	B_TO_C	WRITE_MOV	0x1419A853F	0x1419B9FB3	"   1419b2b17:	c7 83 a0 00 00 00 02 	mov    DWORD PTR [rbx+0xa0],0x2"	IMMEDIATE_2
0x1419B2CF0	0xA0	B_TO_C	WRITE_MOV	0x1419A853F	0x1419B9FB3	"   1419b2cf0:	c7 83 a0 00 00 00 02 	mov    DWORD PTR [rbx+0xa0],0x2"	IMMEDIATE_2
0x1419B2EC7	0xA0	B_TO_C	WRITE_MOV	0x1419A853F	0x1419B9FB3	"   1419b2ec7:	c7 83 a0 00 00 00 02 	mov    DWORD PTR [rbx+0xa0],0x2"	IMMEDIATE_2
0x1419B30A0	0xA0	B_TO_C	WRITE_MOV	0x1419A853F	0x1419B9FB3	"   1419b30a0:	c7 83 a0 00 00 00 02 	mov    DWORD PTR [rbx+0xa0],0x2"	IMMEDIATE_2
0x1419B3277	0xA0	B_TO_C	WRITE_MOV	0x1419A853F	0x1419B9FB3	"   1419b3277:	c7 83 a0 00 00 00 02 	mov    DWORD PTR [rbx+0xa0],0x2"	IMMEDIATE_2
0x1419B3450	0xA0	B_TO_C	WRITE_MOV	0x1419A853F	0x1419B9FB3	"   1419b3450:	c7 83 a0 00 00 00 02 	mov    DWORD PTR [rbx+0xa0],0x2"	IMMEDIATE_2
0x1419B3627	0xA0	B_TO_C	WRITE_MOV	0x1419A853F	0x1419B9FB3	"   1419b3627:	c7 83 a0 00 00 00 02 	mov    DWORD PTR [rbx+0xa0],0x2"	IMMEDIATE_2
0x1419B3800	0xA0	B_TO_C	WRITE_MOV	0x1419A853F	0x1419B9FB3	"   1419b3800:	c7 83 a0 00 00 00 02 	mov    DWORD PTR [rbx+0xa0],0x2"	IMMEDIATE_2
0x1419B39D7	0xA0	B_TO_C	WRITE_MOV	0x1419A853F	0x1419B9FB3	"   1419b39d7:	c7 83 a0 00 00 00 02 	mov    DWORD PTR [rbx+0xa0],0x2"	IMMEDIATE_2
0x1419B3BB0	0xA0	B_TO_C	WRITE_MOV	0x1419A853F	0x1419B9FB3	"   1419b3bb0:	c7 83 a0 00 00 00 02 	mov    DWORD PTR [rbx+0xa0],0x2"	IMMEDIATE_2
0x1419B3D87	0xA0	B_TO_C	WRITE_MOV	0x1419A853F	0x1419B9FB3	"   1419b3d87:	c7 83 a0 00 00 00 02 	mov    DWORD PTR [rbx+0xa0],0x2"	IMMEDIATE_2
0x1419B3F60	0xA0	B_TO_C	WRITE_MOV	0x1419A853F	0x1419B9FB3	"   1419b3f60:	c7 83 a0 00 00 00 02 	mov    DWORD PTR [rbx+0xa0],0x2"	IMMEDIATE_2
0x1419B4137	0xA0	B_TO_C	WRITE_MOV	0x1419A853F	0x1419B9FB3	"   1419b4137:	c7 83 a0 00 00 00 02 	mov    DWORD PTR [rbx+0xa0],0x2"	IMMEDIATE_2
0x1419B4308	0xA0	B_TO_C	WRITE_MOV	0x1419A853F	0x1419B9FB3	"   1419b4308:	c7 83 a0 00 00 00 02 	mov    DWORD PTR [rbx+0xa0],0x2"	IMMEDIATE_2
0x1419B44DF	0xA0	B_TO_C	WRITE_MOV	0x1419A853F	0x1419B9FB3	"   1419b44df:	c7 83 a0 00 00 00 02 	mov    DWORD PTR [rbx+0xa0],0x2"	IMMEDIATE_2
0x1419B46A8	0xA0	B_TO_C	WRITE_MOV	0x1419A853F	0x1419B9FB3	"   1419b46a8:	c7 83 a0 00 00 00 02 	mov    DWORD PTR [rbx+0xa0],0x2"	IMMEDIATE_2
0x1419B487A	0xA0	B_TO_C	WRITE_MOV	0x1419A853F	0x1419B9FB3	"   1419b487a:	c7 83 a0 00 00 00 02 	mov    DWORD PTR [rbx+0xa0],0x2"	IMMEDIATE_2
0x1419B4A41	0xA0	B_TO_C	WRITE_MOV	0x1419A853F	0x1419B9FB3	"   1419b4a41:	c7 83 a0 00 00 00 02 	mov    DWORD PTR [rbx+0xa0],0x2"	IMMEDIATE_2
0x1419B4C3B	0xA0	B_TO_C	WRITE_MOV	0x1419A853F	0x1419B9FB3	"   1419b4c3b:	c7 83 a0 00 00 00 02 	mov    DWORD PTR [rbx+0xa0],0x2"	IMMEDIATE_2
0x1419B4DC5	0xA0	B_TO_C	WRITE_MOV	0x1419A853F	0x1419B9FB3	"   1419b4dc5:	c7 83 a0 00 00 00 02 	mov    DWORD PTR [rbx+0xa0],0x2"	IMMEDIATE_2
0x1419B4FBF	0xA0	B_TO_C	WRITE_MOV	0x1419A853F	0x1419B9FB3	"   1419b4fbf:	c7 83 a0 00 00 00 02 	mov    DWORD PTR [rbx+0xa0],0x2"	IMMEDIATE_2
0x1419B5149	0xA0	B_TO_C	WRITE_MOV	0x1419A853F	0x1419B9FB3	"   1419b5149:	c7 83 a0 00 00 00 02 	mov    DWORD PTR [rbx+0xa0],0x2"	IMMEDIATE_2
0x1419B534C	0xA0	B_TO_C	WRITE_MOV	0x1419A853F	0x1419B9FB3	"   1419b534c:	c7 83 a0 00 00 00 02 	mov    DWORD PTR [rbx+0xa0],0x2"	IMMEDIATE_2
0x1419B54D6	0xA0	B_TO_C	WRITE_MOV	0x1419A853F	0x1419B9FB3	"   1419b54d6:	c7 83 a0 00 00 00 02 	mov    DWORD PTR [rbx+0xa0],0x2"	IMMEDIATE_2
0x1419B56D9	0xA0	B_TO_C	WRITE_MOV	0x1419A853F	0x1419B9FB3	"   1419b56d9:	c7 83 a0 00 00 00 02 	mov    DWORD PTR [rbx+0xa0],0x2"	IMMEDIATE_2
0x1419B5863	0xA0	B_TO_C	WRITE_MOV	0x1419A853F	0x1419B9FB3	"   1419b5863:	c7 83 a0 00 00 00 02 	mov    DWORD PTR [rbx+0xa0],0x2"	IMMEDIATE_2
0x1419B5A5D	0xA0	B_TO_C	WRITE_MOV	0x1419A853F	0x1419B9FB3	"   1419b5a5d:	c7 83 a0 00 00 00 02 	mov    DWORD PTR [rbx+0xa0],0x2"	IMMEDIATE_2
0x1419B5BE7	0xA0	B_TO_C	WRITE_MOV	0x1419A853F	0x1419B9FB3	"   1419b5be7:	c7 83 a0 00 00 00 02 	mov    DWORD PTR [rbx+0xa0],0x2"	IMMEDIATE_2
0x1419B5DEA	0xA0	B_TO_C	WRITE_MOV	0x1419A853F	0x1419B9FB3	"   1419b5dea:	c7 83 a0 00 00 00 02 	mov    DWORD PTR [rbx+0xa0],0x2"	IMMEDIATE_2
0x1419B5F74	0xA0	B_TO_C	WRITE_MOV	0x1419A853F	0x1419B9FB3	"   1419b5f74:	c7 83 a0 00 00 00 02 	mov    DWORD PTR [rbx+0xa0],0x2"	IMMEDIATE_2
0x1419B6177	0xA0	B_TO_C	WRITE_MOV	0x1419A853F	0x1419B9FB3	"   1419b6177:	c7 83 a0 00 00 00 02 	mov    DWORD PTR [rbx+0xa0],0x2"	IMMEDIATE_2
0x1419B6301	0xA0	B_TO_C	WRITE_MOV	0x1419A853F	0x1419B9FB3	"   1419b6301:	c7 83 a0 00 00 00 02 	mov    DWORD PTR [rbx+0xa0],0x2"	IMMEDIATE_2
0x1419B6504	0xA0	B_TO_C	WRITE_MOV	0x1419A853F	0x1419B9FB3	"   1419b6504:	c7 83 a0 00 00 00 02 	mov    DWORD PTR [rbx+0xa0],0x2"	IMMEDIATE_2
0x1419B668E	0xA0	B_TO_C	WRITE_MOV	0x1419A853F	0x1419B9FB3	"   1419b668e:	c7 83 a0 00 00 00 02 	mov    DWORD PTR [rbx+0xa0],0x2"	IMMEDIATE_2
0x1419B6891	0xA0	B_TO_C	WRITE_MOV	0x1419A853F	0x1419B9FB3	"   1419b6891:	c7 83 a0 00 00 00 02 	mov    DWORD PTR [rbx+0xa0],0x2"	IMMEDIATE_2
0x1419B6A1B	0xA0	B_TO_C	WRITE_MOV	0x1419A853F	0x1419B9FB3	"   1419b6a1b:	c7 83 a0 00 00 00 02 	mov    DWORD PTR [rbx+0xa0],0x2"	IMMEDIATE_2
0x1419B6C1E	0xA0	B_TO_C	WRITE_MOV	0x1419A853F	0x1419B9FB3	"   1419b6c1e:	c7 83 a0 00 00 00 02 	mov    DWORD PTR [rbx+0xa0],0x2"	IMMEDIATE_2
0x1419B6DA8	0xA0	B_TO_C	WRITE_MOV	0x1419A853F	0x1419B9FB3	"   1419b6da8:	c7 83 a0 00 00 00 02 	mov    DWORD PTR [rbx+0xa0],0x2"	IMMEDIATE_2
0x1419B6FAB	0xA0	B_TO_C	WRITE_MOV	0x1419A853F	0x1419B9FB3	"   1419b6fab:	c7 83 a0 00 00 00 02 	mov    DWORD PTR [rbx+0xa0],0x2"	IMMEDIATE_2
0x1419B712C	0xA0	B_TO_C	WRITE_MOV	0x1419A853F	0x1419B9FB3	"   1419b712c:	c7 83 a0 00 00 00 02 	mov    DWORD PTR [rbx+0xa0],0x2"	IMMEDIATE_2
0x1419B732F	0xA0	B_TO_C	WRITE_MOV	0x1419A853F	0x1419B9FB3	"   1419b732f:	c7 83 a0 00 00 00 02 	mov    DWORD PTR [rbx+0xa0],0x2"	IMMEDIATE_2
0x1419B74AE	0xA0	B_TO_C	WRITE_MOV	0x1419A853F	0x1419B9FB3	"   1419b74ae:	c7 83 a0 00 00 00 02 	mov    DWORD PTR [rbx+0xa0],0x2"	IMMEDIATE_2
0x1419B76AF	0xA0	B_TO_C	WRITE_MOV	0x1419A853F	0x1419B9FB3	"   1419b76af:	c7 83 a0 00 00 00 02 	mov    DWORD PTR [rbx+0xa0],0x2"	IMMEDIATE_2
0x1419B7839	0xA0	B_TO_C	WRITE_MOV	0x1419A853F	0x1419B9FB3	"   1419b7839:	c7 83 a0 00 00 00 02 	mov    DWORD PTR [rbx+0xa0],0x2"	IMMEDIATE_2
0x1419B7A39	0xA0	B_TO_C	WRITE_MOV	0x1419A853F	0x1419B9FB3	"   1419b7a39:	c7 83 a0 00 00 00 02 	mov    DWORD PTR [rbx+0xa0],0x2"	IMMEDIATE_2
0x1419B7BC1	0xA0	B_TO_C	WRITE_MOV	0x1419A853F	0x1419B9FB3	"   1419b7bc1:	c7 83 a0 00 00 00 02 	mov    DWORD PTR [rbx+0xa0],0x2"	IMMEDIATE_2
0x1419B7DC1	0xA0	B_TO_C	WRITE_MOV	0x1419A853F	0x1419B9FB3	"   1419b7dc1:	c7 83 a0 00 00 00 02 	mov    DWORD PTR [rbx+0xa0],0x2"	IMMEDIATE_2
0x1419B7F49	0xA0	B_TO_C	WRITE_MOV	0x1419A853F	0x1419B9FB3	"   1419b7f49:	c7 83 a0 00 00 00 02 	mov    DWORD PTR [rbx+0xa0],0x2"	IMMEDIATE_2
0x1419B8149	0xA0	B_TO_C	WRITE_MOV	0x1419A853F	0x1419B9FB3	"   1419b8149:	c7 83 a0 00 00 00 02 	mov    DWORD PTR [rbx+0xa0],0x2"	IMMEDIATE_2
0x1419B82D1	0xA0	B_TO_C	WRITE_MOV	0x1419A853F	0x1419B9FB3	"   1419b82d1:	c7 83 a0 00 00 00 02 	mov    DWORD PTR [rbx+0xa0],0x2"	IMMEDIATE_2
0x1419B84D4	0xA0	B_TO_C	WRITE_MOV	0x1419A853F	0x1419B9FB3	"   1419b84d4:	c7 83 a0 00 00 00 02 	mov    DWORD PTR [rbx+0xa0],0x2"	IMMEDIATE_2
0x1419B865B	0xA0	B_TO_C	WRITE_MOV	0x1419A853F	0x1419B9FB3	"   1419b865b:	c7 83 a0 00 00 00 02 	mov    DWORD PTR [rbx+0xa0],0x2"	IMMEDIATE_2
0x1419B885C	0xA0	B_TO_C	WRITE_MOV	0x1419A853F	0x1419B9FB3	"   1419b885c:	c7 83 a0 00 00 00 02 	mov    DWORD PTR [rbx+0xa0],0x2"	IMMEDIATE_2
0x1419B89E6	0xA0	B_TO_C	WRITE_MOV	0x1419A853F	0x1419B9FB3	"   1419b89e6:	c7 83 a0 00 00 00 02 	mov    DWORD PTR [rbx+0xa0],0x2"	IMMEDIATE_2
0x1419B8BE6	0xA0	B_TO_C	WRITE_MOV	0x1419A853F	0x1419B9FB3	"   1419b8be6:	c7 83 a0 00 00 00 02 	mov    DWORD PTR [rbx+0xa0],0x2"	IMMEDIATE_2
0x1419B8D6E	0xA0	B_TO_C	WRITE_MOV	0x1419A853F	0x1419B9FB3	"   1419b8d6e:	c7 83 a0 00 00 00 02 	mov    DWORD PTR [rbx+0xa0],0x2"	IMMEDIATE_2
0x1419B8F6E	0xA0	B_TO_C	WRITE_MOV	0x1419A853F	0x1419B9FB3	"   1419b8f6e:	c7 83 a0 00 00 00 02 	mov    DWORD PTR [rbx+0xa0],0x2"	IMMEDIATE_2
0x1419B90F6	0xA0	B_TO_C	WRITE_MOV	0x1419A853F	0x1419B9FB3	"   1419b90f6:	c7 83 a0 00 00 00 02 	mov    DWORD PTR [rbx+0xa0],0x2"	IMMEDIATE_2
0x1419B92F6	0xA0	B_TO_C	WRITE_MOV	0x1419A853F	0x1419B9FB3	"   1419b92f6:	c7 83 a0 00 00 00 02 	mov    DWORD PTR [rbx+0xa0],0x2"	IMMEDIATE_2
0x1419B947E	0xA0	B_TO_C	WRITE_MOV	0x1419A853F	0x1419B9FB3	"   1419b947e:	c7 83 a0 00 00 00 02 	mov    DWORD PTR [rbx+0xa0],0x2"	IMMEDIATE_2
0x1419B9681	0xA0	B_TO_C	WRITE_MOV	0x1419A853F	0x1419B9FB3	"   1419b9681:	c7 83 a0 00 00 00 02 	mov    DWORD PTR [rbx+0xa0],0x2"	IMMEDIATE_2
0x1419B980B	0xA0	B_TO_C	WRITE_MOV	0x1419A853F	0x1419B9FB3	"   1419b980b:	c7 83 a0 00 00 00 02 	mov    DWORD PTR [rbx+0xa0],0x2"	IMMEDIATE_2
0x1419B9A05	0xA0	B_TO_C	WRITE_MOV	0x1419A853F	0x1419B9FB3	"   1419b9a05:	c7 83 a0 00 00 00 02 	mov    DWORD PTR [rbx+0xa0],0x2"	IMMEDIATE_2
0x1419DBA50	0xA0	B_TO_C	WRITE_MOV	0x1419DB699	0x1419DBB27	"   1419dba50:	c7 83 a0 00 00 00 02 	mov    DWORD PTR [rbx+0xa0],0x2"	IMMEDIATE_2
0x1419DF657	0xA0	B_TO_C	WRITE_MOV	0x1419DF5CC	0x1419DFD01	"   1419df657:	c7 83 a0 00 00 00 02 	mov    DWORD PTR [rbx+0xa0],0x2"	IMMEDIATE_2
0x1419DF7F5	0xA0	B_TO_C	WRITE_MOV	0x1419DF5CC	0x1419DFD01	"   1419df7f5:	c7 83 a0 00 00 00 02 	mov    DWORD PTR [rbx+0xa0],0x2"	IMMEDIATE_2
0x1419DF950	0xA0	B_TO_C	WRITE_MOV	0x1419DF5CC	0x1419DFD01	"   1419df950:	c7 83 a0 00 00 00 02 	mov    DWORD PTR [rbx+0xa0],0x2"	IMMEDIATE_2
0x1419DFAEE	0xA0	B_TO_C	WRITE_MOV	0x1419DF5CC	0x1419DFD01	"   1419dfaee:	c7 83 a0 00 00 00 02 	mov    DWORD PTR [rbx+0xa0],0x2"	IMMEDIATE_2
0x1419E3E9B	0xA0	B_TO_C	WRITE_MOV	0x1419E3C93	0x1419E40F2	"   1419e3e9b:	c7 83 a0 00 00 00 02 	mov    DWORD PTR [rbx+0xa0],0x2"	IMMEDIATE_2
0x1419E62D1	0xA0	B_TO_C	WRITE_MOV	0x1419E5FD2	0x1419E6AD1	"   1419e62d1:	c7 83 a0 00 00 00 02 	mov    DWORD PTR [rbx+0xa0],0x2"	IMMEDIATE_2
0x1419E6470	0xA0	B_TO_C	WRITE_MOV	0x1419E5FD2	0x1419E6AD1	"   1419e6470:	c7 83 a0 00 00 00 02 	mov    DWORD PTR [rbx+0xa0],0x2"	IMMEDIATE_2
0x1419EAFA9	0xA0	B_TO_C	WRITE_MOV	0x1419EAD53	0x1419EB08B	"   1419eafa9:	c7 83 a0 00 00 00 02 	mov    DWORD PTR [rbx+0xa0],0x2"	IMMEDIATE_2
0x1419F2B72	0xA0	B_TO_C	WRITE_MOV	0x1419F1676	0x1419F2C5C	"   1419f2b72:	c7 83 a0 00 00 00 02 	mov    DWORD PTR [rbx+0xa0],0x2"	IMMEDIATE_2
0x1419F6C32	0xA0	B_TO_C	WRITE_MOV	0x1419F6B7D	0x1419F6E5A	"   1419f6c32:	c7 83 a0 00 00 00 02 	mov    DWORD PTR [rbx+0xa0],0x2"	IMMEDIATE_2
0x1419F6EEA	0xA0	B_TO_C	WRITE_MOV	0x1419F6E5A	0x1419F6FBF	"   1419f6eea:	c7 83 a0 00 00 00 02 	mov    DWORD PTR [rbx+0xa0],0x2"	IMMEDIATE_2
0x1419FE1A0	0xA0	B_TO_C	WRITE_MOV	0x1419FDF1E	0x1419FE254	"   1419fe1a0:	c7 83 a0 00 00 00 02 	mov    DWORD PTR [rbx+0xa0],0x2"	IMMEDIATE_2
0x141A00D48	0xA0	B_TO_C	WRITE_MOV	0x141A006D1	0x141A00E08	"   141a00d48:	c7 83 a0 00 00 00 02 	mov    DWORD PTR [rbx+0xa0],0x2"	IMMEDIATE_2
0x141A037B6	0xA0	B_TO_C	WRITE_MOV	0x141A03534	0x141A0386A	"   141a037b6:	c7 83 a0 00 00 00 02 	mov    DWORD PTR [rbx+0xa0],0x2"	IMMEDIATE_2
0x141A06158	0xA0	B_TO_C	WRITE_MOV	0x141A05C18	0x141A0620C	"   141a06158:	c7 83 a0 00 00 00 02 	mov    DWORD PTR [rbx+0xa0],0x2"	IMMEDIATE_2
0x141A08C51	0xA0	B_TO_C	WRITE_MOV	0x141A085AF	0x141A08D0D	"   141a08c51:	c7 83 a0 00 00 00 02 	mov    DWORD PTR [rbx+0xa0],0x2"	IMMEDIATE_2
0x141A0B4FA	0xA0	B_TO_C	WRITE_MOV	0x141A0B35F	0x141A0B5AF	"   141a0b4fa:	c7 83 a0 00 00 00 02 	mov    DWORD PTR [rbx+0xa0],0x2"	IMMEDIATE_2
0x141A0D67D	0xA0	B_TO_C	WRITE_MOV	0x141A0D291	0x141A0D731	"   141a0d67d:	c7 83 a0 00 00 00 02 	mov    DWORD PTR [rbx+0xa0],0x2"	IMMEDIATE_2
0x141A107D2	0xA0	B_TO_C	WRITE_MOV	0x141A10394	0x141A1088C	"   141a107d2:	c7 83 a0 00 00 00 02 	mov    DWORD PTR [rbx+0xa0],0x2"	IMMEDIATE_2
0x141A12E04	0xA0	B_TO_C	WRITE_MOV	0x141A12D56	0x141A12EB1	"   141a12e04:	c7 83 a0 00 00 00 02 	mov    DWORD PTR [rbx+0xa0],0x2"	IMMEDIATE_2
0x141A12F43	0xA0	B_TO_C	WRITE_MOV	0x141A12EB1	0x141A12FF8	"   141a12f43:	c7 83 a0 00 00 00 02 	mov    DWORD PTR [rbx+0xa0],0x2"	IMMEDIATE_2
0x141A15962	0xA0	B_TO_C	WRITE_MOV	0x141A157C7	0x141A15A1B	"   141a15962:	c7 83 a0 00 00 00 02 	mov    DWORD PTR [rbx+0xa0],0x2"	IMMEDIATE_2
0x141A19306	0xA0	B_TO_C	WRITE_MOV	0x141A16359	0x141A19F31	"   141a19306:	c7 83 a0 00 00 00 02 	mov    DWORD PTR [rbx+0xa0],0x2"	IMMEDIATE_2
0x141A194A6	0xA0	B_TO_C	WRITE_MOV	0x141A16359	0x141A19F31	"   141a194a6:	c7 83 a0 00 00 00 02 	mov    DWORD PTR [rbx+0xa0],0x2"	IMMEDIATE_2
0x141A1964A	0xA0	B_TO_C	WRITE_MOV	0x141A16359	0x141A19F31	"   141a1964a:	c7 83 a0 00 00 00 02 	mov    DWORD PTR [rbx+0xa0],0x2"	IMMEDIATE_2
0x141A197EE	0xA0	B_TO_C	WRITE_MOV	0x141A16359	0x141A19F31	"   141a197ee:	c7 83 a0 00 00 00 02 	mov    DWORD PTR [rbx+0xa0],0x2"	IMMEDIATE_2
0x141A19999	0xA0	B_TO_C	WRITE_MOV	0x141A16359	0x141A19F31	"   141a19999:	c7 83 a0 00 00 00 02 	mov    DWORD PTR [rbx+0xa0],0x2"	IMMEDIATE_2
0x141A19B3D	0xA0	B_TO_C	WRITE_MOV	0x141A16359	0x141A19F31	"   141a19b3d:	c7 83 a0 00 00 00 02 	mov    DWORD PTR [rbx+0xa0],0x2"	IMMEDIATE_2
0x141A19CE1	0xA0	B_TO_C	WRITE_MOV	0x141A16359	0x141A19F31	"   141a19ce1:	c7 83 a0 00 00 00 02 	mov    DWORD PTR [rbx+0xa0],0x2"	IMMEDIATE_2
0x141A1A004	0xA0	B_TO_C	WRITE_MOV	0x141A19F31	0x141A1A282	"   141a1a004:	c7 83 a0 00 00 00 02 	mov    DWORD PTR [rbx+0xa0],0x2"	IMMEDIATE_2
0x141A1A1A6	0xA0	B_TO_C	WRITE_MOV	0x141A19F31	0x141A1A282	"   141a1a1a6:	c7 83 a0 00 00 00 02 	mov    DWORD PTR [rbx+0xa0],0x2"	IMMEDIATE_2
0x141A1D99B	0xA0	B_TO_C	WRITE_MOV	0x141A1AD84	0x141A1DA71	"   141a1d99b:	c7 83 a0 00 00 00 02 	mov    DWORD PTR [rbx+0xa0],0x2"	IMMEDIATE_2
0x141A1DB1F	0xA0	B_TO_C	WRITE_MOV	0x141A1DA71	0x141A1DBFC	"   141a1db1f:	c7 83 a0 00 00 00 02 	mov    DWORD PTR [rbx+0xa0],0x2"	IMMEDIATE_2
0x141A1DCCD	0xA0	B_TO_C	WRITE_MOV	0x141A1DBFC	0x141A1E736	"   141a1dccd:	c7 83 a0 00 00 00 02 	mov    DWORD PTR [rbx+0xa0],0x2"	IMMEDIATE_2
0x141A1DE72	0xA0	B_TO_C	WRITE_MOV	0x141A1DBFC	0x141A1E736	"   141a1de72:	c7 83 a0 00 00 00 02 	mov    DWORD PTR [rbx+0xa0],0x2"	IMMEDIATE_2
0x141A1E017	0xA0	B_TO_C	WRITE_MOV	0x141A1DBFC	0x141A1E736	"   141a1e017:	c7 83 a0 00 00 00 02 	mov    DWORD PTR [rbx+0xa0],0x2"	IMMEDIATE_2
0x141A1E1BC	0xA0	B_TO_C	WRITE_MOV	0x141A1DBFC	0x141A1E736	"   141a1e1bc:	c7 83 a0 00 00 00 02 	mov    DWORD PTR [rbx+0xa0],0x2"	IMMEDIATE_2
0x141A1E361	0xA0	B_TO_C	WRITE_MOV	0x141A1DBFC	0x141A1E736	"   141a1e361:	c7 83 a0 00 00 00 02 	mov    DWORD PTR [rbx+0xa0],0x2"	IMMEDIATE_2
0x141A1E506	0xA0	B_TO_C	WRITE_MOV	0x141A1DBFC	0x141A1E736	"   141a1e506:	c7 83 a0 00 00 00 02 	mov    DWORD PTR [rbx+0xa0],0x2"	IMMEDIATE_2
0x141A219D6	0xA0	B_TO_C	WRITE_MOV	0x141A21811	0x141A21F71	"   141a219d6:	c7 83 a0 00 00 00 02 	mov    DWORD PTR [rbx+0xa0],0x2"	IMMEDIATE_2
0x141A21B6E	0xA0	B_TO_C	WRITE_MOV	0x141A21811	0x141A21F71	"   141a21b6e:	c7 83 a0 00 00 00 02 	mov    DWORD PTR [rbx+0xa0],0x2"	IMMEDIATE_2
0x141A21D06	0xA0	B_TO_C	WRITE_MOV	0x141A21811	0x141A21F71	"   141a21d06:	c7 83 a0 00 00 00 02 	mov    DWORD PTR [rbx+0xa0],0x2"	IMMEDIATE_2
0x141A21E9E	0xA0	B_TO_C	WRITE_MOV	0x141A21811	0x141A21F71	"   141a21e9e:	c7 83 a0 00 00 00 02 	mov    DWORD PTR [rbx+0xa0],0x2"	IMMEDIATE_2
0x141A254DC	0xA0	B_TO_C	WRITE_MOV	0x141A2531F	0x141A25F3C	"   141a254dc:	c7 83 a0 00 00 00 02 	mov    DWORD PTR [rbx+0xa0],0x2"	IMMEDIATE_2
0x141A2567A	0xA0	B_TO_C	WRITE_MOV	0x141A2531F	0x141A25F3C	"   141a2567a:	c7 83 a0 00 00 00 02 	mov    DWORD PTR [rbx+0xa0],0x2"	IMMEDIATE_2
0x141A25812	0xA0	B_TO_C	WRITE_MOV	0x141A2531F	0x141A25F3C	"   141a25812:	c7 83 a0 00 00 00 02 	mov    DWORD PTR [rbx+0xa0],0x2"	IMMEDIATE_2
0x141A259A8	0xA0	B_TO_C	WRITE_MOV	0x141A2531F	0x141A25F3C	"   141a259a8:	c7 83 a0 00 00 00 02 	mov    DWORD PTR [rbx+0xa0],0x2"	IMMEDIATE_2
0x141A25B40	0xA0	B_TO_C	WRITE_MOV	0x141A2531F	0x141A25F3C	"   141a25b40:	c7 83 a0 00 00 00 02 	mov    DWORD PTR [rbx+0xa0],0x2"	IMMEDIATE_2
0x141A25CD6	0xA0	B_TO_C	WRITE_MOV	0x141A2531F	0x141A25F3C	"   141a25cd6:	c7 83 a0 00 00 00 02 	mov    DWORD PTR [rbx+0xa0],0x2"	IMMEDIATE_2
0x141A25E6E	0xA0	B_TO_C	WRITE_MOV	0x141A2531F	0x141A25F3C	"   141a25e6e:	c7 83 a0 00 00 00 02 	mov    DWORD PTR [rbx+0xa0],0x2"	IMMEDIATE_2
0x141A2600D	0xA0	B_TO_C	WRITE_MOV	0x141A25F3C	0x141A260DF	"   141a2600d:	c7 83 a0 00 00 00 02 	mov    DWORD PTR [rbx+0xa0],0x2"	IMMEDIATE_2
0x141A28F9D	0xA0	B_TO_C	WRITE_MOV	0x141A28BAE	0x141A29059	"   141a28f9d:	c7 83 a0 00 00 00 02 	mov    DWORD PTR [rbx+0xa0],0x2"	IMMEDIATE_2
0x141A2910A	0xA0	B_TO_C	WRITE_MOV	0x141A29059	0x141A291C4	"   141a2910a:	c7 83 a0 00 00 00 02 	mov    DWORD PTR [rbx+0xa0],0x2"	IMMEDIATE_2
0x141A29275	0xA0	B_TO_C	WRITE_MOV	0x141A291C4	0x141A2949A	"   141a29275:	c7 83 a0 00 00 00 02 	mov    DWORD PTR [rbx+0xa0],0x2"	IMMEDIATE_2
0x141A293D9	0xA0	B_TO_C	WRITE_MOV	0x141A291C4	0x141A2949A	"   141a293d9:	c7 83 a0 00 00 00 02 	mov    DWORD PTR [rbx+0xa0],0x2"	IMMEDIATE_2
0x141A31FF8	0xA0	B_TO_C	WRITE_MOV	0x141A2F0AA	0x141A320BC	"   141a31ff8:	c7 83 a0 00 00 00 02 	mov    DWORD PTR [rbx+0xa0],0x2"	IMMEDIATE_2
0x141A32171	0xA0	B_TO_C	WRITE_MOV	0x141A320BC	0x141A32230	"   141a32171:	c7 83 a0 00 00 00 02 	mov    DWORD PTR [rbx+0xa0],0x2"	IMMEDIATE_2
0x141A322E4	0xA0	B_TO_C	WRITE_MOV	0x141A32230	0x141A3239E	"   141a322e4:	c7 83 a0 00 00 00 02 	mov    DWORD PTR [rbx+0xa0],0x2"	IMMEDIATE_2
0x141A32452	0xA0	B_TO_C	WRITE_MOV	0x141A3239E	0x141A3267D	"   141a32452:	c7 83 a0 00 00 00 02 	mov    DWORD PTR [rbx+0xa0],0x2"	IMMEDIATE_2
0x141A325BF	0xA0	B_TO_C	WRITE_MOV	0x141A3239E	0x141A3267D	"   141a325bf:	c7 83 a0 00 00 00 02 	mov    DWORD PTR [rbx+0xa0],0x2"	IMMEDIATE_2
0x141A32732	0xA0	B_TO_C	WRITE_MOV	0x141A3267D	0x141A327F3	"   141a32732:	c7 83 a0 00 00 00 02 	mov    DWORD PTR [rbx+0xa0],0x2"	IMMEDIATE_2
0x141A328A8	0xA0	B_TO_C	WRITE_MOV	0x141A327F3	0x141A32978	"   141a328a8:	c7 83 a0 00 00 00 02 	mov    DWORD PTR [rbx+0xa0],0x2"	IMMEDIATE_2
0x141A35C1E	0xA0	B_TO_C	WRITE_MOV	0x141A3368A	0x141A363DD	"   141a35c1e:	c7 83 a0 00 00 00 02 	mov    DWORD PTR [rbx+0xa0],0x2"	IMMEDIATE_2
0x141A35D83	0xA0	B_TO_C	WRITE_MOV	0x141A3368A	0x141A363DD	"   141a35d83:	c7 83 a0 00 00 00 02 	mov    DWORD PTR [rbx+0xa0],0x2"	IMMEDIATE_2
0x141A35EE7	0xA0	B_TO_C	WRITE_MOV	0x141A3368A	0x141A363DD	"   141a35ee7:	c7 83 a0 00 00 00 02 	mov    DWORD PTR [rbx+0xa0],0x2"	IMMEDIATE_2
0x141A3604C	0xA0	B_TO_C	WRITE_MOV	0x141A3368A	0x141A363DD	"   141a3604c:	c7 83 a0 00 00 00 02 	mov    DWORD PTR [rbx+0xa0],0x2"	IMMEDIATE_2
0x141A361B9	0xA0	B_TO_C	WRITE_MOV	0x141A3368A	0x141A363DD	"   141a361b9:	c7 83 a0 00 00 00 02 	mov    DWORD PTR [rbx+0xa0],0x2"	IMMEDIATE_2
0x141A36323	0xA0	B_TO_C	WRITE_MOV	0x141A3368A	0x141A363DD	"   141a36323:	c7 83 a0 00 00 00 02 	mov    DWORD PTR [rbx+0xa0],0x2"	IMMEDIATE_2
0x141A3648E	0xA0	B_TO_C	WRITE_MOV	0x141A363DD	0x141A366B2	"   141a3648e:	c7 83 a0 00 00 00 02 	mov    DWORD PTR [rbx+0xa0],0x2"	IMMEDIATE_2
0x141A365F8	0xA0	B_TO_C	WRITE_MOV	0x141A363DD	0x141A366B2	"   141a365f8:	c7 83 a0 00 00 00 02 	mov    DWORD PTR [rbx+0xa0],0x2"	IMMEDIATE_2
0x141A36763	0xA0	B_TO_C	WRITE_MOV	0x141A366B2	0x141A371FA	"   141a36763:	c7 83 a0 00 00 00 02 	mov    DWORD PTR [rbx+0xa0],0x2"	IMMEDIATE_2
0x141A368C7	0xA0	B_TO_C	WRITE_MOV	0x141A366B2	0x141A371FA	"   141a368c7:	c7 83 a0 00 00 00 02 	mov    DWORD PTR [rbx+0xa0],0x2"	IMMEDIATE_2
0x141A36A2C	0xA0	B_TO_C	WRITE_MOV	0x141A366B2	0x141A371FA	"   141a36a2c:	c7 83 a0 00 00 00 02 	mov    DWORD PTR [rbx+0xa0],0x2"	IMMEDIATE_2
0x141A36B96	0xA0	B_TO_C	WRITE_MOV	0x141A366B2	0x141A371FA	"   141a36b96:	c7 83 a0 00 00 00 02 	mov    DWORD PTR [rbx+0xa0],0x2"	IMMEDIATE_2
0x141A36D01	0xA0	B_TO_C	WRITE_MOV	0x141A366B2	0x141A371FA	"   141a36d01:	c7 83 a0 00 00 00 02 	mov    DWORD PTR [rbx+0xa0],0x2"	IMMEDIATE_2
0x141A36E6B	0xA0	B_TO_C	WRITE_MOV	0x141A366B2	0x141A371FA	"   141a36e6b:	c7 83 a0 00 00 00 02 	mov    DWORD PTR [rbx+0xa0],0x2"	IMMEDIATE_2
0x141A36FD6	0xA0	B_TO_C	WRITE_MOV	0x141A366B2	0x141A371FA	"   141a36fd6:	c7 83 a0 00 00 00 02 	mov    DWORD PTR [rbx+0xa0],0x2"	IMMEDIATE_2
0x141A37140	0xA0	B_TO_C	WRITE_MOV	0x141A366B2	0x141A371FA	"   141a37140:	c7 83 a0 00 00 00 02 	mov    DWORD PTR [rbx+0xa0],0x2"	IMMEDIATE_2
0x141A372AB	0xA0	B_TO_C	WRITE_MOV	0x141A371FA	0x141A37369	"   141a372ab:	c7 83 a0 00 00 00 02 	mov    DWORD PTR [rbx+0xa0],0x2"	IMMEDIATE_2
0x141A3E839	0xA0	B_TO_C	WRITE_MOV	0x141A3E788	0x141A3E8FD	"   141a3e839:	c7 83 a0 00 00 00 02 	mov    DWORD PTR [rbx+0xa0],0x2"	IMMEDIATE_2
0x141A4A3EA	0xA0	B_TO_C	WRITE_MOV	0x141A4A225	0x141A4A659	"   141a4a3ea:	c7 83 a0 00 00 00 02 	mov    DWORD PTR [rbx+0xa0],0x2"	IMMEDIATE_2
0x141A4A582	0xA0	B_TO_C	WRITE_MOV	0x141A4A225	0x141A4A659	"   141a4a582:	c7 83 a0 00 00 00 02 	mov    DWORD PTR [rbx+0xa0],0x2"	IMMEDIATE_2
0x141A4D964	0xA0	B_TO_C	WRITE_MOV	0x141A4D8B6	0x141A4DA0F	"   141a4d964:	c7 83 a0 00 00 00 02 	mov    DWORD PTR [rbx+0xa0],0x2"	IMMEDIATE_2
0x141A50A0F	0xA0	B_TO_C	WRITE_MOV	0x141A50778	0x141A50ABD	"   141a50a0f:	c7 83 a0 00 00 00 02 	mov    DWORD PTR [rbx+0xa0],0x2"	IMMEDIATE_2
0x141A50B5E	0xA0	B_TO_C	WRITE_MOV	0x141A50ABD	0x141A50C06	"   141a50b5e:	c7 83 a0 00 00 00 02 	mov    DWORD PTR [rbx+0xa0],0x2"	IMMEDIATE_2
0x141A5C67E	0xA0	B_TO_C	WRITE_MOV	0x141A5C5D1	0x141A5CE5A	"   141a5c67e:	c7 83 a0 00 00 00 02 	mov    DWORD PTR [rbx+0xa0],0x2"	IMMEDIATE_2
0x141A5C80B	0xA0	B_TO_C	WRITE_MOV	0x141A5C5D1	0x141A5CE5A	"   141a5c80b:	c7 83 a0 00 00 00 02 	mov    DWORD PTR [rbx+0xa0],0x2"	IMMEDIATE_2
0x141A5C98F	0xA0	B_TO_C	WRITE_MOV	0x141A5C5D1	0x141A5CE5A	"   141a5c98f:	c7 83 a0 00 00 00 02 	mov    DWORD PTR [rbx+0xa0],0x2"	IMMEDIATE_2
0x141A5CB19	0xA0	B_TO_C	WRITE_MOV	0x141A5C5D1	0x141A5CE5A	"   141a5cb19:	c7 83 a0 00 00 00 02 	mov    DWORD PTR [rbx+0xa0],0x2"	IMMEDIATE_2
0x141A5CD9E	0xA0	B_TO_C	WRITE_MOV	0x141A5C5D1	0x141A5CE5A	"   141a5cd9e:	c7 83 a0 00 00 00 02 	mov    DWORD PTR [rbx+0xa0],0x2"	IMMEDIATE_2
0x141A5CF20	0xA0	B_TO_C	WRITE_MOV	0x141A5CE5A	0x141A5CFE5	"   141a5cf20:	c7 83 a0 00 00 00 02 	mov    DWORD PTR [rbx+0xa0],0x2"	IMMEDIATE_2
0x141A5D0AB	0xA0	B_TO_C	WRITE_MOV	0x141A5CFE5	0x141A5D16C	"   141a5d0ab:	c7 83 a0 00 00 00 02 	mov    DWORD PTR [rbx+0xa0],0x2"	IMMEDIATE_2
0x141A5D231	0xA0	B_TO_C	WRITE_MOV	0x141A5D16C	0x141A5D2FC	"   141a5d231:	c7 83 a0 00 00 00 02 	mov    DWORD PTR [rbx+0xa0],0x2"	IMMEDIATE_2
0x141A60C67	0xA0	B_TO_C	WRITE_MOV	0x141A60ABA	0x141A60D0B	"   141a60c67:	c7 83 a0 00 00 00 02 	mov    DWORD PTR [rbx+0xa0],0x2"	IMMEDIATE_2
0x141A8EE72	0xA0	B_TO_C	WRITE_MOV	0x141A8E27F	0x141A95CE3	"   141a8ee72:	c7 80 a0 00 00 00 02 	mov    DWORD PTR [rax+0xa0],0x2"	IMMEDIATE_2
0x141A8EFFA	0xA0	B_TO_C	WRITE_MOV	0x141A8E27F	0x141A95CE3	"   141a8effa:	c7 83 a0 00 00 00 02 	mov    DWORD PTR [rbx+0xa0],0x2"	IMMEDIATE_2
0x141A8F181	0xA0	B_TO_C	WRITE_MOV	0x141A8E27F	0x141A95CE3	"   141a8f181:	c7 83 a0 00 00 00 02 	mov    DWORD PTR [rbx+0xa0],0x2"	IMMEDIATE_2
0x141A8F308	0xA0	B_TO_C	WRITE_MOV	0x141A8E27F	0x141A95CE3	"   141a8f308:	c7 83 a0 00 00 00 02 	mov    DWORD PTR [rbx+0xa0],0x2"	IMMEDIATE_2
0x141A8F48C	0xA0	B_TO_C	WRITE_MOV	0x141A8E27F	0x141A95CE3	"   141a8f48c:	c7 83 a0 00 00 00 02 	mov    DWORD PTR [rbx+0xa0],0x2"	IMMEDIATE_2
0x141A8F611	0xA0	B_TO_C	WRITE_MOV	0x141A8E27F	0x141A95CE3	"   141a8f611:	c7 83 a0 00 00 00 02 	mov    DWORD PTR [rbx+0xa0],0x2"	IMMEDIATE_2
0x141A8F795	0xA0	B_TO_C	WRITE_MOV	0x141A8E27F	0x141A95CE3	"   141a8f795:	c7 83 a0 00 00 00 02 	mov    DWORD PTR [rbx+0xa0],0x2"	IMMEDIATE_2
0x141A8F91A	0xA0	B_TO_C	WRITE_MOV	0x141A8E27F	0x141A95CE3	"   141a8f91a:	c7 83 a0 00 00 00 02 	mov    DWORD PTR [rbx+0xa0],0x2"	IMMEDIATE_2
0x141A8FAA1	0xA0	B_TO_C	WRITE_MOV	0x141A8E27F	0x141A95CE3	"   141a8faa1:	c7 83 a0 00 00 00 02 	mov    DWORD PTR [rbx+0xa0],0x2"	IMMEDIATE_2
0x141A8FC25	0xA0	B_TO_C	WRITE_MOV	0x141A8E27F	0x141A95CE3	"   141a8fc25:	c7 83 a0 00 00 00 02 	mov    DWORD PTR [rbx+0xa0],0x2"	IMMEDIATE_2
0x141A8FDB0	0xA0	B_TO_C	WRITE_MOV	0x141A8E27F	0x141A95CE3	"   141a8fdb0:	c7 83 a0 00 00 00 02 	mov    DWORD PTR [rbx+0xa0],0x2"	IMMEDIATE_2
0x141A8FF58	0xA0	B_TO_C	WRITE_MOV	0x141A8E27F	0x141A95CE3	"   141a8ff58:	c7 83 a0 00 00 00 02 	mov    DWORD PTR [rbx+0xa0],0x2"	IMMEDIATE_2
0x141A90101	0xA0	B_TO_C	WRITE_MOV	0x141A8E27F	0x141A95CE3	"   141a90101:	c7 83 a0 00 00 00 02 	mov    DWORD PTR [rbx+0xa0],0x2"	IMMEDIATE_2
0x141A902AC	0xA0	B_TO_C	WRITE_MOV	0x141A8E27F	0x141A95CE3	"   141a902ac:	c7 83 a0 00 00 00 02 	mov    DWORD PTR [rbx+0xa0],0x2"	IMMEDIATE_2
0x141A90454	0xA0	B_TO_C	WRITE_MOV	0x141A8E27F	0x141A95CE3	"   141a90454:	c7 83 a0 00 00 00 02 	mov    DWORD PTR [rbx+0xa0],0x2"	IMMEDIATE_2
0x141A905F4	0xA0	B_TO_C	WRITE_MOV	0x141A8E27F	0x141A95CE3	"   141a905f4:	c7 83 a0 00 00 00 02 	mov    DWORD PTR [rbx+0xa0],0x2"	IMMEDIATE_2
0x141A91EC2	0xA0	B_TO_C	WRITE_MOV	0x141A8E27F	0x141A95CE3	"   141a91ec2:	c7 83 a0 00 00 00 02 	mov    DWORD PTR [rbx+0xa0],0x2"	IMMEDIATE_2
0x141A92063	0xA0	B_TO_C	WRITE_MOV	0x141A8E27F	0x141A95CE3	"   141a92063:	c7 83 a0 00 00 00 02 	mov    DWORD PTR [rbx+0xa0],0x2"	IMMEDIATE_2
0x141A92204	0xA0	B_TO_C	WRITE_MOV	0x141A8E27F	0x141A95CE3	"   141a92204:	c7 83 a0 00 00 00 02 	mov    DWORD PTR [rbx+0xa0],0x2"	IMMEDIATE_2
0x141A923A5	0xA0	B_TO_C	WRITE_MOV	0x141A8E27F	0x141A95CE3	"   141a923a5:	c7 83 a0 00 00 00 02 	mov    DWORD PTR [rbx+0xa0],0x2"	IMMEDIATE_2
0x141A9254E	0xA0	B_TO_C	WRITE_MOV	0x141A8E27F	0x141A95CE3	"   141a9254e:	c7 83 a0 00 00 00 02 	mov    DWORD PTR [rbx+0xa0],0x2"	IMMEDIATE_2
0x141A926FF	0xA0	B_TO_C	WRITE_MOV	0x141A8E27F	0x141A95CE3	"   141a926ff:	c7 83 a0 00 00 00 02 	mov    DWORD PTR [rbx+0xa0],0x2"	IMMEDIATE_2
0x141A92928	0xA0	B_TO_C	WRITE_MOV	0x141A8E27F	0x141A95CE3	"   141a92928:	c7 83 a0 00 00 00 02 	mov    DWORD PTR [rbx+0xa0],0x2"	IMMEDIATE_2
0x141A92B48	0xA0	B_TO_C	WRITE_MOV	0x141A8E27F	0x141A95CE3	"   141a92b48:	c7 83 a0 00 00 00 02 	mov    DWORD PTR [rbx+0xa0],0x2"	IMMEDIATE_2
0x141A92D68	0xA0	B_TO_C	WRITE_MOV	0x141A8E27F	0x141A95CE3	"   141a92d68:	c7 83 a0 00 00 00 02 	mov    DWORD PTR [rbx+0xa0],0x2"	IMMEDIATE_2
0x141A92F88	0xA0	B_TO_C	WRITE_MOV	0x141A8E27F	0x141A95CE3	"   141a92f88:	c7 83 a0 00 00 00 02 	mov    DWORD PTR [rbx+0xa0],0x2"	IMMEDIATE_2
0x141A931A8	0xA0	B_TO_C	WRITE_MOV	0x141A8E27F	0x141A95CE3	"   141a931a8:	c7 83 a0 00 00 00 02 	mov    DWORD PTR [rbx+0xa0],0x2"	IMMEDIATE_2
0x141A933C8	0xA0	B_TO_C	WRITE_MOV	0x141A8E27F	0x141A95CE3	"   141a933c8:	c7 83 a0 00 00 00 02 	mov    DWORD PTR [rbx+0xa0],0x2"	IMMEDIATE_2
0x141A9358D	0xA0	B_TO_C	WRITE_MOV	0x141A8E27F	0x141A95CE3	"   141a9358d:	c7 83 a0 00 00 00 02 	mov    DWORD PTR [rbx+0xa0],0x2"	IMMEDIATE_2
0x141A9372E	0xA0	B_TO_C	WRITE_MOV	0x141A8E27F	0x141A95CE3	"   141a9372e:	c7 83 a0 00 00 00 02 	mov    DWORD PTR [rbx+0xa0],0x2"	IMMEDIATE_2
0x141A938D7	0xA0	B_TO_C	WRITE_MOV	0x141A8E27F	0x141A95CE3	"   141a938d7:	c7 83 a0 00 00 00 02 	mov    DWORD PTR [rbx+0xa0],0x2"	IMMEDIATE_2
0x141A93A80	0xA0	B_TO_C	WRITE_MOV	0x141A8E27F	0x141A95CE3	"   141a93a80:	c7 83 a0 00 00 00 02 	mov    DWORD PTR [rbx+0xa0],0x2"	IMMEDIATE_2
0x141A93C1B	0xA0	B_TO_C	WRITE_MOV	0x141A8E27F	0x141A95CE3	"   141a93c1b:	c7 80 a0 00 00 00 02 	mov    DWORD PTR [rax+0xa0],0x2"	IMMEDIATE_2
0x141A93DBE	0xA0	B_TO_C	WRITE_MOV	0x141A8E27F	0x141A95CE3	"   141a93dbe:	c7 83 a0 00 00 00 02 	mov    DWORD PTR [rbx+0xa0],0x2"	IMMEDIATE_2
0x141A93F60	0xA0	B_TO_C	WRITE_MOV	0x141A8E27F	0x141A95CE3	"   141a93f60:	c7 83 a0 00 00 00 02 	mov    DWORD PTR [rbx+0xa0],0x2"	IMMEDIATE_2
0x141A94102	0xA0	B_TO_C	WRITE_MOV	0x141A8E27F	0x141A95CE3	"   141a94102:	c7 83 a0 00 00 00 02 	mov    DWORD PTR [rbx+0xa0],0x2"	IMMEDIATE_2
0x141A942AC	0xA0	B_TO_C	WRITE_MOV	0x141A8E27F	0x141A95CE3	"   141a942ac:	c7 83 a0 00 00 00 02 	mov    DWORD PTR [rbx+0xa0],0x2"	IMMEDIATE_2
0x141A9445E	0xA0	B_TO_C	WRITE_MOV	0x141A8E27F	0x141A95CE3	"   141a9445e:	c7 83 a0 00 00 00 02 	mov    DWORD PTR [rbx+0xa0],0x2"	IMMEDIATE_2
0x141A94610	0xA0	B_TO_C	WRITE_MOV	0x141A8E27F	0x141A95CE3	"   141a94610:	c7 83 a0 00 00 00 02 	mov    DWORD PTR [rbx+0xa0],0x2"	IMMEDIATE_2
0x141A947C2	0xA0	B_TO_C	WRITE_MOV	0x141A8E27F	0x141A95CE3	"   141a947c2:	c7 83 a0 00 00 00 02 	mov    DWORD PTR [rbx+0xa0],0x2"	IMMEDIATE_2
0x141A94974	0xA0	B_TO_C	WRITE_MOV	0x141A8E27F	0x141A95CE3	"   141a94974:	c7 83 a0 00 00 00 02 	mov    DWORD PTR [rbx+0xa0],0x2"	IMMEDIATE_2
0x141A94B26	0xA0	B_TO_C	WRITE_MOV	0x141A8E27F	0x141A95CE3	"   141a94b26:	c7 83 a0 00 00 00 02 	mov    DWORD PTR [rbx+0xa0],0x2"	IMMEDIATE_2
0x141A94CD8	0xA0	B_TO_C	WRITE_MOV	0x141A8E27F	0x141A95CE3	"   141a94cd8:	c7 83 a0 00 00 00 02 	mov    DWORD PTR [rbx+0xa0],0x2"	IMMEDIATE_2
0x141A94E8A	0xA0	B_TO_C	WRITE_MOV	0x141A8E27F	0x141A95CE3	"   141a94e8a:	c7 83 a0 00 00 00 02 	mov    DWORD PTR [rbx+0xa0],0x2"	IMMEDIATE_2
0x141A95034	0xA0	B_TO_C	WRITE_MOV	0x141A8E27F	0x141A95CE3	"   141a95034:	c7 83 a0 00 00 00 02 	mov    DWORD PTR [rbx+0xa0],0x2"	IMMEDIATE_2
0x141A951D6	0xA0	B_TO_C	WRITE_MOV	0x141A8E27F	0x141A95CE3	"   141a951d6:	c7 83 a0 00 00 00 02 	mov    DWORD PTR [rbx+0xa0],0x2"	IMMEDIATE_2
0x141A95380	0xA0	B_TO_C	WRITE_MOV	0x141A8E27F	0x141A95CE3	"   141a95380:	c7 83 a0 00 00 00 02 	mov    DWORD PTR [rbx+0xa0],0x2"	IMMEDIATE_2
0x141A9552A	0xA0	B_TO_C	WRITE_MOV	0x141A8E27F	0x141A95CE3	"   141a9552a:	c7 83 a0 00 00 00 02 	mov    DWORD PTR [rbx+0xa0],0x2"	IMMEDIATE_2
0x141A956E3	0xA0	B_TO_C	WRITE_MOV	0x141A8E27F	0x141A95CE3	"   141a956e3:	c7 83 a0 00 00 00 02 	mov    DWORD PTR [rbx+0xa0],0x2"	IMMEDIATE_2
0x141A95884	0xA0	B_TO_C	WRITE_MOV	0x141A8E27F	0x141A95CE3	"   141a95884:	c7 83 a0 00 00 00 02 	mov    DWORD PTR [rbx+0xa0],0x2"	IMMEDIATE_2
0x141A95A25	0xA0	B_TO_C	WRITE_MOV	0x141A8E27F	0x141A95CE3	"   141a95a25:	c7 83 a0 00 00 00 02 	mov    DWORD PTR [rbx+0xa0],0x2"	IMMEDIATE_2
0x141A95BC6	0xA0	B_TO_C	WRITE_MOV	0x141A8E27F	0x141A95CE3	"   141a95bc6:	c7 83 a0 00 00 00 02 	mov    DWORD PTR [rbx+0xa0],0x2"	IMMEDIATE_2
0x141A95D79	0xA0	B_TO_C	WRITE_MOV	0x141A95CE3	0x141A95E96	"   141a95d79:	c7 83 a0 00 00 00 02 	mov    DWORD PTR [rbx+0xa0],0x2"	IMMEDIATE_2
0x141A95F2C	0xA0	B_TO_C	WRITE_MOV	0x141A95E96	0x141A966F1	"   141a95f2c:	c7 83 a0 00 00 00 02 	mov    DWORD PTR [rbx+0xa0],0x2"	IMMEDIATE_2
0x141A960D6	0xA0	B_TO_C	WRITE_MOV	0x141A95E96	0x141A966F1	"   141a960d6:	c7 83 a0 00 00 00 02 	mov    DWORD PTR [rbx+0xa0],0x2"	IMMEDIATE_2
0x141A96280	0xA0	B_TO_C	WRITE_MOV	0x141A95E96	0x141A966F1	"   141a96280:	c7 83 a0 00 00 00 02 	mov    DWORD PTR [rbx+0xa0],0x2"	IMMEDIATE_2
0x141A9642A	0xA0	B_TO_C	WRITE_MOV	0x141A95E96	0x141A966F1	"   141a9642a:	c7 83 a0 00 00 00 02 	mov    DWORD PTR [rbx+0xa0],0x2"	IMMEDIATE_2
0x141A965D4	0xA0	B_TO_C	WRITE_MOV	0x141A95E96	0x141A966F1	"   141a965d4:	c7 83 a0 00 00 00 02 	mov    DWORD PTR [rbx+0xa0],0x2"	IMMEDIATE_2
0x141A96787	0xA0	B_TO_C	WRITE_MOV	0x141A966F1	0x141A96A45	"   141a96787:	c7 83 a0 00 00 00 02 	mov    DWORD PTR [rbx+0xa0],0x2"	IMMEDIATE_2
0x141A96931	0xA0	B_TO_C	WRITE_MOV	0x141A966F1	0x141A96A45	"   141a96931:	c7 83 a0 00 00 00 02 	mov    DWORD PTR [rbx+0xa0],0x2"	IMMEDIATE_2
0x141A96ADB	0xA0	B_TO_C	WRITE_MOV	0x141A96A45	0x141A96D99	"   141a96adb:	c7 83 a0 00 00 00 02 	mov    DWORD PTR [rbx+0xa0],0x2"	IMMEDIATE_2
0x141A96C7C	0xA0	B_TO_C	WRITE_MOV	0x141A96A45	0x141A96D99	"   141a96c7c:	c7 83 a0 00 00 00 02 	mov    DWORD PTR [rbx+0xa0],0x2"	IMMEDIATE_2
0x141A96E2F	0xA0	B_TO_C	WRITE_MOV	0x141A96D99	0x141A96F43	"   141a96e2f:	c7 83 a0 00 00 00 02 	mov    DWORD PTR [rbx+0xa0],0x2"	IMMEDIATE_2
0x141A96FD9	0xA0	B_TO_C	WRITE_MOV	0x141A96F43	0x141A970FC	"   141a96fd9:	c7 83 a0 00 00 00 02 	mov    DWORD PTR [rbx+0xa0],0x2"	IMMEDIATE_2
0x141A98654	0xA0	B_TO_C	WRITE_MOV	0x141A97A8D	0x141A9A9DA	"   141a98654:	c7 83 a0 00 00 00 02 	mov    DWORD PTR [rbx+0xa0],0x2"	IMMEDIATE_2
0x141A987C8	0xA0	B_TO_C	WRITE_MOV	0x141A97A8D	0x141A9A9DA	"   141a987c8:	c7 83 a0 00 00 00 02 	mov    DWORD PTR [rbx+0xa0],0x2"	IMMEDIATE_2
0x141A98939	0xA0	B_TO_C	WRITE_MOV	0x141A97A8D	0x141A9A9DA	"   141a98939:	c7 83 a0 00 00 00 02 	mov    DWORD PTR [rbx+0xa0],0x2"	IMMEDIATE_2
0x141A98AAA	0xA0	B_TO_C	WRITE_MOV	0x141A97A8D	0x141A9A9DA	"   141a98aaa:	c7 83 a0 00 00 00 02 	mov    DWORD PTR [rbx+0xa0],0x2"	IMMEDIATE_2
0x141A98C1B	0xA0	B_TO_C	WRITE_MOV	0x141A97A8D	0x141A9A9DA	"   141a98c1b:	c7 83 a0 00 00 00 02 	mov    DWORD PTR [rbx+0xa0],0x2"	IMMEDIATE_2
0x141A98D8C	0xA0	B_TO_C	WRITE_MOV	0x141A97A8D	0x141A9A9DA	"   141a98d8c:	c7 83 a0 00 00 00 02 	mov    DWORD PTR [rbx+0xa0],0x2"	IMMEDIATE_2
0x141A98EFD	0xA0	B_TO_C	WRITE_MOV	0x141A97A8D	0x141A9A9DA	"   141a98efd:	c7 83 a0 00 00 00 02 	mov    DWORD PTR [rbx+0xa0],0x2"	IMMEDIATE_2
0x141A9906E	0xA0	B_TO_C	WRITE_MOV	0x141A97A8D	0x141A9A9DA	"   141a9906e:	c7 83 a0 00 00 00 02 	mov    DWORD PTR [rbx+0xa0],0x2"	IMMEDIATE_2
0x141A991DF	0xA0	B_TO_C	WRITE_MOV	0x141A97A8D	0x141A9A9DA	"   141a991df:	c7 83 a0 00 00 00 02 	mov    DWORD PTR [rbx+0xa0],0x2"	IMMEDIATE_2
0x141A99347	0xA0	B_TO_C	WRITE_MOV	0x141A97A8D	0x141A9A9DA	"   141a99347:	c7 83 a0 00 00 00 02 	mov    DWORD PTR [rbx+0xa0],0x2"	IMMEDIATE_2
0x141A994AD	0xA0	B_TO_C	WRITE_MOV	0x141A97A8D	0x141A9A9DA	"   141a994ad:	c7 83 a0 00 00 00 02 	mov    DWORD PTR [rbx+0xa0],0x2"	IMMEDIATE_2
0x141A9A4AB	0xA0	B_TO_C	WRITE_MOV	0x141A97A8D	0x141A9A9DA	"   141a9a4ab:	c7 83 a0 00 00 00 02 	mov    DWORD PTR [rbx+0xa0],0x2"	IMMEDIATE_2
0x141A9A616	0xA0	B_TO_C	WRITE_MOV	0x141A97A8D	0x141A9A9DA	"   141a9a616:	c7 83 a0 00 00 00 02 	mov    DWORD PTR [rbx+0xa0],0x2"	IMMEDIATE_2
0x141A9A77E	0xA0	B_TO_C	WRITE_MOV	0x141A97A8D	0x141A9A9DA	"   141a9a77e:	c7 83 a0 00 00 00 02 	mov    DWORD PTR [rbx+0xa0],0x2"	IMMEDIATE_2
0x141A9A8E6	0xA0	B_TO_C	WRITE_MOV	0x141A97A8D	0x141A9A9DA	"   141a9a8e6:	c7 83 a0 00 00 00 02 	mov    DWORD PTR [rbx+0xa0],0x2"	IMMEDIATE_2
0x141A9AA60	0xA0	B_TO_C	WRITE_MOV	0x141A9A9DA	0x141A9AB51	"   141a9aa60:	c7 83 a0 00 00 00 02 	mov    DWORD PTR [rbx+0xa0],0x2"	IMMEDIATE_2
0x141A9ABD7	0xA0	B_TO_C	WRITE_MOV	0x141A9AB51	0x141A9AE33	"   141a9abd7:	c7 83 a0 00 00 00 02 	mov    DWORD PTR [rbx+0xa0],0x2"	IMMEDIATE_2
0x141A9AD48	0xA0	B_TO_C	WRITE_MOV	0x141A9AB51	0x141A9AE33	"   141a9ad48:	c7 83 a0 00 00 00 02 	mov    DWORD PTR [rbx+0xa0],0x2"	IMMEDIATE_2
0x141A9AEB9	0xA0	B_TO_C	WRITE_MOV	0x141A9AE33	0x141A9AFA4	"   141a9aeb9:	c7 83 a0 00 00 00 02 	mov    DWORD PTR [rbx+0xa0],0x2"	IMMEDIATE_2
0x141A9B02A	0xA0	B_TO_C	WRITE_MOV	0x141A9AFA4	0x141A9B112	"   141a9b02a:	c7 83 a0 00 00 00 02 	mov    DWORD PTR [rbx+0xa0],0x2"	IMMEDIATE_2
0x141A9B198	0xA0	B_TO_C	WRITE_MOV	0x141A9B112	0x141A9B282	"   141a9b198:	c7 83 a0 00 00 00 02 	mov    DWORD PTR [rbx+0xa0],0x2"	IMMEDIATE_2
0x141A9B307	0xA0	B_TO_C	WRITE_MOV	0x141A9B282	0x141A9B400	"   141a9b307:	c7 83 a0 00 00 00 02 	mov    DWORD PTR [rbx+0xa0],0x2"	IMMEDIATE_2
0x141AF3235	0xA0	B_TO_C	WRITE_MOV	0x141AF2E62	0x141AF3781	"   141af3235:	c7 83 a0 00 00 00 02 	mov    DWORD PTR [rbx+0xa0],0x2"	IMMEDIATE_2
0x141AF53D9	0xA0	B_TO_C	WRITE_MOV	0x141AF4EB3	0x141AF8D42	"   141af53d9:	c7 83 a0 00 00 00 02 	mov    DWORD PTR [rbx+0xa0],0x2"	IMMEDIATE_2
0x141AF5524	0xA0	B_TO_C	WRITE_MOV	0x141AF4EB3	0x141AF8D42	"   141af5524:	c7 83 a0 00 00 00 02 	mov    DWORD PTR [rbx+0xa0],0x2"	IMMEDIATE_2
0x141AF566E	0xA0	B_TO_C	WRITE_MOV	0x141AF4EB3	0x141AF8D42	"   141af566e:	c7 83 a0 00 00 00 02 	mov    DWORD PTR [rbx+0xa0],0x2"	IMMEDIATE_2
0x141AF57B9	0xA0	B_TO_C	WRITE_MOV	0x141AF4EB3	0x141AF8D42	"   141af57b9:	c7 83 a0 00 00 00 02 	mov    DWORD PTR [rbx+0xa0],0x2"	IMMEDIATE_2
0x141AF5903	0xA0	B_TO_C	WRITE_MOV	0x141AF4EB3	0x141AF8D42	"   141af5903:	c7 83 a0 00 00 00 02 	mov    DWORD PTR [rbx+0xa0],0x2"	IMMEDIATE_2
0x141AF5A4E	0xA0	B_TO_C	WRITE_MOV	0x141AF4EB3	0x141AF8D42	"   141af5a4e:	c7 83 a0 00 00 00 02 	mov    DWORD PTR [rbx+0xa0],0x2"	IMMEDIATE_2
0x141AF5B98	0xA0	B_TO_C	WRITE_MOV	0x141AF4EB3	0x141AF8D42	"   141af5b98:	c7 83 a0 00 00 00 02 	mov    DWORD PTR [rbx+0xa0],0x2"	IMMEDIATE_2
0x141AF5CE3	0xA0	B_TO_C	WRITE_MOV	0x141AF4EB3	0x141AF8D42	"   141af5ce3:	c7 83 a0 00 00 00 02 	mov    DWORD PTR [rbx+0xa0],0x2"	IMMEDIATE_2
0x141AF5E2D	0xA0	B_TO_C	WRITE_MOV	0x141AF4EB3	0x141AF8D42	"   141af5e2d:	c7 83 a0 00 00 00 02 	mov    DWORD PTR [rbx+0xa0],0x2"	IMMEDIATE_2
0x141AF5F78	0xA0	B_TO_C	WRITE_MOV	0x141AF4EB3	0x141AF8D42	"   141af5f78:	c7 83 a0 00 00 00 02 	mov    DWORD PTR [rbx+0xa0],0x2"	IMMEDIATE_2
0x141AF60C2	0xA0	B_TO_C	WRITE_MOV	0x141AF4EB3	0x141AF8D42	"   141af60c2:	c7 83 a0 00 00 00 02 	mov    DWORD PTR [rbx+0xa0],0x2"	IMMEDIATE_2
0x141AF620D	0xA0	B_TO_C	WRITE_MOV	0x141AF4EB3	0x141AF8D42	"   141af620d:	c7 83 a0 00 00 00 02 	mov    DWORD PTR [rbx+0xa0],0x2"	IMMEDIATE_2
0x141AF6357	0xA0	B_TO_C	WRITE_MOV	0x141AF4EB3	0x141AF8D42	"   141af6357:	c7 83 a0 00 00 00 02 	mov    DWORD PTR [rbx+0xa0],0x2"	IMMEDIATE_2
0x141AF64A2	0xA0	B_TO_C	WRITE_MOV	0x141AF4EB3	0x141AF8D42	"   141af64a2:	c7 83 a0 00 00 00 02 	mov    DWORD PTR [rbx+0xa0],0x2"	IMMEDIATE_2
0x141AF65EC	0xA0	B_TO_C	WRITE_MOV	0x141AF4EB3	0x141AF8D42	"   141af65ec:	c7 83 a0 00 00 00 02 	mov    DWORD PTR [rbx+0xa0],0x2"	IMMEDIATE_2
0x141AF6737	0xA0	B_TO_C	WRITE_MOV	0x141AF4EB3	0x141AF8D42	"   141af6737:	c7 83 a0 00 00 00 02 	mov    DWORD PTR [rbx+0xa0],0x2"	IMMEDIATE_2
0x141AF6881	0xA0	B_TO_C	WRITE_MOV	0x141AF4EB3	0x141AF8D42	"   141af6881:	c7 83 a0 00 00 00 02 	mov    DWORD PTR [rbx+0xa0],0x2"	IMMEDIATE_2
0x141AF69CC	0xA0	B_TO_C	WRITE_MOV	0x141AF4EB3	0x141AF8D42	"   141af69cc:	c7 83 a0 00 00 00 02 	mov    DWORD PTR [rbx+0xa0],0x2"	IMMEDIATE_2
0x141AF6B16	0xA0	B_TO_C	WRITE_MOV	0x141AF4EB3	0x141AF8D42	"   141af6b16:	c7 83 a0 00 00 00 02 	mov    DWORD PTR [rbx+0xa0],0x2"	IMMEDIATE_2
0x141AF6C61	0xA0	B_TO_C	WRITE_MOV	0x141AF4EB3	0x141AF8D42	"   141af6c61:	c7 83 a0 00 00 00 02 	mov    DWORD PTR [rbx+0xa0],0x2"	IMMEDIATE_2
0x141AF6DAB	0xA0	B_TO_C	WRITE_MOV	0x141AF4EB3	0x141AF8D42	"   141af6dab:	c7 83 a0 00 00 00 02 	mov    DWORD PTR [rbx+0xa0],0x2"	IMMEDIATE_2
0x141AF6EF6	0xA0	B_TO_C	WRITE_MOV	0x141AF4EB3	0x141AF8D42	"   141af6ef6:	c7 83 a0 00 00 00 02 	mov    DWORD PTR [rbx+0xa0],0x2"	IMMEDIATE_2
0x141AF7040	0xA0	B_TO_C	WRITE_MOV	0x141AF4EB3	0x141AF8D42	"   141af7040:	c7 83 a0 00 00 00 02 	mov    DWORD PTR [rbx+0xa0],0x2"	IMMEDIATE_2
0x141AF718B	0xA0	B_TO_C	WRITE_MOV	0x141AF4EB3	0x141AF8D42	"   141af718b:	c7 83 a0 00 00 00 02 	mov    DWORD PTR [rbx+0xa0],0x2"	IMMEDIATE_2
0x141AF72D5	0xA0	B_TO_C	WRITE_MOV	0x141AF4EB3	0x141AF8D42	"   141af72d5:	c7 83 a0 00 00 00 02 	mov    DWORD PTR [rbx+0xa0],0x2"	IMMEDIATE_2
0x141AF7420	0xA0	B_TO_C	WRITE_MOV	0x141AF4EB3	0x141AF8D42	"   141af7420:	c7 83 a0 00 00 00 02 	mov    DWORD PTR [rbx+0xa0],0x2"	IMMEDIATE_2
0x141AF756A	0xA0	B_TO_C	WRITE_MOV	0x141AF4EB3	0x141AF8D42	"   141af756a:	c7 83 a0 00 00 00 02 	mov    DWORD PTR [rbx+0xa0],0x2"	IMMEDIATE_2
0x141AF76B5	0xA0	B_TO_C	WRITE_MOV	0x141AF4EB3	0x141AF8D42	"   141af76b5:	c7 83 a0 00 00 00 02 	mov    DWORD PTR [rbx+0xa0],0x2"	IMMEDIATE_2
0x141AF77FF	0xA0	B_TO_C	WRITE_MOV	0x141AF4EB3	0x141AF8D42	"   141af77ff:	c7 83 a0 00 00 00 02 	mov    DWORD PTR [rbx+0xa0],0x2"	IMMEDIATE_2
0x141AF794A	0xA0	B_TO_C	WRITE_MOV	0x141AF4EB3	0x141AF8D42	"   141af794a:	c7 83 a0 00 00 00 02 	mov    DWORD PTR [rbx+0xa0],0x2"	IMMEDIATE_2
0x141AF7A94	0xA0	B_TO_C	WRITE_MOV	0x141AF4EB3	0x141AF8D42	"   141af7a94:	c7 83 a0 00 00 00 02 	mov    DWORD PTR [rbx+0xa0],0x2"	IMMEDIATE_2
0x141AF7BDF	0xA0	B_TO_C	WRITE_MOV	0x141AF4EB3	0x141AF8D42	"   141af7bdf:	c7 83 a0 00 00 00 02 	mov    DWORD PTR [rbx+0xa0],0x2"	IMMEDIATE_2
0x141AF7D29	0xA0	B_TO_C	WRITE_MOV	0x141AF4EB3	0x141AF8D42	"   141af7d29:	c7 83 a0 00 00 00 02 	mov    DWORD PTR [rbx+0xa0],0x2"	IMMEDIATE_2
0x141AF7E74	0xA0	B_TO_C	WRITE_MOV	0x141AF4EB3	0x141AF8D42	"   141af7e74:	c7 83 a0 00 00 00 02 	mov    DWORD PTR [rbx+0xa0],0x2"	IMMEDIATE_2
0x141AF7FBE	0xA0	B_TO_C	WRITE_MOV	0x141AF4EB3	0x141AF8D42	"   141af7fbe:	c7 83 a0 00 00 00 02 	mov    DWORD PTR [rbx+0xa0],0x2"	IMMEDIATE_2
0x141AF8109	0xA0	B_TO_C	WRITE_MOV	0x141AF4EB3	0x141AF8D42	"   141af8109:	c7 83 a0 00 00 00 02 	mov    DWORD PTR [rbx+0xa0],0x2"	IMMEDIATE_2
0x141AF8253	0xA0	B_TO_C	WRITE_MOV	0x141AF4EB3	0x141AF8D42	"   141af8253:	c7 83 a0 00 00 00 02 	mov    DWORD PTR [rbx+0xa0],0x2"	IMMEDIATE_2
0x141AF839E	0xA0	B_TO_C	WRITE_MOV	0x141AF4EB3	0x141AF8D42	"   141af839e:	c7 83 a0 00 00 00 02 	mov    DWORD PTR [rbx+0xa0],0x2"	IMMEDIATE_2
0x141AF84E8	0xA0	B_TO_C	WRITE_MOV	0x141AF4EB3	0x141AF8D42	"   141af84e8:	c7 83 a0 00 00 00 02 	mov    DWORD PTR [rbx+0xa0],0x2"	IMMEDIATE_2
0x141AF8633	0xA0	B_TO_C	WRITE_MOV	0x141AF4EB3	0x141AF8D42	"   141af8633:	c7 83 a0 00 00 00 02 	mov    DWORD PTR [rbx+0xa0],0x2"	IMMEDIATE_2
0x141AF877D	0xA0	B_TO_C	WRITE_MOV	0x141AF4EB3	0x141AF8D42	"   141af877d:	c7 83 a0 00 00 00 02 	mov    DWORD PTR [rbx+0xa0],0x2"	IMMEDIATE_2
0x141AF88C8	0xA0	B_TO_C	WRITE_MOV	0x141AF4EB3	0x141AF8D42	"   141af88c8:	c7 83 a0 00 00 00 02 	mov    DWORD PTR [rbx+0xa0],0x2"	IMMEDIATE_2
0x141AF8A12	0xA0	B_TO_C	WRITE_MOV	0x141AF4EB3	0x141AF8D42	"   141af8a12:	c7 83 a0 00 00 00 02 	mov    DWORD PTR [rbx+0xa0],0x2"	IMMEDIATE_2
0x141AF8B5D	0xA0	B_TO_C	WRITE_MOV	0x141AF4EB3	0x141AF8D42	"   141af8b5d:	c7 83 a0 00 00 00 02 	mov    DWORD PTR [rbx+0xa0],0x2"	IMMEDIATE_2
0x141AF8CA7	0xA0	B_TO_C	WRITE_MOV	0x141AF4EB3	0x141AF8D42	"   141af8ca7:	c7 83 a0 00 00 00 02 	mov    DWORD PTR [rbx+0xa0],0x2"	IMMEDIATE_2
0x141AF8DED	0xA0	B_TO_C	WRITE_MOV	0x141AF8D42	0x141AF8E88	"   141af8ded:	c7 83 a0 00 00 00 02 	mov    DWORD PTR [rbx+0xa0],0x2"	IMMEDIATE_2
0x141B0002E	0xA0	B_TO_C	WRITE_MOV	0x141AFFE97	0x141B000CD	"   141b0002e:	c7 83 a0 00 00 00 02 	mov    DWORD PTR [rbx+0xa0],0x2"	IMMEDIATE_2
0x141B0C097	0xA0	B_TO_C	WRITE_MOV	0x141B09F5C	0x141B0C13A	"   141b0c097:	c7 83 a0 00 00 00 02 	mov    DWORD PTR [rbx+0xa0],0x2"	IMMEDIATE_2
0x141B0EBB8	0xA0	B_TO_C	WRITE_MOV	0x141B0D66F	0x141B0EC5B	"   141b0ebb8:	c7 83 a0 00 00 00 02 	mov    DWORD PTR [rbx+0xa0],0x2"	IMMEDIATE_2
0x141B107E0	0xA0	B_TO_C	WRITE_MOV	0x141B0F5E4	0x141B1177C	"   141b107e0:	c7 83 a0 00 00 00 02 	mov    DWORD PTR [rbx+0xa0],0x2"	IMMEDIATE_2
0x141B11BF9	0xA0	B_TO_C	WRITE_MOV	0x141B11B43	0x141B11CA4	"   141b11bf9:	c7 83 a0 00 00 00 02 	mov    DWORD PTR [rbx+0xa0],0x2"	IMMEDIATE_2
0x141B15DAE	0xA0	B_TO_C	WRITE_MOV	0x141B12643	0x141B16557	"   141b15dae:	c7 83 a0 00 00 00 02 	mov    DWORD PTR [rbx+0xa0],0x2"	IMMEDIATE_2
0x141B15F0F	0xA0	B_TO_C	WRITE_MOV	0x141B12643	0x141B16557	"   141b15f0f:	c7 83 a0 00 00 00 02 	mov    DWORD PTR [rbx+0xa0],0x2"	IMMEDIATE_2
0x141B16070	0xA0	B_TO_C	WRITE_MOV	0x141B12643	0x141B16557	"   141b16070:	c7 83 a0 00 00 00 02 	mov    DWORD PTR [rbx+0xa0],0x2"	IMMEDIATE_2
0x141B161D0	0xA0	B_TO_C	WRITE_MOV	0x141B12643	0x141B16557	"   141b161d0:	c7 83 a0 00 00 00 02 	mov    DWORD PTR [rbx+0xa0],0x2"	IMMEDIATE_2
0x141B1633A	0xA0	B_TO_C	WRITE_MOV	0x141B12643	0x141B16557	"   141b1633a:	c7 83 a0 00 00 00 02 	mov    DWORD PTR [rbx+0xa0],0x2"	IMMEDIATE_2
0x141B16D00	0xA0	B_TO_C	WRITE_MOV	0x141B166C4	0x141B16DD7	"   141b16d00:	c7 83 a0 00 00 00 02 	mov    DWORD PTR [rbx+0xa0],0x2"	IMMEDIATE_2
0x141B1D644	0xA0	B_TO_C	WRITE_MOV	0x141B1D418	0x141B1D8A5	"   141b1d644:	c7 83 a0 00 00 00 02 	mov    DWORD PTR [rbx+0xa0],0x2"	IMMEDIATE_2
0x141B1D7C8	0xA0	B_TO_C	WRITE_MOV	0x141B1D418	0x141B1D8A5	"   141b1d7c8:	c7 83 a0 00 00 00 02 	mov    DWORD PTR [rbx+0xa0],0x2"	IMMEDIATE_2
0x141B20C34	0xA0	B_TO_C	WRITE_MOV	0x141B20A9A	0x141B20CDB	"   141b20c34:	c7 83 a0 00 00 00 02 	mov    DWORD PTR [rbx+0xa0],0x2"	IMMEDIATE_2
0x141B237BA	0xA0	B_TO_C	WRITE_MOV	0x141B22359	0x141B2385B	"   141b237ba:	c7 83 a0 00 00 00 02 	mov    DWORD PTR [rbx+0xa0],0x2"	IMMEDIATE_2
0x141B487B7	0xA0	B_TO_C	WRITE_MOV	0x141B4841B	0x141B48872	"   141b487b7:	c7 83 a0 00 00 00 02 	mov    DWORD PTR [rbx+0xa0],0x2"	IMMEDIATE_2
0x141B4891D	0xA0	B_TO_C	WRITE_MOV	0x141B48872	0x141B48B35	"   141b4891d:	c7 83 a0 00 00 00 02 	mov    DWORD PTR [rbx+0xa0],0x2"	IMMEDIATE_2
0x141B48A7A	0xA0	B_TO_C	WRITE_MOV	0x141B48872	0x141B48B35	"   141b48a7a:	c7 83 a0 00 00 00 02 	mov    DWORD PTR [rbx+0xa0],0x2"	IMMEDIATE_2
0x141B4C9C6	0xA0	B_TO_C	WRITE_MOV	0x141B4C63E	0x141B4CBB9	"   141b4c9c6:	c7 83 a0 00 00 00 02 	mov    DWORD PTR [rbx+0xa0],0x2"	IMMEDIATE_2
0x141B52CE4	0xA0	B_TO_C	WRITE_MOV	0x141B52B41	0x141B52D8B	"   141b52ce4:	c7 83 a0 00 00 00 02 	mov    DWORD PTR [rbx+0xa0],0x2"	IMMEDIATE_2
0x141B55DF9	0xA0	B_TO_C	WRITE_MOV	0x141B55D51	0x141B55EA9	"   141b55df9:	c7 83 a0 00 00 00 02 	mov    DWORD PTR [rbx+0xa0],0x2"	IMMEDIATE_2
0x141B5EF48	0xA0	B_TO_C	WRITE_MOV	0x141B5ED2F	0x141B5F001	"   141b5ef48:	c7 83 a0 00 00 00 02 	mov    DWORD PTR [rbx+0xa0],0x2"	IMMEDIATE_2
0x141B6B41A	0xA0	B_TO_C	WRITE_MOV	0x141B6B1A0	0x141B6B4AB	"   141b6b41a:	c7 83 a0 00 00 00 02 	mov    DWORD PTR [rbx+0xa0],0x2"	IMMEDIATE_2
0x141B7A434	0xA0	B_TO_C	WRITE_MOV	0x141B7A143	0x141B7A4DA	"   141b7a434:	c7 83 a0 00 00 00 02 	mov    DWORD PTR [rbx+0xa0],0x2"	IMMEDIATE_2
0x141B7A57A	0xA0	B_TO_C	WRITE_MOV	0x141B7A4DA	0x141B7A621	"   141b7a57a:	c7 83 a0 00 00 00 02 	mov    DWORD PTR [rbx+0xa0],0x2"	IMMEDIATE_2
0x141B7D4A8	0xA0	B_TO_C	WRITE_MOV	0x141B7D1FB	0x141B7DA57	"   141b7d4a8:	c7 83 a0 00 00 00 02 	mov    DWORD PTR [rbx+0xa0],0x2"	IMMEDIATE_2
0x141B7D85A	0xA0	B_TO_C	WRITE_MOV	0x141B7D1FB	0x141B7DA57	"   141b7d85a:	c7 83 a0 00 00 00 02 	mov    DWORD PTR [rbx+0xa0],0x2"	IMMEDIATE_2
0x141B867BD	0xA0	B_TO_C	WRITE_MOV	0x141B8436B	0x141B86B37	"   141b867bd:	c7 83 a0 00 00 00 02 	mov    DWORD PTR [rbx+0xa0],0x2"	IMMEDIATE_2
0x141B89A43	0xA0	B_TO_C	WRITE_MOV	0x141B899A6	0x141B89C7F	"   141b89a43:	c7 83 a0 00 00 00 02 	mov    DWORD PTR [rbx+0xa0],0x2"	IMMEDIATE_2
0x141B89BAB	0xA0	B_TO_C	WRITE_MOV	0x141B899A6	0x141B89C7F	"   141b89bab:	c7 83 a0 00 00 00 02 	mov    DWORD PTR [rbx+0xa0],0x2"	IMMEDIATE_2
0x141B8CEA5	0xA0	B_TO_C	WRITE_MOV	0x141B8CE09	0x141B8D0D9	"   141b8cea5:	c7 83 a0 00 00 00 02 	mov    DWORD PTR [rbx+0xa0],0x2"	IMMEDIATE_2
0x141B8D00A	0xA0	B_TO_C	WRITE_MOV	0x141B8CE09	0x141B8D0D9	"   141b8d00a:	c7 83 a0 00 00 00 02 	mov    DWORD PTR [rbx+0xa0],0x2"	IMMEDIATE_2
0x141B9030A	0xA0	B_TO_C	WRITE_MOV	0x141B8F1D6	0x141B9053E	"   141b9030a:	c7 83 a0 00 00 00 02 	mov    DWORD PTR [rbx+0xa0],0x2"	IMMEDIATE_2
0x141B9046D	0xA0	B_TO_C	WRITE_MOV	0x141B8F1D6	0x141B9053E	"   141b9046d:	c7 83 a0 00 00 00 02 	mov    DWORD PTR [rbx+0xa0],0x2"	IMMEDIATE_2
0x141BB91A0	0xA0	B_TO_C	WRITE_MOV	0x141BB8FE0	0x141BB925A	"   141bb91a0:	c7 83 a0 00 00 00 02 	mov    DWORD PTR [rbx+0xa0],0x2"	IMMEDIATE_2
0x141BBC594	0xA0	B_TO_C	WRITE_MOV	0x141BBC3D4	0x141BBC656	"   141bbc594:	c7 83 a0 00 00 00 02 	mov    DWORD PTR [rbx+0xa0],0x2"	IMMEDIATE_2
0x141BBF76A	0xA0	B_TO_C	WRITE_MOV	0x141BBF4D8	0x141BBF81F	"   141bbf76a:	c7 83 a0 00 00 00 02 	mov    DWORD PTR [rbx+0xa0],0x2"	IMMEDIATE_2
0x141BC2A2F	0xA0	B_TO_C	WRITE_MOV	0x141BC2981	0x141BC2AE4	"   141bc2a2f:	c7 83 a0 00 00 00 02 	mov    DWORD PTR [rbx+0xa0],0x2"	IMMEDIATE_2
0x141BC59B1	0xA0	B_TO_C	WRITE_MOV	0x141BC53C9	0x141BC5A76	"   141bc59b1:	c7 83 a0 00 00 00 02 	mov    DWORD PTR [rbx+0xa0],0x2"	IMMEDIATE_2
0x141BCEE70	0xA0	B_TO_C	WRITE_MOV	0x141BCECB5	0x141BCF0D2	"   141bcee70:	c7 83 a0 00 00 00 02 	mov    DWORD PTR [rbx+0xa0],0x2"	IMMEDIATE_2
0x141BD1B6E	0xA0	B_TO_C	WRITE_MOV	0x141BD1ABD	0x141BD1D73	"   141bd1b6e:	c7 83 a0 00 00 00 02 	mov    DWORD PTR [rbx+0xa0],0x2"	IMMEDIATE_2
0x141BD3D34	0xA0	B_TO_C	WRITE_MOV	0x141BD29FF	0x141BD3DE0	"   141bd3d34:	c7 83 a0 00 00 00 02 	mov    DWORD PTR [rbx+0xa0],0x2"	IMMEDIATE_2
0x141BDE1A1	0xA0	B_TO_C	WRITE_MOV	0x141BDE007	0x141BDE242	"   141bde1a1:	c7 83 a0 00 00 00 02 	mov    DWORD PTR [rbx+0xa0],0x2"	IMMEDIATE_2
0x141BDFFCD	0xA0	B_TO_C	WRITE_MOV	0x141BDFE36	0x141BE0077	"   141bdffcd:	c7 83 a0 00 00 00 02 	mov    DWORD PTR [rbx+0xa0],0x2"	IMMEDIATE_2
0x141BE2AF6	0xA0	B_TO_C	WRITE_MOV	0x141BE1703	0x141BE2CFB	"   141be2af6:	c7 83 a0 00 00 00 02 	mov    DWORD PTR [rbx+0xa0],0x2"	IMMEDIATE_2
0x141BE2E7E	0xA0	B_TO_C	WRITE_MOV	0x141BE2CFB	0x141BE2F23	"   141be2e7e:	c7 83 a0 00 00 00 02 	mov    DWORD PTR [rbx+0xa0],0x2"	IMMEDIATE_2
0x141BE5EE6	0xA0	B_TO_C	WRITE_MOV	0x141BE5C25	0x141BE5FA5	"   141be5ee6:	c7 83 a0 00 00 00 02 	mov    DWORD PTR [rbx+0xa0],0x2"	IMMEDIATE_2
0x141BE79FD	0xA0	B_TO_C	WRITE_MOV	0x141BE787C	0x141BE7AA9	"   141be79fd:	c7 83 a0 00 00 00 02 	mov    DWORD PTR [rbx+0xa0],0x2"	IMMEDIATE_2
0x141BE9954	0xA0	B_TO_C	WRITE_MOV	0x141BE98B3	0x141BE99FF	"   141be9954:	c7 83 a0 00 00 00 02 	mov    DWORD PTR [rbx+0xa0],0x2"	IMMEDIATE_2
0x141BEC48B	0xA0	B_TO_C	WRITE_MOV	0x141BEB09B	0x141BEC690	"   141bec48b:	c7 83 a0 00 00 00 02 	mov    DWORD PTR [rbx+0xa0],0x2"	IMMEDIATE_2
0x141BEC820	0xA0	B_TO_C	WRITE_MOV	0x141BEC690	0x141BEC8C2	"   141bec820:	c7 83 a0 00 00 00 02 	mov    DWORD PTR [rbx+0xa0],0x2"	IMMEDIATE_2
0x141BEE345	0xA0	B_TO_C	WRITE_MOV	0x141BEE1CA	0x141BEE3EF	"   141bee345:	c7 83 a0 00 00 00 02 	mov    DWORD PTR [rbx+0xa0],0x2"	IMMEDIATE_2
0x141BF112F	0xA0	B_TO_C	WRITE_MOV	0x141BF0F7F	0x141BF1540	"   141bf112f:	c7 83 a0 00 00 00 02 	mov    DWORD PTR [rbx+0xa0],0x2"	IMMEDIATE_2
0x141BF12CF	0xA0	B_TO_C	WRITE_MOV	0x141BF0F7F	0x141BF1540	"   141bf12cf:	c7 83 a0 00 00 00 02 	mov    DWORD PTR [rbx+0xa0],0x2"	IMMEDIATE_2
0x141BF146F	0xA0	B_TO_C	WRITE_MOV	0x141BF0F7F	0x141BF1540	"   141bf146f:	c7 83 a0 00 00 00 02 	mov    DWORD PTR [rbx+0xa0],0x2"	IMMEDIATE_2
0x141BF7399	0xA0	B_TO_C	WRITE_MOV	0x141BF70DD	0x141BF7440	"   141bf7399:	c7 83 a0 00 00 00 02 	mov    DWORD PTR [rbx+0xa0],0x2"	IMMEDIATE_2
0x141BF9CCF	0xA0	B_TO_C	WRITE_MOV	0x141BF9B32	0x141BF9D74	"   141bf9ccf:	c7 83 a0 00 00 00 02 	mov    DWORD PTR [rbx+0xa0],0x2"	IMMEDIATE_2
0x141BFEE87	0xA0	B_TO_C	WRITE_MOV	0x141BFECED	0x141BFEF2F	"   141bfee87:	c7 83 a0 00 00 00 02 	mov    DWORD PTR [rbx+0xa0],0x2"	IMMEDIATE_2
0x141C00CA6	0xA0	B_TO_C	WRITE_MOV	0x141C00B0F	0x141C00D50	"   141c00ca6:	c7 83 a0 00 00 00 02 	mov    DWORD PTR [rbx+0xa0],0x2"	IMMEDIATE_2
0x141C07CD1	0xA0	B_TO_C	WRITE_MOV	0x141C07A1F	0x141C07D90	"   141c07cd1:	c7 83 a0 00 00 00 02 	mov    DWORD PTR [rbx+0xa0],0x2"	IMMEDIATE_2
0x141C09881	0xA0	B_TO_C	WRITE_MOV	0x141C0961F	0x141C0992A	"   141c09881:	c7 83 a0 00 00 00 02 	mov    DWORD PTR [rbx+0xa0],0x2"	IMMEDIATE_2
0x141C0B986	0xA0	B_TO_C	WRITE_MOV	0x141C0B6C6	0x141C0BA33	"   141c0b986:	c7 83 a0 00 00 00 02 	mov    DWORD PTR [rbx+0xa0],0x2"	IMMEDIATE_2
0x141C0FAA6	0xA0	B_TO_C	WRITE_MOV	0x141C0F7E9	0x141C0FB50	"   141c0faa6:	c7 83 a0 00 00 00 02 	mov    DWORD PTR [rbx+0xa0],0x2"	IMMEDIATE_2
0x141C114BC	0xA0	B_TO_C	WRITE_MOV	0x141C11340	0x141C11566	"   141c114bc:	c7 83 a0 00 00 00 02 	mov    DWORD PTR [rbx+0xa0],0x2"	IMMEDIATE_2
0x141C14280	0xA0	B_TO_C	WRITE_MOV	0x141C140D0	0x141C14691	"   141c14280:	c7 83 a0 00 00 00 02 	mov    DWORD PTR [rbx+0xa0],0x2"	IMMEDIATE_2
0x141C14420	0xA0	B_TO_C	WRITE_MOV	0x141C140D0	0x141C14691	"   141c14420:	c7 83 a0 00 00 00 02 	mov    DWORD PTR [rbx+0xa0],0x2"	IMMEDIATE_2
0x141C145C0	0xA0	B_TO_C	WRITE_MOV	0x141C140D0	0x141C14691	"   141c145c0:	c7 83 a0 00 00 00 02 	mov    DWORD PTR [rbx+0xa0],0x2"	IMMEDIATE_2
0x141C1A19A	0xA0	B_TO_C	WRITE_MOV	0x141C19EE8	0x141C1A243	"   141c1a19a:	c7 83 a0 00 00 00 02 	mov    DWORD PTR [rbx+0xa0],0x2"	IMMEDIATE_2
0x141C1CB67	0xA0	B_TO_C	WRITE_MOV	0x141C1C8C1	0x141C1CC1F	"   141c1cb67:	c7 83 a0 00 00 00 02 	mov    DWORD PTR [rbx+0xa0],0x2"	IMMEDIATE_2
0x141C21C50	0xA0	B_TO_C	WRITE_MOV	0x141C21AB9	0x141C21CFA	"   141c21c50:	c7 83 a0 00 00 00 02 	mov    DWORD PTR [rbx+0xa0],0x2"	IMMEDIATE_2
0x141C23A64	0xA0	B_TO_C	WRITE_MOV	0x141C238CD	0x141C23B0E	"   141c23a64:	c7 83 a0 00 00 00 02 	mov    DWORD PTR [rbx+0xa0],0x2"	IMMEDIATE_2
0x141C27411	0xA0	B_TO_C	WRITE_MOV	0x141C26903	0x141C274BA	"   141c27411:	c7 83 a0 00 00 00 02 	mov    DWORD PTR [rbx+0xa0],0x2"	IMMEDIATE_2
0x141C2951D	0xA0	B_TO_C	WRITE_MOV	0x141C2925D	0x141C295CA	"   141c2951d:	c7 83 a0 00 00 00 02 	mov    DWORD PTR [rbx+0xa0],0x2"	IMMEDIATE_2
0x141C2AF9A	0xA0	B_TO_C	WRITE_MOV	0x141C2ACE5	0x141C2B044	"   141c2af9a:	c7 83 a0 00 00 00 02 	mov    DWORD PTR [rbx+0xa0],0x2"	IMMEDIATE_2
0x141C2C9CB	0xA0	B_TO_C	WRITE_MOV	0x141C2C84F	0x141C2CA75	"   141c2c9cb:	c7 83 a0 00 00 00 02 	mov    DWORD PTR [rbx+0xa0],0x2"	IMMEDIATE_2
0x141C2E4ED	0xA0	B_TO_C	WRITE_MOV	0x141C2E36F	0x141C2E5A2	"   141c2e4ed:	c7 83 a0 00 00 00 02 	mov    DWORD PTR [rbx+0xa0],0x2"	IMMEDIATE_2
0x141C33DCE	0xA0	B_TO_C	WRITE_MOV	0x141C339BE	0x141C33E77	"   141c33dce:	c7 83 a0 00 00 00 02 	mov    DWORD PTR [rbx+0xa0],0x2"	IMMEDIATE_2
0x141C36822	0xA0	B_TO_C	WRITE_MOV	0x141C3657B	0x141C368D1	"   141c36822:	c7 83 a0 00 00 00 02 	mov    DWORD PTR [rbx+0xa0],0x2"	IMMEDIATE_2
0x141C3BADF	0xA0	B_TO_C	WRITE_MOV	0x141C3B961	0x141C3BB8A	"   141c3badf:	c7 83 a0 00 00 00 02 	mov    DWORD PTR [rbx+0xa0],0x2"	IMMEDIATE_2
0x141C3D90D	0xA0	B_TO_C	WRITE_MOV	0x141C3D776	0x141C3D9B7	"   141c3d90d:	c7 83 a0 00 00 00 02 	mov    DWORD PTR [rbx+0xa0],0x2"	IMMEDIATE_2
0x141C40581	0xA0	B_TO_C	WRITE_MOV	0x141C40508	0x141C4063A	"   141c40581:	c7 83 a0 00 00 00 02 	mov    DWORD PTR [rbx+0xa0],0x2"	IMMEDIATE_2
0x141C43B91	0xA0	B_TO_C	WRITE_MOV	0x141C43ADC	0x141C43C52	"   141c43b91:	c7 83 a0 00 00 00 02 	mov    DWORD PTR [rbx+0xa0],0x2"	IMMEDIATE_2
0x141C466C8	0xA0	B_TO_C	WRITE_MOV	0x141C4653B	0x141C46765	"   141c466c8:	c7 83 a0 00 00 00 02 	mov    DWORD PTR [rbx+0xa0],0x2"	IMMEDIATE_2
0x141C4912B	0xA0	B_TO_C	WRITE_MOV	0x141C47D3B	0x141C49330	"   141c4912b:	c7 83 a0 00 00 00 02 	mov    DWORD PTR [rbx+0xa0],0x2"	IMMEDIATE_2
0x141C494C0	0xA0	B_TO_C	WRITE_MOV	0x141C49330	0x141C49562	"   141c494c0:	c7 83 a0 00 00 00 02 	mov    DWORD PTR [rbx+0xa0],0x2"	IMMEDIATE_2
0x141C4C154	0xA0	B_TO_C	WRITE_MOV	0x141C4BFA7	0x141C4C560	"   141c4c154:	c7 83 a0 00 00 00 02 	mov    DWORD PTR [rbx+0xa0],0x2"	IMMEDIATE_2
0x141C4C2F2	0xA0	B_TO_C	WRITE_MOV	0x141C4BFA7	0x141C4C560	"   141c4c2f2:	c7 83 a0 00 00 00 02 	mov    DWORD PTR [rbx+0xa0],0x2"	IMMEDIATE_2
0x141C4C490	0xA0	B_TO_C	WRITE_MOV	0x141C4BFA7	0x141C4C560	"   141c4c490:	c7 83 a0 00 00 00 02 	mov    DWORD PTR [rbx+0xa0],0x2"	IMMEDIATE_2
0x141C4F425	0xA0	B_TO_C	WRITE_MOV	0x141C4F28D	0x141C4F4CC	"   141c4f425:	c7 83 a0 00 00 00 02 	mov    DWORD PTR [rbx+0xa0],0x2"	IMMEDIATE_2
0x141C5292C	0xA0	B_TO_C	WRITE_MOV	0x141C52799	0x141C529D3	"   141c5292c:	c7 83 a0 00 00 00 02 	mov    DWORD PTR [rbx+0xa0],0x2"	IMMEDIATE_2
0x141C555CA	0xA0	B_TO_C	WRITE_MOV	0x141C5544A	0x141C55689	"   141c555ca:	c7 83 a0 00 00 00 02 	mov    DWORD PTR [rbx+0xa0],0x2"	IMMEDIATE_2
0x141C58B6B	0xA0	B_TO_C	WRITE_MOV	0x141C589E4	0x141C58C1E	"   141c58b6b:	c7 83 a0 00 00 00 02 	mov    DWORD PTR [rbx+0xa0],0x2"	IMMEDIATE_2
0x141C5B89E	0xA0	B_TO_C	WRITE_MOV	0x141C5B824	0x141C5B955	"   141c5b89e:	c7 83 a0 00 00 00 02 	mov    DWORD PTR [rbx+0xa0],0x2"	IMMEDIATE_2
0x141C5EC15	0xA0	B_TO_C	WRITE_MOV	0x141C5EB83	0x141C5ECD7	"   141c5ec15:	c7 83 a0 00 00 00 02 	mov    DWORD PTR [rbx+0xa0],0x2"	IMMEDIATE_2
0x141C618A7	0xA0	B_TO_C	WRITE_MOV	0x141C616FA	0x141C61CA7	"   141c618a7:	c7 83 a0 00 00 00 02 	mov    DWORD PTR [rbx+0xa0],0x2"	IMMEDIATE_2
0x141C61A3F	0xA0	B_TO_C	WRITE_MOV	0x141C616FA	0x141C61CA7	"   141c61a3f:	c7 83 a0 00 00 00 02 	mov    DWORD PTR [rbx+0xa0],0x2"	IMMEDIATE_2
0x141C61BD7	0xA0	B_TO_C	WRITE_MOV	0x141C616FA	0x141C61CA7	"   141c61bd7:	c7 83 a0 00 00 00 02 	mov    DWORD PTR [rbx+0xa0],0x2"	IMMEDIATE_2
0x141C683DF	0xA0	B_TO_C	WRITE_MOV	0x141C68258	0x141C68492	"   141c683df:	c7 83 a0 00 00 00 02 	mov    DWORD PTR [rbx+0xa0],0x2"	IMMEDIATE_2
0x141C6B09F	0xA0	B_TO_C	WRITE_MOV	0x141C6AEF4	0x141C6B27E	"   141c6b09f:	c7 83 a0 00 00 00 02 	mov    DWORD PTR [rbx+0xa0],0x2"	IMMEDIATE_2
0x141C6B1C3	0xA0	B_TO_C	WRITE_MOV	0x141C6AEF4	0x141C6B27E	"   141c6b1c3:	c7 83 a0 00 00 00 02 	mov    DWORD PTR [rbx+0xa0],0x2"	IMMEDIATE_2
0x141C6DEAC	0xA0	B_TO_C	WRITE_MOV	0x141C6DD15	0x141C6DF63	"   141c6deac:	c7 83 a0 00 00 00 02 	mov    DWORD PTR [rbx+0xa0],0x2"	IMMEDIATE_2
0x141C73C4C	0xA0	B_TO_C	WRITE_MOV	0x141C73AB9	0x141C73D00	"   141c73c4c:	c7 83 a0 00 00 00 02 	mov    DWORD PTR [rbx+0xa0],0x2"	IMMEDIATE_2
0x141C7E8B1	0xA0	B_TO_C	WRITE_MOV	0x141C7E5DD	0x141C7E966	"   141c7e8b1:	c7 83 a0 00 00 00 02 	mov    DWORD PTR [rbx+0xa0],0x2"	IMMEDIATE_2
0x141C806E5	0xA0	B_TO_C	WRITE_MOV	0x141C8054B	0x141C8078D	"   141c806e5:	c7 83 a0 00 00 00 02 	mov    DWORD PTR [rbx+0xa0],0x2"	IMMEDIATE_2
0x141C83264	0xA0	B_TO_C	WRITE_MOV	0x141C831B9	0x141C8332F	"   141c83264:	c7 83 a0 00 00 00 02 	mov    DWORD PTR [rbx+0xa0],0x2"	IMMEDIATE_2
0x141C833D9	0xA0	B_TO_C	WRITE_MOV	0x141C8332F	0x141C8348F	"   141c833d9:	c7 83 a0 00 00 00 02 	mov    DWORD PTR [rbx+0xa0],0x2"	IMMEDIATE_2
0x141C86776	0xA0	B_TO_C	WRITE_MOV	0x141C863CC	0x141C8697D	"   141c86776:	c7 83 a0 00 00 00 02 	mov    DWORD PTR [rbx+0xa0],0x2"	IMMEDIATE_2
0x141C882D4	0xA0	B_TO_C	WRITE_MOV	0x141C88159	0x141C8837E	"   141c882d4:	c7 83 a0 00 00 00 02 	mov    DWORD PTR [rbx+0xa0],0x2"	IMMEDIATE_2
0x141C8AC8F	0xA0	B_TO_C	WRITE_MOV	0x141C8A9D6	0x141C8AD43	"   141c8ac8f:	c7 83 a0 00 00 00 02 	mov    DWORD PTR [rbx+0xa0],0x2"	IMMEDIATE_2
0x141C8D9F5	0xA0	B_TO_C	WRITE_MOV	0x141C8D73C	0x141C8DA96	"   141c8d9f5:	c7 83 a0 00 00 00 02 	mov    DWORD PTR [rbx+0xa0],0x2"	IMMEDIATE_2
0x141C91B68	0xA0	B_TO_C	WRITE_MOV	0x141C918FC	0x141C91C12	"   141c91b68:	c7 83 a0 00 00 00 02 	mov    DWORD PTR [rbx+0xa0],0x2"	IMMEDIATE_2
0x141C94790	0xA0	B_TO_C	WRITE_MOV	0x141C943FB	0x141C9499F	"   141c94790:	c7 83 a0 00 00 00 02 	mov    DWORD PTR [rbx+0xa0],0x2"	IMMEDIATE_2
0x141C9A815	0xA0	B_TO_C	WRITE_MOV	0x141C9A68A	0x141C9A8BA	"   141c9a815:	c7 83 a0 00 00 00 02 	mov    DWORD PTR [rbx+0xa0],0x2"	IMMEDIATE_2
0x141C9D36C	0xA0	B_TO_C	WRITE_MOV	0x141C9D0C7	0x141C9D416	"   141c9d36c:	c7 83 a0 00 00 00 02 	mov    DWORD PTR [rbx+0xa0],0x2"	IMMEDIATE_2
0x141C9F4C5	0xA0	B_TO_C	WRITE_MOV	0x141C9F324	0x141C9F564	"   141c9f4c5:	c7 83 a0 00 00 00 02 	mov    DWORD PTR [rbx+0xa0],0x2"	IMMEDIATE_2
0x141CA0802	0xA0	B_TO_C	WRITE_MOV	0x141C9F694	0x141CA0ABC	"   141ca0802:	c7 83 a0 00 00 00 02 	mov    DWORD PTR [rbx+0xa0],0x2"	IMMEDIATE_2
0x141CA63EB	0xA0	B_TO_C	WRITE_MOV	0x141CA6122	0x141CA64A3	"   141ca63eb:	c7 83 a0 00 00 00 02 	mov    DWORD PTR [rbx+0xa0],0x2"	IMMEDIATE_2
0x141CA86D3	0xA0	B_TO_C	WRITE_MOV	0x141CA8539	0x141CA8778	"   141ca86d3:	c7 83 a0 00 00 00 02 	mov    DWORD PTR [rbx+0xa0],0x2"	IMMEDIATE_2
0x141CAB223	0xA0	B_TO_C	WRITE_MOV	0x141CAB042	0x141CAB2DB	"   141cab223:	c7 83 a0 00 00 00 02 	mov    DWORD PTR [rbx+0xa0],0x2"	IMMEDIATE_2
0x141CAB38E	0xA0	B_TO_C	WRITE_MOV	0x141CAB2DB	0x141CAB5AA	"   141cab38e:	c7 83 a0 00 00 00 02 	mov    DWORD PTR [rbx+0xa0],0x2"	IMMEDIATE_2
0x141CAE720	0xA0	B_TO_C	WRITE_MOV	0x141CAE471	0x141CAE7DB	"   141cae720:	c7 83 a0 00 00 00 02 	mov    DWORD PTR [rbx+0xa0],0x2"	IMMEDIATE_2
0x141CB0174	0xA0	B_TO_C	WRITE_MOV	0x141CAF939	0x141CB0220	"   141cb0174:	c7 83 a0 00 00 00 02 	mov    DWORD PTR [rbx+0xa0],0x2"	IMMEDIATE_2
0x141CB2A9A	0xA0	B_TO_C	WRITE_MOV	0x141CB26F0	0x141CB2B4E	"   141cb2a9a:	c7 83 a0 00 00 00 02 	mov    DWORD PTR [rbx+0xa0],0x2"	IMMEDIATE_2
0x141CB2BED	0xA0	B_TO_C	WRITE_MOV	0x141CB2B4E	0x141CB2DAB	"   141cb2bed:	c7 83 a0 00 00 00 02 	mov    DWORD PTR [rbx+0xa0],0x2"	IMMEDIATE_2
0x141CB5A1D	0xA0	B_TO_C	WRITE_MOV	0x141CB575C	0x141CB5ABA	"   141cb5a1d:	c7 83 a0 00 00 00 02 	mov    DWORD PTR [rbx+0xa0],0x2"	IMMEDIATE_2
0x141CB9A2C	0xA0	B_TO_C	WRITE_MOV	0x141CB97C0	0x141CB9AE0	"   141cb9a2c:	c7 83 a0 00 00 00 02 	mov    DWORD PTR [rbx+0xa0],0x2"	IMMEDIATE_2
0x141CBC833	0xA0	B_TO_C	WRITE_MOV	0x141CBC588	0x141CBCA40	"   141cbc833:	c7 83 a0 00 00 00 02 	mov    DWORD PTR [rbx+0xa0],0x2"	IMMEDIATE_2
0x141CC242A	0xA0	B_TO_C	WRITE_MOV	0x141CC22A0	0x141CC24CE	"   141cc242a:	c7 83 a0 00 00 00 02 	mov    DWORD PTR [rbx+0xa0],0x2"	IMMEDIATE_2
0x141CC4EE6	0xA0	B_TO_C	WRITE_MOV	0x141CC4C25	0x141CC4F8A	"   141cc4ee6:	c7 83 a0 00 00 00 02 	mov    DWORD PTR [rbx+0xa0],0x2"	IMMEDIATE_2
0x141CC61A7	0xA0	B_TO_C	WRITE_MOV	0x141CC5EFA	0x141CC6248	"   141cc61a7:	c7 83 a0 00 00 00 02 	mov    DWORD PTR [rbx+0xa0],0x2"	IMMEDIATE_2
0x141CCB6B9	0xA0	B_TO_C	WRITE_MOV	0x141CCB3C5	0x141CCB776	"   141ccb6b9:	c7 83 a0 00 00 00 02 	mov    DWORD PTR [rbx+0xa0],0x2"	IMMEDIATE_2
0x141CCDAC6	0xA0	B_TO_C	WRITE_MOV	0x141CCD920	0x141CCDB67	"   141ccdac6:	c7 83 a0 00 00 00 02 	mov    DWORD PTR [rbx+0xa0],0x2"	IMMEDIATE_2
0x141CD04F6	0xA0	B_TO_C	WRITE_MOV	0x141CD030F	0x141CD070F	"   141cd04f6:	c7 83 a0 00 00 00 02 	mov    DWORD PTR [rbx+0xa0],0x2"	IMMEDIATE_2
0x141CD065B	0xA0	B_TO_C	WRITE_MOV	0x141CD030F	0x141CD070F	"   141cd065b:	c7 83 a0 00 00 00 02 	mov    DWORD PTR [rbx+0xa0],0x2"	IMMEDIATE_2
0x141CD09DF	0xA0	B_TO_C	WRITE_MOV	0x141CD0848	0x141CD0A86	"   141cd09df:	c7 83 a0 00 00 00 02 	mov    DWORD PTR [rbx+0xa0],0x2"	IMMEDIATE_2
0x141CD3650	0xA0	B_TO_C	WRITE_MOV	0x141CD338A	0x141CD36FF	"   141cd3650:	c7 83 a0 00 00 00 02 	mov    DWORD PTR [rbx+0xa0],0x2"	IMMEDIATE_2
0x141CD4F40	0xA0	B_TO_C	WRITE_MOV	0x141CD4CDC	0x141CD4FEA	"   141cd4f40:	c7 83 a0 00 00 00 02 	mov    DWORD PTR [rbx+0xa0],0x2"	IMMEDIATE_2
0x141CD77F5	0xA0	B_TO_C	WRITE_MOV	0x141CD7536	0x141CD789C	"   141cd77f5:	c7 83 a0 00 00 00 02 	mov    DWORD PTR [rbx+0xa0],0x2"	IMMEDIATE_2
0x141CDA516	0xA0	B_TO_C	WRITE_MOV	0x141CDA255	0x141CDA842	"   141cda516:	c7 83 a0 00 00 00 02 	mov    DWORD PTR [rbx+0xa0],0x2"	IMMEDIATE_2
0x141CDA656	0xA0	B_TO_C	WRITE_MOV	0x141CDA255	0x141CDA842	"   141cda656:	c7 83 a0 00 00 00 02 	mov    DWORD PTR [rbx+0xa0],0x2"	IMMEDIATE_2
0x141CDA79C	0xA0	B_TO_C	WRITE_MOV	0x141CDA255	0x141CDA842	"   141cda79c:	c7 83 a0 00 00 00 02 	mov    DWORD PTR [rbx+0xa0],0x2"	IMMEDIATE_2
0x141CDE9CE	0xA0	B_TO_C	WRITE_MOV	0x141CDE764	0x141CDEA7A	"   141cde9ce:	c7 83 a0 00 00 00 02 	mov    DWORD PTR [rbx+0xa0],0x2"	IMMEDIATE_2
0x141CE0875	0xA0	B_TO_C	WRITE_MOV	0x141CE05C5	0x141CE0929	"   141ce0875:	c7 83 a0 00 00 00 02 	mov    DWORD PTR [rbx+0xa0],0x2"	IMMEDIATE_2
0x141CE5F0F	0xA0	B_TO_C	WRITE_MOV	0x141CE5C5E	0x141CE5FB2	"   141ce5f0f:	c7 83 a0 00 00 00 02 	mov    DWORD PTR [rbx+0xa0],0x2"	IMMEDIATE_2
0x141CE9551	0xA0	B_TO_C	WRITE_MOV	0x141CE94A3	0x141CE95EC	"   141ce9551:	c7 83 a0 00 00 00 02 	mov    DWORD PTR [rbx+0xa0],0x2"	IMMEDIATE_2
0x141CEC91C	0xA0	B_TO_C	WRITE_MOV	0x141CEC640	0x141CEC9CD	"   141cec91c:	c7 83 a0 00 00 00 02 	mov    DWORD PTR [rbx+0xa0],0x2"	IMMEDIATE_2
0x141CEF688	0xA0	B_TO_C	WRITE_MOV	0x141CEF4EE	0x141CEF734	"   141cef688:	c7 83 a0 00 00 00 02 	mov    DWORD PTR [rbx+0xa0],0x2"	IMMEDIATE_2
0x141CF83EC	0xA0	B_TO_C	WRITE_MOV	0x141CF755A	0x141CF8582	"   141cf83ec:	c7 83 a0 00 00 00 02 	mov    DWORD PTR [rbx+0xa0],0x2"	IMMEDIATE_2
0x141D020F9	0xA0	B_TO_C	WRITE_MOV	0x141D02059	0x141D021A3	"   141d020f9:	c7 83 a0 00 00 00 02 	mov    DWORD PTR [rbx+0xa0],0x2"	IMMEDIATE_2
0x141D03945	0xA0	B_TO_C	WRITE_MOV	0x141D032DF	0x141D039E2	"   141d03945:	c7 83 a0 00 00 00 02 	mov    DWORD PTR [rbx+0xa0],0x2"	IMMEDIATE_2
0x141D0551F	0xA0	B_TO_C	WRITE_MOV	0x141D0512A	0x141D055D1	"   141d0551f:	c7 83 a0 00 00 00 02 	mov    DWORD PTR [rbx+0xa0],0x2"	IMMEDIATE_2
0x141D07185	0xA0	B_TO_C	WRITE_MOV	0x141D06B1F	0x141D07222	"   141d07185:	c7 83 a0 00 00 00 02 	mov    DWORD PTR [rbx+0xa0],0x2"	IMMEDIATE_2
0x141D08B33	0xA0	B_TO_C	WRITE_MOV	0x141D08999	0x141D08D2D	"   141d08b33:	c7 83 a0 00 00 00 02 	mov    DWORD PTR [rbx+0xa0],0x2"	IMMEDIATE_2
0x141D08C81	0xA0	B_TO_C	WRITE_MOV	0x141D08999	0x141D08D2D	"   141d08c81:	c7 83 a0 00 00 00 02 	mov    DWORD PTR [rbx+0xa0],0x2"	IMMEDIATE_2
0x141D0A4C5	0xA0	B_TO_C	WRITE_MOV	0x141D09E5F	0x141D0A562	"   141d0a4c5:	c7 83 a0 00 00 00 02 	mov    DWORD PTR [rbx+0xa0],0x2"	IMMEDIATE_2
0x141D0D987	0xA0	B_TO_C	WRITE_MOV	0x141D0D5E7	0x141D0DB7A	"   141d0d987:	c7 83 a0 00 00 00 02 	mov    DWORD PTR [rbx+0xa0],0x2"	IMMEDIATE_2
0x141D0DAC5	0xA0	B_TO_C	WRITE_MOV	0x141D0D5E7	0x141D0DB7A	"   141d0dac5:	c7 83 a0 00 00 00 02 	mov    DWORD PTR [rbx+0xa0],0x2"	IMMEDIATE_2
0x141D0DC07	0xA0	B_TO_C	WRITE_MOV	0x141D0DB7A	0x141D0DCB5	"   141d0dc07:	c7 83 a0 00 00 00 02 	mov    DWORD PTR [rbx+0xa0],0x2"	IMMEDIATE_2
0x141D1786E	0xA0	B_TO_C	WRITE_MOV	0x141D177CA	0x141D1792D	"   141d1786e:	c7 83 a0 00 00 00 02 	mov    DWORD PTR [rbx+0xa0],0x2"	IMMEDIATE_2
0x141D179CF	0xA0	B_TO_C	WRITE_MOV	0x141D1792D	0x141D17A85	"   141d179cf:	c7 83 a0 00 00 00 02 	mov    DWORD PTR [rbx+0xa0],0x2"	IMMEDIATE_2
0x141D17B28	0xA0	B_TO_C	WRITE_MOV	0x141D17A85	0x141D17BD8	"   141d17b28:	c7 83 a0 00 00 00 02 	mov    DWORD PTR [rbx+0xa0],0x2"	IMMEDIATE_2
0x141D1A102	0xA0	B_TO_C	WRITE_MOV	0x141D1A05E	0x141D1A1C2	"   141d1a102:	c7 83 a0 00 00 00 02 	mov    DWORD PTR [rbx+0xa0],0x2"	IMMEDIATE_2
0x141D1A265	0xA0	B_TO_C	WRITE_MOV	0x141D1A1C2	0x141D1A31A	"   141d1a265:	c7 83 a0 00 00 00 02 	mov    DWORD PTR [rbx+0xa0],0x2"	IMMEDIATE_2
0x141D1A3BE	0xA0	B_TO_C	WRITE_MOV	0x141D1A31A	0x141D1A472	"   141d1a3be:	c7 83 a0 00 00 00 02 	mov    DWORD PTR [rbx+0xa0],0x2"	IMMEDIATE_2
0x141D1C1C5	0xA0	B_TO_C	WRITE_MOV	0x141D1C125	0x141D1C273	"   141d1c1c5:	c7 83 a0 00 00 00 02 	mov    DWORD PTR [rbx+0xa0],0x2"	IMMEDIATE_2
0x141D1C313	0xA0	B_TO_C	WRITE_MOV	0x141D1C273	0x141D1C3C0	"   141d1c313:	c7 83 a0 00 00 00 02 	mov    DWORD PTR [rbx+0xa0],0x2"	IMMEDIATE_2
0x141D20471	0xA0	B_TO_C	WRITE_MOV	0x141D203C3	0x141D2050C	"   141d20471:	c7 83 a0 00 00 00 02 	mov    DWORD PTR [rbx+0xa0],0x2"	IMMEDIATE_2
0x141D2271A	0xA0	B_TO_C	WRITE_MOV	0x141D22685	0x141D227DA	"   141d2271a:	c7 83 a0 00 00 00 02 	mov    DWORD PTR [rbx+0xa0],0x2"	IMMEDIATE_2
0x141D2286F	0xA0	B_TO_C	WRITE_MOV	0x141D227DA	0x141D2292A	"   141d2286f:	c7 83 a0 00 00 00 02 	mov    DWORD PTR [rbx+0xa0],0x2"	IMMEDIATE_2
0x141D24200	0xA0	B_TO_C	WRITE_MOV	0x141D2405C	0x141D2429D	"   141d24200:	c7 83 a0 00 00 00 02 	mov    DWORD PTR [rbx+0xa0],0x2"	IMMEDIATE_2
0x141D25157	0xA0	B_TO_C	WRITE_MOV	0x141D243A4	0x141D25244	"   141d25157:	c7 83 a0 00 00 00 02 	mov    DWORD PTR [rbx+0xa0],0x2"	IMMEDIATE_2
0x141D27DFA	0xA0	B_TO_C	WRITE_MOV	0x141D2765F	0x141D27E8D	"   141d27dfa:	c7 83 a0 00 00 00 02 	mov    DWORD PTR [rbx+0xa0],0x2"	IMMEDIATE_2
0x141D2EA05	0xA0	B_TO_C	WRITE_MOV	0x141D2E793	0x141D2EABB	"   141d2ea05:	c7 83 a0 00 00 00 02 	mov    DWORD PTR [rbx+0xa0],0x2"	IMMEDIATE_2
0x141D317B9	0xA0	B_TO_C	WRITE_MOV	0x141D31635	0x141D31863	"   141d317b9:	c7 83 a0 00 00 00 02 	mov    DWORD PTR [rbx+0xa0],0x2"	IMMEDIATE_2
0x141D3320B	0xA0	B_TO_C	WRITE_MOV	0x141D32E9F	0x141D332B7	"   141d3320b:	c7 83 a0 00 00 00 02 	mov    DWORD PTR [rbx+0xa0],0x2"	IMMEDIATE_2
0x141D3998E	0xA0	B_TO_C	WRITE_MOV	0x141D3951A	0x141D39A4E	"   141d3998e:	c7 83 a0 00 00 00 02 	mov    DWORD PTR [rbx+0xa0],0x2"	IMMEDIATE_2
0x141D39B10	0xA0	B_TO_C	WRITE_MOV	0x141D39A4E	0x141D39BD0	"   141d39b10:	c7 83 a0 00 00 00 02 	mov    DWORD PTR [rbx+0xa0],0x2"	IMMEDIATE_2
0x141D3B95B	0xA0	B_TO_C	WRITE_MOV	0x141D3B7D3	0x141D3BA07	"   141d3b95b:	c7 83 a0 00 00 00 02 	mov    DWORD PTR [rbx+0xa0],0x2"	IMMEDIATE_2
0x141D3CF3B	0xA0	B_TO_C	WRITE_MOV	0x141D3CDB1	0x141D3CFE5	"   141d3cf3b:	c7 83 a0 00 00 00 02 	mov    DWORD PTR [rbx+0xa0],0x2"	IMMEDIATE_2
0x141D3E52F	0xA0	B_TO_C	WRITE_MOV	0x141D3E3A5	0x141D3E5D9	"   141d3e52f:	c7 83 a0 00 00 00 02 	mov    DWORD PTR [rbx+0xa0],0x2"	IMMEDIATE_2
0x141D3FA90	0xA0	B_TO_C	WRITE_MOV	0x141D3F917	0x141D3FB43	"   141d3fa90:	c7 83 a0 00 00 00 02 	mov    DWORD PTR [rbx+0xa0],0x2"	IMMEDIATE_2
0x141D412D5	0xA0	B_TO_C	WRITE_MOV	0x141D4105C	0x141D41374	"   141d412d5:	c7 83 a0 00 00 00 02 	mov    DWORD PTR [rbx+0xa0],0x2"	IMMEDIATE_2
0x141D42986	0xA0	B_TO_C	WRITE_MOV	0x141D41479	0x141D42A3E	"   141d42986:	c7 83 a0 00 00 00 02 	mov    DWORD PTR [rbx+0xa0],0x2"	IMMEDIATE_2
0x141E0F431	0xA0	B_TO_C	WRITE_MOV	0x141E0E487	0x141E0F6EC	"   141e0f431:	c7 83 a0 00 00 00 02 	mov    DWORD PTR [rbx+0xa0],0x2"	IMMEDIATE_2
0x141FC3ECE	0xA0	B_TO_C	WRITE_MOV	0x141FC3BD2	0x141FC44C7	"   141fc3ece:	c7 83 a0 00 00 00 02 	mov    DWORD PTR [rbx+0xa0],0x2"	IMMEDIATE_2
0x141FC4025	0xA0	B_TO_C	WRITE_MOV	0x141FC3BD2	0x141FC44C7	"   141fc4025:	c7 83 a0 00 00 00 02 	mov    DWORD PTR [rbx+0xa0],0x2"	IMMEDIATE_2
0x141FC417C	0xA0	B_TO_C	WRITE_MOV	0x141FC3BD2	0x141FC44C7	"   141fc417c:	c7 83 a0 00 00 00 02 	mov    DWORD PTR [rbx+0xa0],0x2"	IMMEDIATE_2
0x141FC42D3	0xA0	B_TO_C	WRITE_MOV	0x141FC3BD2	0x141FC44C7	"   141fc42d3:	c7 83 a0 00 00 00 02 	mov    DWORD PTR [rbx+0xa0],0x2"	IMMEDIATE_2
0x141FC442A	0xA0	B_TO_C	WRITE_MOV	0x141FC3BD2	0x141FC44C7	"   141fc442a:	c7 83 a0 00 00 00 02 	mov    DWORD PTR [rbx+0xa0],0x2"	IMMEDIATE_2
0x141FD37DD	0xA0	B_TO_C	WRITE_MOV	0x141FD35FB	0x141FD47D5	"   141fd37dd:	c7 83 a0 00 00 00 02 	mov    DWORD PTR [rbx+0xa0],0x2"	IMMEDIATE_2
0x141FD3F76	0xA0	B_TO_C	WRITE_MOV	0x141FD35FB	0x141FD47D5	"   141fd3f76:	c7 83 a0 00 00 00 02 	mov    DWORD PTR [rbx+0xa0],0x2"	IMMEDIATE_2
0x141FD40BF	0xA0	B_TO_C	WRITE_MOV	0x141FD35FB	0x141FD47D5	"   141fd40bf:	c7 83 a0 00 00 00 02 	mov    DWORD PTR [rbx+0xa0],0x2"	IMMEDIATE_2
0x141FD6850	0xA0	B_TO_C	WRITE_MOV	0x141FD6642	0x141FD6AE0	"   141fd6850:	c7 83 a0 00 00 00 02 	mov    DWORD PTR [rbx+0xa0],0x2"	IMMEDIATE_2
0x1420DDCD0	0xA0	B_TO_C	WRITE_MOV	0x1420DDC22	0x1420DDD6F	"   1420ddcd0:	c7 83 a0 00 00 00 02 	mov    DWORD PTR [rbx+0xa0],0x2"	IMMEDIATE_2
0x14237A190	0xA0	B_TO_C	WRITE_MOV	0x142379C8C	0x14237A235	"   14237a190:	c7 83 a0 00 00 00 02 	mov    DWORD PTR [rbx+0xa0],0x2"	IMMEDIATE_2
0x14237BA73	0xA0	B_TO_C	WRITE_MOV	0x14237B56F	0x14237BB18	"   14237ba73:	c7 83 a0 00 00 00 02 	mov    DWORD PTR [rbx+0xa0],0x2"	IMMEDIATE_2
0x14237D363	0xA0	B_TO_C	WRITE_MOV	0x14237CE5F	0x14237D408	"   14237d363:	c7 83 a0 00 00 00 02 	mov    DWORD PTR [rbx+0xa0],0x2"	IMMEDIATE_2
0x14237EC53	0xA0	B_TO_C	WRITE_MOV	0x14237E74F	0x14237ECF8	"   14237ec53:	c7 83 a0 00 00 00 02 	mov    DWORD PTR [rbx+0xa0],0x2"	IMMEDIATE_2
0x142387554	0xA0	B_TO_C	WRITE_MOV	0x142386A98	0x142387700	"   142387554:	c7 83 a0 00 00 00 02 	mov    DWORD PTR [rbx+0xa0],0x2"	IMMEDIATE_2
0x1426337CF	0x1D0	B_TO_C_PLUS130	WRITE_MOV	0x14263378A	0x1426337DB	"   1426337cf:	c7 87 d0 01 00 00 02 	mov    DWORD PTR [rdi+0x1d0],0x2"	IMMEDIATE_2
0x1428DC453	0x1D0	B_TO_C_PLUS130	WRITE_MOV	0x1428DC420	0x1428DC463	"   1428dc453:	c7 83 d0 01 00 00 02 	mov    DWORD PTR [rbx+0x1d0],0x2"	IMMEDIATE_2
0x142D97211	0xA0	B_TO_C	WRITE_MOV	0x142D97010	0x142D97678	"   142d97211:	41 c7 86 a0 00 00 00 	mov    DWORD PTR [r14+0xa0],0x2"	IMMEDIATE_2
0x14308E074	0xA0	B_TO_C	WRITE_MOV	0x14308E059	0x14308E0F1	"   14308e074:	c6 83 a0 00 00 00 02 	mov    BYTE PTR [rbx+0xa0],0x2"	IMMEDIATE_2
0x1435164F1	0xA0	B_TO_C	WRITE_MOV	0x1435163C0	0x143516617	"   1435164f1:	49 c7 86 a0 00 00 00 	mov    QWORD PTR [r14+0xa0],0x2"	IMMEDIATE_2
0x143855836	0xA0	B_TO_C	WRITE_MOV	0x143854890	0x143855E1E	"   143855836:	48 c7 85 a0 00 00 00 	mov    QWORD PTR [rbp+0xa0],0x2"	IMMEDIATE_2
0x143EA60A9	0xA0	B_TO_C	WRITE_MOV	0x143EA5FE0	0x143EA60E7	"   143ea60a9:	c6 87 a0 00 00 00 02 	mov    BYTE PTR [rdi+0xa0],0x2"	IMMEDIATE_2
0x145A87170	0xA0	B_TO_C	WRITE_MOV	0x145A87010	0x145A8719C	"   145a87170:	41 c7 86 a0 00 00 00 	mov    DWORD PTR [r14+0xa0],0x2"	IMMEDIATE_2
0x1461B7F02	0xA0	B_TO_C	WRITE_MOV	0x1461B7400	0x1461B92E0	"   1461b7f02:	c7 85 a0 00 00 00 02 	mov    DWORD PTR [rbp+0xa0],0x2"	IMMEDIATE_2
0x1466FE299	0xA0	B_TO_C	WRITE_MOV	0x1466FE170	0x1466FE3BF	"   1466fe299:	49 c7 86 a0 00 00 00 	mov    QWORD PTR [r14+0xa0],0x2"	IMMEDIATE_2
0x147931CC4	0xA0	B_TO_C	WRITE_MOV	0x147931AA0	0x147931E02	"   147931cc4:	c7 84 24 a0 00 00 00 	mov    DWORD PTR [rsp+0xa0],0x2"	IMMEDIATE_2
0x147AA1B5E	0xA0	B_TO_C	WRITE_MOV	0x147AA1AD0	0x147AA1B80	"   147aa1b5e:	c7 83 a0 00 00 00 02 	mov    DWORD PTR [rbx+0xa0],0x2"	IMMEDIATE_2
0x147AB6AA1	0x1D0	B_TO_C_PLUS130	WRITE_MOV	0x147AB65CC	0x147AB6D12	"   147ab6aa1:	c7 85 d0 01 00 00 02 	mov    DWORD PTR [rbp+0x1d0],0x2"	IMMEDIATE_2
