kind	site	function	instruction
CALL	0x140FDDE9D	0x140FDDE80	
CALL	0x140FDDFBD	0x140FDDFA0	
CALL	0x140FDE0DD	0x140FDE0C0	
CALL	0x140FDE1FD	0x140FDE1E0	
CALL	0x140FDE31D	0x140FDE300	
CALL	0x140FDE43D	0x140FDE420	
CALL	0x140FDE55D	0x140FDE540	
CALL	0x1410041B6	0x141004100	
CALL	0x14100E465	0x14100E440	
CALL	0x14100FB0E	0x14100FA20	
CALL	0x141010D51	0x141010B40	
CALL	0x141010F39	0x141010F00	
CALL	0x1410111A6	0x141010FB0	
CALL	0x1410131C6	0x141013180	
CALL	0x1410135BB	0x141013440	
CALL	0x1410135D2	0x141013440	
CALL	0x1410139E6	0x141013900	
CALL	0x141013EA4	0x141013EA0	
CALL	0x14101575A	0x141015750	
CALL	0x1410157F4	0x1410157F0	
CALL	0x1410158B4	0x1410158A0	
CALL	0x1410159B8	0x1410159A0	
CALL	0x1410159F8	0x1410159A0	
CALL	0x141015C28	0x141015C00	
CALL	0x141015C68	0x141015C00	
CALL	0x141015D3D	0x141015D30	
CALL	0x141018EC4	0x141018EC0	
CALL	0x14101A336	0x14101A2F0	
CALL	0x14101A3B7	0x14101A370	
CALL	0x14101F75D	0x14101F750	
CALL	0x14102EA44	0x14102EA20	
CALL	0x141038274	0x141038270	
CALL	0x141038355	0x141038340	
CALL	0x14104083A	0x1410407E0	
CALL	0x141042840	0x141042820	
CALL	0x141084C3C	0x141084BE0	
CALL	0x142532292	0x14253228B	
CALL	0x1425322B9	0x14253228B	
CALL	0x14254B598	0x14254B580	
CALL	0x14254B799	0x14254B600	
CALL	0x14254BD58	0x14254BD40	
CALL	0x14259559A	0x142595580	
CALL	0x142595610	0x142595600	
CALL	0x14278FCCB	0x14278FC10	
CALL	0x142790022	0x142790010	
CALL	0x142790A13	0x1427909F0	
CALL	0x1427BD2DB	0x1427BD2C0	
CALL	0x1427BE8AF	0x1427BE880	
CALL	0x1427BF4F3	0x1427BF3F0	
CALL	0x14283A987	0x14283A950	
CALL	0x14283A9A0	0x14283A950	
CALL	0x142890669	0x142890640	
CALL	0x1428906B1	0x142890640	
CALL	0x1428CD17C	0x1428CCF20	
CALL	0x1428D8CCC	0x1428D8C40	
CALL	0x1428D8DF9	0x1428D8D70	
CALL	0x1428ED698	0x1428ED670	
CALL	0x1428F417C	0x1428F40F0	
CALL	0x1429AE2BF	0x1429ADE30	
CALL	0x1429AE2CD	0x1429ADE30	
CALL	0x1429EFCD8	0x1429EFCA0	
CALL	0x1429FC12C	0x1429FC113	
CALL	0x1429FDDDA	0x1429FDBF0	
CALL	0x1429FE401	0x1429FE2B0	
CALL	0x142A01282	0x142A011F0	
CALL	0x142A01462	0x142A011F0	
CALL	0x142A09BD5	0x142A09BA0	
CALL	0x142A0DC89	0x142A0DC79	
CALL	0x142A5AC5D	0x142A5AC40	
CALL	0x142A633DB	0x142A633D0	
CALL	0x142B359AA	0x142B35990	
CALL	0x142B39E1A	0x142B39E00	
CALL	0x142C77B5D	0x142C77B40	
CALL	0x142C82BF1	0x142C82BA0	
CALL	0x142C85E9C	0x142C85730	
CALL	0x142C966D4	0x142C966B0	
CALL	0x142CBFF22	0x142CBFF10	
CALL	0x142CC001A	0x142CC0000	
CALL	0x142CC0102	0x142CC00F0	
CALL	0x142CC4CE2	0x142CC4CD0	
CALL	0x142CC4DEA	0x142CC4DD0	
CALL	0x142CC610A	0x142CC60F0	
CALL	0x142CC6C06	0x142CC6BF6	
CALL	0x142CC6DA5	0x142CC6D20	
CALL	0x142CC72F2	0x142CC72E0	
CALL	0x142CC7569	0x142CC7550	
CALL	0x142CC7AC0	0x142CC7AA0	
CALL	0x142CC7BC5	0x142CC7B90	
CALL	0x142CC7D52	0x142CC7D30	
CALL	0x142CC827D	0x142CC8260	
CALL	0x142CCBAD8	0x142CCBAC0	
CALL	0x142CCC16A	0x142CCC150	
CALL	0x142CCC20A	0x142CCC1F0	
CALL	0x142CCC2BB	0x142CCC290	
CALL	0x142CCC414	0x142CCC3F0	
CALL	0x142CCC793	0x142CCC770	
CALL	0x142CCCAA3	0x142CCCA80	
CALL	0x142D0E0A2	0x142D0E07F	
CALL	0x142D0E10D	0x142D0E0F0	
CALL	0x142D3D01D	0x142D3D010	
CALL	0x142D4329C	0x142D43260	
CALL	0x142D434DC	0x142D434A0	
CALL	0x142D43938	0x142D437E0	
CALL	0x142D6F22A	0x142D6F170	
CALL	0x142D783D9	0x142D783A0	
CALL	0x142D78EB7	0x142D78E50	
CALL	0x142D78F66	0x142D78E50	
CALL	0x142D7901A	0x142D78E50	
CALL	0x142D79278	0x142D791C0	
CALL	0x142D792FE	0x142D791C0	
CALL	0x142D79384	0x142D791C0	
CALL	0x142D79605	0x142D791C0	
CALL	0x142D79786	0x142D791C0	
CALL	0x142D7994A	0x142D798D0	
CALL	0x142D799BC	0x142D798D0	
CALL	0x142D79A2E	0x142D798D0	
CALL	0x142D7A5B0	0x142D7A510	
CALL	0x142D7AE29	0x142D7AD50	
CALL	0x142D7AEDB	0x142D7AD50	
CALL	0x142D7B372	0x142D7AD50	
CALL	0x142D806E0	0x142D805A0	
CALL	0x142D80B89	0x142D80B80	
CALL	0x142D80C7B	0x142D80C40	
CALL	0x142D811E9	0x142D811E0	
CALL	0x142D81C59	0x142D81C50	
CALL	0x142D81D74	0x142D81D00	
CALL	0x142D81F44	0x142D81D00	
CALL	0x142D820D1	0x142D820C0	
CALL	0x142D85A77	0x142D85A60	
CALL	0x142D86093	0x142D86070	
CALL	0x142D886DD	0x142D886A0	
CALL	0x142D8A5BD	0x142D8A5A0	
CALL	0x142D92545	0x142D92510	
CALL	0x142D925A8	0x142D92510	
CALL	0x142D9260B	0x142D92510	
CALL	0x142D92762	0x142D92680	
CALL	0x142D92E2D	0x142D92DB0	
CALL	0x142D9318D	0x142D93100	
CALL	0x142D93AE5	0x142D93AB0	
CALL	0x142D93B48	0x142D93AB0	
CALL	0x142D93BAB	0x142D93AB0	
CALL	0x142DCF23E	0x142DCF220	
CALL	0x142DD9EDA	0x142DD9EC0	
CALL	0x142E560A9	0x142E56070	
CALL	0x142E606D0	0x142E606C0	
CALL	0x142E60CC0	0x142E60C80	
CALL	0x142E61040	0x142E61030	
CALL	0x142E610C0	0x142E610B0	
CALL	0x142EB8480	0x142EB83A0	
CALL	0x142EB87F1	0x142EB83A0	
CALL	0x142EB8C64	0x142EB8C20	
CALL	0x142EB9EE7	0x142EB9EE2	
CALL	0x142EC0CE1	0x142EC0BD0	
CALL	0x142EC0E8D	0x142EC0BD0	
CALL	0x142EF8A9C	0x142EF8990	
CALL	0x142EF8BB7	0x142EF8990	
CALL	0x142EF9423	0x142EF91A0	
CALL	0x142EFAA53	0x142EFA9F0	
CALL	0x142EFABFD	0x142EFABE0	
CALL	0x142EFBA4C	0x142EFBA00	
CALL	0x142EFBCC2	0x142EFBA00	
CALL	0x142EFBF92	0x142EFBF80	
CALL	0x142EFC7A4	0x142EFC7A0	
CALL	0x142EFE682	0x142EFE670	
CALL	0x142EFE745	0x142EFE730	
CALL	0x142EFE899	0x142EFE880	
CALL	0x142EFF71B	0x142EFF510	
CALL	0x142F00150	0x142F00130	
CALL	0x142F0027B	0x142F00240	
CALL	0x142F07472	0x142F07450	
CALL	0x142F087C7	0x142F08790	
CALL	0x142F2695D	0x142F26940	
CALL	0x142F380E2	0x142F380D0	
CALL	0x142F381AA	0x142F381A0	
CALL	0x142F38349	0x142F38330	
CALL	0x142F38822	0x142F38810	
CALL	0x142FF5815	0x142FF5720	
CALL	0x142FF6EDD	0x142FF6E50	
CALL	0x142FFB63E	0x142FFB5B0	
CALL	0x1430411BE	0x143041140	
CALL	0x143041215	0x143041200	
CALL	0x1430B7D2B	0x1430B7C50	
CALL	0x1430B8F6D	0x1430B8F63	
CALL	0x14318DE5F	0x14318DE50	
CALL	0x1431953CA	0x143195310	
CALL	0x1431C5D80	0x1431C5CC0	
CALL	0x1431C7162	0x1431C7150	
CALL	0x1431FE1A9	0x1431FE1A0	
CALL	0x1431FE263	0x1431FE240	
CALL	0x14324DD11	0x14324DCF0	
CALL	0x143259D40	0x143259C10	
CALL	0x143259F05	0x143259C10	
CALL	0x14325A064	0x143259C10	
CALL	0x14325A565	0x143259C10	
CALL	0x14325BD54	0x14325BD40	
CALL	0x14325CB17	0x14325CB00	
CALL	0x14325CF82	0x14325CF70	
CALL	0x143266AE2	0x143266A40	
CALL	0x143266C26	0x143266B80	
CALL	0x1432B7B1A	0x1432B78C0	
CALL	0x1432B7BCC	0x1432B78C0	
CALL	0x1432B7C69	0x1432B78C0	
CALL	0x1432C8596	0x1432C83D0	
CALL	0x1432C8F23	0x1432C8F00	
CALL	0x1432CAA0F	0x1432CA9E0	
CALL	0x143312A7C	0x1433129F0	
CALL	0x1433153B5	0x143315250	
CALL	0x14331572C	0x1433156F0	
CALL	0x143316172	0x143316160	
CALL	0x1433167F8	0x1433167D0	
CALL	0x143316A4A	0x143316900	
CALL	0x143316B4F	0x143316B40	
CALL	0x1433194F3	0x1433194D0	
CALL	0x143326B95	0x143326A90	
CALL	0x1433272CD	0x143327170	
CALL	0x1433275A5	0x1433274A0	
CALL	0x1433277D5	0x1433276D0	
CALL	0x14336958E	0x143369430	
CALL	0x143369689	0x143369430	
CALL	0x143371750	0x1433716E0	
CALL	0x143372C3C	0x143372BD0	
CALL	0x1433733EE	0x1433732F0	
CALL	0x143374223	0x143373EB0	
CALL	0x14337C2E6	0x14337C2D0	
CALL	0x14337E6EF	0x14337E6C0	
CALL	0x14337EC12	0x14337EB70	
CALL	0x1433BA232	0x1433BA220	
CALL	0x1433BA646	0x1433BA620	
CALL	0x1433C16A9	0x1433C1680	
CALL	0x1433C16DA	0x1433C1680	
CALL	0x1433C23FE	0x1433C1800	
CALL	0x1433E7B56	0x1433E7B10	
CALL	0x1433E7B60	0x1433E7B10	
CALL	0x1433E7FE9	0x1433E7B10	
CALL	0x1433E8005	0x1433E7B10	
CALL	0x1433E811D	0x1433E7B10	
CALL	0x1433E926F	0x1433E7B10	
CALL	0x1433E9282	0x1433E7B10	
CALL	0x1433E92AB	0x1433E7B10	
CALL	0x1433EADC7	0x1433EAAA0	
CALL	0x1433EC6BD	0x1433EC690	
CALL	0x1433EC6CB	0x1433EC690	
CALL	0x1433EC6E2	0x1433EC690	
CALL	0x1433EC949	0x1433EC930	
CALL	0x1433EC957	0x1433EC930	
CALL	0x1433EC96E	0x1433EC930	
CALL	0x1433EF1FA	0x1433EF130	
CALL	0x1433EF434	0x1433EF400	
CALL	0x143447964	0x143447940	
CALL	0x143447996	0x143447940	
CALL	0x1434492AB	0x143449290	
CALL	0x1434492E0	0x143449290	
CALL	0x14344EC87	0x14344E690	
CALL	0x14345204A	0x143451FF0	
CALL	0x1434601D9	0x1434600C0	
CALL	0x1434E7B6E	0x1434E78D0	
CALL	0x1434EA1DD	0x1434EA150	
CALL	0x1434EA1F4	0x1434EA150	
CALL	0x1434ED7CC	0x1434ED7A0	
CALL	0x1434F4010	0x1434F3E10	
CALL	0x1434FB151	0x1434FB12A	
CALL	0x14351DC62	0x14351DC50	
CALL	0x1435242E1	0x1435242E1	
CALL	0x14352AF71	0x14352ADC0	
CALL	0x143579C17	0x143579C00	
CALL	0x14358C39D	0x14358C390	
CALL	0x14358D397	0x14358D360	
CALL	0x14358E5C9	0x14358E5A0	
CALL	0x14359A192	0x14359A180	
CALL	0x1435BF18A	0x1435BF100	
CALL	0x1435C12C4	0x1435C1270	
CALL	0x1435C2F02	0x1435C2E60	
CALL	0x1435C2F18	0x1435C2E60	
CALL	0x1435C8BA6	0x1435C8B70	
CALL	0x1435C8F71	0x1435C8B70	
CALL	0x1435C9BF8	0x1435C8B70	
CALL	0x1435CBC89	0x1435CBC00	
CALL	0x1435CBD27	0x1435CBD10	
CALL	0x1435CC022	0x1435CC010	
CALL	0x1435CC1AD	0x1435CC180	
CALL	0x1435CC500	0x1435CC4B0	
CALL	0x1435CD994	0x1435CD830	
CALL	0x1435CDEE2	0x1435CDC00	
CALL	0x1435CE3AA	0x1435CE350	
CALL	0x1435CE4F5	0x1435CE350	
CALL	0x1435CE939	0x1435CE930	
CALL	0x1435CECAB	0x1435CEC90	
CALL	0x1435CF3EA	0x1435CF330	
CALL	0x1435CF756	0x1435CF6A0	
CALL	0x1435CF84E	0x1435CF6A0	
CALL	0x1435D03BE	0x1435D03A0	
CALL	0x1435D075E	0x1435D0740	
CALL	0x1435D0BAF	0x1435D0B70	
CALL	0x1435D0D31	0x1435D0B70	
CALL	0x1435D5472	0x1435D5460	
CALL	0x1435D77FF	0x1435D77C0	
CALL	0x1435D7A00	0x1435D7970	
CALL	0x14361A2E1	0x14361A2C0	
CALL	0x14361C371	0x14361C000	
CALL	0x143652C3C	0x143652C2E	
CALL	0x143652FFE	0x143652FA0	
CALL	0x143688E10	0x143688C70	
CALL	0x143689467	0x1436892F0	
CALL	0x1436948B3	0x143694880	
CALL	0x143699B03	0x143699A30	
CALL	0x14369A313	0x14369A300	
CALL	0x1436C62A8	0x1436C61E0	
CALL	0x1436D4B3E	0x1436D4B20	
CALL	0x1436D5549	0x1436D5520	
CALL	0x1436D5ABC	0x1436D5950	
CALL	0x14374F02D	0x14374EF70	
CALL	0x14374F062	0x14374EF70	
CALL	0x143750986	0x143750930	
CALL	0x143759A32	0x143759550	
CALL	0x143759D4B	0x143759D23	
CALL	0x1437636A9	0x1437636A0	
CALL	0x143763991	0x143763870	
CALL	0x143763A92	0x143763A80	
CALL	0x143763AED	0x143763A80	
CALL	0x143763B3D	0x143763B30	
CALL	0x1437643FD	0x1437643F0	
CALL	0x14376F0EB	0x14376E530	
CALL	0x143772495	0x143771900	
CALL	0x14377249F	0x143771900	
CALL	0x1437ABD07	0x1437ABCE0	
CALL	0x1437AC9A2	0x1437AC8C0	
CALL	0x1437B05FF	0x1437B04D0	
CALL	0x1437B0A59	0x1437B0A40	
CALL	0x1437B1044	0x1437B0FA0	
CALL	0x1437B11B1	0x1437B1110	
CALL	0x1437B1340	0x1437B1330	
CALL	0x14381F93E	0x14381F900	
CALL	0x143821812	0x143821790	
CALL	0x14382469D	0x143824620	
CALL	0x143825405	0x143825400	
CALL	0x14382D1B8	0x14382D1B3	
CALL	0x14384E3B7	0x14384DDB0	
CALL	0x14385004E	0x14384FFE0	
CALL	0x1438F1165	0x1438F1120	
CALL	0x1438F18A8	0x1438F1870	
CALL	0x1438F18BB	0x1438F1870	
CALL	0x1438F21A9	0x1438F21A0	
CALL	0x143942E9C	0x143942DE0	
CALL	0x143942EB7	0x143942DE0	
CALL	0x143947688	0x143947500	
CALL	0x143947836	0x143947500	
CALL	0x14394E6AF	0x14394E690	
CALL	0x14394E6E0	0x14394E690	
CALL	0x14394F80E	0x14394F790	
CALL	0x14394FA59	0x14394FA49	
CALL	0x14394FFF0	0x14394FFE0	
CALL	0x143950004	0x14394FFE0	
CALL	0x143950EAA	0x143950EA5	
CALL	0x143950F88	0x143950F0F	
CALL	0x14395135A	0x1439511D0	
CALL	0x14395B8FE	0x14395B8E0	
CALL	0x14395B912	0x14395B8E0	
CALL	0x14395B92A	0x14395B8E0	
CALL	0x143A2D781	0x143A2D720	
CALL	0x143A52586	0x143A52510	
CALL	0x143A58096	0x143A58060	
CALL	0x143B9EBFE	0x143B9EBD0	
CALL	0x143B9F1BF	0x143B9F130	
CALL	0x143CAAD50	0x143CAACF0	
CALL	0x143CACFEA	0x143CACE30	
CALL	0x143CAD23A	0x143CACE30	
CALL	0x143CAFF30	0x143CAFE70	
CALL	0x143CB0218	0x143CAFE70	
CALL	0x143CB0572	0x143CAFE70	
CALL	0x143CB090D	0x143CB08EB	
CALL	0x143CB0DDE	0x143CB0BC0	
CALL	0x143CB161B	0x143CB1250	
CALL	0x143CB1678	0x143CB1250	
CALL	0x143CB1A59	0x143CB18D0	
CALL	0x143CB1CDA	0x143CB1AD0	
CALL	0x143CB1D38	0x143CB1AD0	
CALL	0x143CB372A	0x143CB36F0	
CALL	0x143CB3906	0x143CB38E0	
CALL	0x143CB3960	0x143CB3950	
CALL	0x143CB5F40	0x143CB5F30	
CALL	0x143CB6051	0x143CB6041	
CALL	0x143CB8995	0x143CB8490	
CALL	0x143CB96BE	0x143CB96A0	
CALL	0x143CB9FD3	0x143CB9F50	
CALL	0x143CC112F	0x143CC0D50	
CALL	0x143CC1184	0x143CC0D50	
CALL	0x143CC11D0	0x143CC0D50	
CALL	0x143CD760D	0x143CD75F0	
CALL	0x143CF5C83	0x143CF5C60	
CALL	0x143CFD7C8	0x143CFD790	
CALL	0x143D441CD	0x143D441B0	
CALL	0x143D44E19	0x143D44600	
CALL	0x143D57359	0x143D57350	
CALL	0x143D57665	0x143D57650	
CALL	0x143DB9669	0x143DB9650	
CALL	0x143DB9787	0x143DB9770	
CALL	0x143DB9FAB	0x143DB9FA0	
CALL	0x143DBA369	0x143DBA250	
CALL	0x143DBA50E	0x143DBA4F0	
CALL	0x143DBA696	0x143DBA680	
CALL	0x143DBA84D	0x143DBA830	
CALL	0x143DBBE33	0x143DBBC90	
CALL	0x143DFBC29	0x143DFBC20	
CALL	0x143E02D47	0x143E02D20	
CALL	0x143E02E04	0x143E02D20	
CALL	0x143E02EE3	0x143E02D20	
CALL	0x143E1228E	0x143E12280	
CALL	0x143E1633C	0x143E1632E	
CALL	0x143E164B9	0x143E16480	
CALL	0x143E166D8	0x143E16690	
CALL	0x143E77ADC	0x143E77A50	
CALL	0x143E814C7	0x143E813E0	
CALL	0x143E81604	0x143E813E0	
CALL	0x143E9ACF4	0x143E9ACB4	
CALL	0x143EFABED	0x143EFABD0	
CALL	0x143EFE139	0x143EFE110	
CALL	0x143F1A4BC	0x143F1A290	
CALL	0x143F1A4E1	0x143F1A290	
CALL	0x143F59CFE	0x143F59C20	
CALL	0x143F622B5	0x143F62280	
CALL	0x143F63080	0x143F62FE0	
CALL	0x143FA5121	0x143FA50F0	
CALL	0x143FB0FF6	0x143FB0FD0	
CALL	0x143FB1627	0x143FB1616	
CALL	0x143FB3084	0x143FB3010	
CALL	0x143FC8AF4	0x143FC88E0	
CALL	0x143FC8B30	0x143FC88E0	
CALL	0x144024846	0x1440247F0	
CALL	0x144033E6F	0x144033DC0	
CALL	0x14404483B	0x144044810	
CALL	0x14408C402	0x14408C3D3	
CALL	0x14408C442	0x14408C442	
CALL	0x14409BE89	0x14409BDB0	
CALL	0x14409BF44	0x14409BDB0	
CALL	0x1440A1CFE	0x1440A1CA0	
CALL	0x1440A1E0D	0x1440A1DF0	
CALL	0x1440A23E5	0x1440A23D0	
CALL	0x1440A24E9	0x1440A23D0	
CALL	0x1440A28DD	0x1440A28C0	
CALL	0x1440DD522	0x1440DD510	
CALL	0x1440DD5B9	0x1440DD5B0	
CALL	0x1440DDE92	0x1440DDAC0	
CALL	0x1440E933B	0x1440E9310	
CALL	0x14411AC1D	0x14411AC00	
CALL	0x14411C94E	0x14411C840	
CALL	0x144164DF3	0x144164D48	
CALL	0x1441651DB	0x1441651CE	
CALL	0x144165F55	0x144165F40	
CALL	0x1441663C3	0x144166230	
CALL	0x144166796	0x144166670	
CALL	0x144166800	0x144166670	
CALL	0x144166AED	0x1441669C0	
CALL	0x144166C7B	0x144166B70	
CALL	0x14416789C	0x144167850	
CALL	0x14416D265	0x14416D265	
CALL	0x14416D345	0x14416D310	
CALL	0x14417E19A	0x14417E120	
CALL	0x1441823F4	0x1441823E0	
CALL	0x14418270A	0x144182700	
CALL	0x14418283C	0x1441827D0	
CALL	0x14418294D	0x144182940	
CALL	0x1441F346F	0x1441F3440	
CALL	0x1441F45A7	0x1441F4570	
CALL	0x144210156	0x144210120	
CALL	0x144220583	0x144220560	
CALL	0x144220591	0x144220560	
CALL	0x1442206E9	0x1442206E0	
CALL	0x1442206F3	0x1442206E0	
CALL	0x144220749	0x144220740	
CALL	0x144220753	0x144220740	
CALL	0x1442207C9	0x1442207C0	
CALL	0x1442207D3	0x1442207C0	
CALL	0x144220A7D	0x144220A70	
CALL	0x144220AAF	0x144220A70	
CALL	0x144220B1D	0x144220B10	
CALL	0x144220B4F	0x144220B10	
CALL	0x144220BC5	0x144220BB0	
CALL	0x144220C33	0x144220BB0	
CALL	0x144220CBD	0x144220CA0	
CALL	0x144220D40	0x144220CA0	
CALL	0x14427F821	0x14427F7F0	
CALL	0x14428D3C7	0x14428D390	
CALL	0x14428DD13	0x14428DCF0	
CALL	0x1442F6589	0x1442F6040	
CALL	0x1442FAA1D	0x1442FA9C8	
CALL	0x144300521	0x14430051C	
CALL	0x1443BCEA7	0x1443BC950	
CALL	0x1443BD00E	0x1443BC950	
CALL	0x1443BD018	0x1443BC950	
CALL	0x1443D994B	0x1443D9910	
CALL	0x1443D9CC1	0x1443D9CBC	
CALL	0x14446790B	0x1444678BF	
CALL	0x14446798D	0x1444678BF	
CALL	0x1444688D3	0x144468760	
CALL	0x144469009	0x144468EA0	
CALL	0x1445D3244	0x1445D3090	
CALL	0x1445D324E	0x1445D3090	
CALL	0x14460466F	0x144604650	
CALL	0x14460B01B	0x14460AFE0	
CALL	0x14460B040	0x14460AFE0	
CALL	0x14460F017	0x14460F000	
CALL	0x14460F910	0x14460F4D0	
CALL	0x1447A458F	0x1447A44E0	
CALL	0x1447AEE60	0x1447AEE50	
CALL	0x1447B0D3A	0x1447B0B40	
CALL	0x1447DE71B	0x1447DE650	
CALL	0x1447DE729	0x1447DE650	
CALL	0x1447DE9EB	0x1447DE930	
CALL	0x1447DE9F9	0x1447DE930	
CALL	0x144810772	0x144810760	
CALL	0x1448108FF	0x1448108D0	
CALL	0x144810BEF	0x1448108D0	
CALL	0x1448584F5	0x1448584E0	
CALL	0x14485D6D6	0x14485D6C0	
CALL	0x14485EFCF	0x14485EF30	
CALL	0x144861313	0x14485FBA0	
CALL	0x1448C80F9	0x1448C80A0	
CALL	0x1448CF45E	0x1448CF440	
CALL	0x1448CFB5D	0x1448CFAE0	
CALL	0x1448CFC1D	0x1448CFAE0	
CALL	0x1448D72C9	0x1448D72C0	
CALL	0x1448D7D13	0x1448D7CF0	
CALL	0x1448D7D74	0x1448D7CF0	
CALL	0x1448D9A2E	0x1448D98E0	
CALL	0x1448E14C3	0x1448E0EF0	
CALL	0x1448E1974	0x1448E1810	
CALL	0x1448E521E	0x1448E5050	
CALL	0x1448E67E3	0x1448E6790	
CALL	0x1448E686F	0x1448E6790	
CALL	0x1448E8711	0x1448E8690	
CALL	0x1448E8779	0x1448E8690	
CALL	0x1448E883A	0x1448E8690	
CALL	0x144913979	0x144913960	
CALL	0x144914CB5	0x144914C80	
CALL	0x144922FDD	0x144922FC0	
CALL	0x14492D393	0x14492B6B0	
CALL	0x144930B1E	0x1449309B0	
CALL	0x144933BFF	0x144933BD0	
CALL	0x1449343B9	0x144933BD0	
CALL	0x144934840	0x1449347F0	
CALL	0x144938874	0x1449387F0	
CALL	0x1449831A9	0x1449831A0	
CALL	0x1449832A3	0x144983280	
CALL	0x1449835AF	0x144983590	
CALL	0x1449839BB	0x1449839A0	
CALL	0x144983B4A	0x144983B30	
CALL	0x144983C56	0x144983C30	
CALL	0x14498434F	0x144984170	
CALL	0x1449843F3	0x1449843D0	
CALL	0x1449844AE	0x144984490	
CALL	0x14498454E	0x144984530	
CALL	0x14498463F	0x1449845C0	
CALL	0x144984844	0x144984810	
CALL	0x144984D37	0x144984D10	
CALL	0x144984E4A	0x144984E30	
CALL	0x144984ECD	0x144984EB0	
CALL	0x144984F92	0x144984F80	
CALL	0x14498510C	0x1449850E0	
CALL	0x144985293	0x144985270	
CALL	0x1449853BD	0x1449853A0	
CALL	0x144985405	0x1449853A0	
CALL	0x144985584	0x144985560	
CALL	0x1449857FE	0x1449857E0	
CALL	0x1449858BD	0x1449858A0	
CALL	0x144985A46	0x144985A20	
CALL	0x144985B6A	0x144985B50	
CALL	0x144985C8E	0x144985C70	
CALL	0x144985D2E	0x144985CF0	
CALL	0x1449866BE	0x1449866A0	
CALL	0x144986AD4	0x144986A20	
CALL	0x14498C0D6	0x14498C0CC	
CALL	0x14498C148	0x14498C13E	
CALL	0x14498C262	0x14498C250	
CALL	0x14498C4A6	0x14498C430	
CALL	0x14498C6B2	0x14498C6A0	
CALL	0x14498C989	0x14498C980	
CALL	0x14498CBC9	0x14498CBC0	
CALL	0x14498CCA0	0x14498CC80	
CALL	0x14499CB8D	0x14499CB70	
CALL	0x1449A890D	0x1449A8900	
CALL	0x1449A9851	0x1449A9800	
CALL	0x144A50A60	0x144A50A10	
CALL	0x144A50D75	0x144A50D60	
CALL	0x144A55D9F	0x144A55D80	
CALL	0x144A564EF	0x144A56350	
CALL	0x144A57545	0x144A574C0	
CALL	0x144A57B14	0x144A57B00	
CALL	0x144A5D7E9	0x144A5D640	
CALL	0x144A65492	0x144A652F0	
CALL	0x144A66649	0x144A66600	
CALL	0x145BED4B7	0x145BED4A0	
CALL	0x145C41C4D	0x145C41A80	
CALL	0x145C512D6	0x145C512B9	
CALL	0x145C6081D	0x145C60800	
CALL	0x145C68BE4	0x145C68B90	
CALL	0x145C68D7D	0x145C68D60	
CALL	0x145C68E97	0x145C68E80	
CALL	0x145C69EE3	0x145C69D50	
CALL	0x145C78700	0x145C786F0	
CALL	0x145C7AB00	0x145C7AAF0	
CALL	0x145C82B32	0x145C829C0	
CALL	0x145CD1AEC	0x145CD1A20	
CALL	0x145CD8DDD	0x145CD8D80	
CALL	0x1463E576D	0x1463E5750	
CALL	0x14644A8D1	0x14644A070	
CALL	0x14644A8DF	0x14644A070	
CALL	0x146764D55	0x146764CD0	
CALL	0x146765B82	0x146765890	
CALL	0x14686CD7B	0x14686CC50	
CALL	0x14686FD3E	0x14686FAC0	
CALL	0x14686FD5F	0x14686FAC0	
CALL	0x14695D011	0x14695D000	
GLOBAL_REF	0x14100A7C7	0x14100A7A0	"14100a7c7:	48 8b 05 22 12 2f 09 	mov    rax,QWORD PTR [rip+0x92f1222]        # 0x14a2fb9f0"
GLOBAL_REF	0x14100A803	0x14100A7A0	"14100a803:	48 89 05 e6 11 2f 09 	mov    QWORD PTR [rip+0x92f11e6],rax        # 0x14a2fb9f0"
GLOBAL_REF	0x14100A816	0x14100A7A0	"14100a816:	48 8b 05 d3 11 2f 09 	mov    rax,QWORD PTR [rip+0x92f11d3]        # 0x14a2fb9f0"
GLOBAL_REF	0x1410260A9	0x141026080	"1410260a9:	48 8b 05 40 59 2d 09 	mov    rax,QWORD PTR [rip+0x92d5940]        # 0x14a2fb9f0"
GLOBAL_REF	0x14102610C	0x141026080	"14102610c:	48 89 05 dd 58 2d 09 	mov    QWORD PTR [rip+0x92d58dd],rax        # 0x14a2fb9f0"
GLOBAL_REF	0x14257B686	0x14257A180	"14257b686:	48 8b 05 63 03 d8 07 	mov    rax,QWORD PTR [rip+0x7d80363]        # 0x14a2fb9f0"
GLOBAL_REF	0x14257B8D7	0x14257A180	"14257b8d7:	48 89 05 12 01 d8 07 	mov    QWORD PTR [rip+0x7d80112],rax        # 0x14a2fb9f0"
GLOBAL_REF	0x1427DAF89	0x1427DAF40	"1427daf89:	48 8b 05 60 0a b2 07 	mov    rax,QWORD PTR [rip+0x7b20a60]        # 0x14a2fb9f0"
GLOBAL_REF	0x1427DB0DC	0x1427DAF40	"1427db0dc:	48 89 05 0d 09 b2 07 	mov    QWORD PTR [rip+0x7b2090d],rax        # 0x14a2fb9f0"
GLOBAL_REF	0x14288E8B9	0x14288E850	"14288e8b9:	48 8b 05 30 d1 a6 07 	mov    rax,QWORD PTR [rip+0x7a6d130]        # 0x14a2fb9f0"
GLOBAL_REF	0x14288EB24	0x14288E850	"14288eb24:	48 89 05 c5 ce a6 07 	mov    QWORD PTR [rip+0x7a6cec5],rax        # 0x14a2fb9f0"
GLOBAL_REF	0x1428B56E0	0x1428B56B0	"1428b56e0:	48 8b 05 09 63 a4 07 	mov    rax,QWORD PTR [rip+0x7a46309]        # 0x14a2fb9f0"
GLOBAL_REF	0x1428B5764	0x1428B56B0	"1428b5764:	48 89 05 85 62 a4 07 	mov    QWORD PTR [rip+0x7a46285],rax        # 0x14a2fb9f0"
GLOBAL_REF	0x142904F9D	0x142904F20	"142904f9d:	48 8b 05 4c 6a 9f 07 	mov    rax,QWORD PTR [rip+0x79f6a4c]        # 0x14a2fb9f0"
GLOBAL_REF	0x142905370	0x142904F20	"142905370:	48 89 05 79 66 9f 07 	mov    QWORD PTR [rip+0x79f6679],rax        # 0x14a2fb9f0"
GLOBAL_REF	0x142C17389	0x142C17350	"142c17389:	48 8b 05 60 46 6e 07 	mov    rax,QWORD PTR [rip+0x76e4660]        # 0x14a2fb9f0"
GLOBAL_REF	0x142C174B8	0x142C17350	"142c174b8:	48 89 05 31 45 6e 07 	mov    QWORD PTR [rip+0x76e4531],rax        # 0x14a2fb9f0"
GLOBAL_REF	0x1430F1535	0x1430F14D0	"1430f1535:	48 8b 05 b4 a4 20 07 	mov    rax,QWORD PTR [rip+0x720a4b4]        # 0x14a2fb9f0"
GLOBAL_REF	0x1430F231C	0x1430F14D0	"1430f231c:	48 89 05 cd 96 20 07 	mov    QWORD PTR [rip+0x72096cd],rax        # 0x14a2fb9f0"
GLOBAL_REF	0x1431192EC	0x143119260	"1431192ec:	48 8b 05 fd 26 1e 07 	mov    rax,QWORD PTR [rip+0x71e26fd]        # 0x14a2fb9f0"
GLOBAL_REF	0x1431193E9	0x143119260	"1431193e9:	48 89 05 00 26 1e 07 	mov    QWORD PTR [rip+0x71e2600],rax        # 0x14a2fb9f0"
GLOBAL_REF	0x143143730	0x143143700	"143143730:	48 8b 05 b9 82 1b 07 	mov    rax,QWORD PTR [rip+0x71b82b9]        # 0x14a2fb9f0"
GLOBAL_REF	0x1431437C5	0x143143700	"1431437c5:	48 89 05 24 82 1b 07 	mov    QWORD PTR [rip+0x71b8224],rax        # 0x14a2fb9f0"
GLOBAL_REF	0x143162380	0x143162350	"143162380:	48 8b 05 69 96 19 07 	mov    rax,QWORD PTR [rip+0x7199669]        # 0x14a2fb9f0"
GLOBAL_REF	0x1431623F8	0x143162350	"1431623f8:	48 89 05 f1 95 19 07 	mov    QWORD PTR [rip+0x71995f1],rax        # 0x14a2fb9f0"
GLOBAL_REF	0x1432F0855	0x1432F07D0	"1432f0855:	48 8b 05 94 b1 00 07 	mov    rax,QWORD PTR [rip+0x700b194]        # 0x14a2fb9f0"
GLOBAL_REF	0x1432F0976	0x1432F07D0	"1432f0976:	48 89 05 73 b0 00 07 	mov    QWORD PTR [rip+0x700b073],rax        # 0x14a2fb9f0"
GLOBAL_REF	0x143482CB9	0x143482C70	"143482cb9:	48 8b 05 30 8d e7 06 	mov    rax,QWORD PTR [rip+0x6e78d30]        # 0x14a2fb9f0"
GLOBAL_REF	0x143482E0C	0x143482C70	"143482e0c:	48 89 05 dd 8b e7 06 	mov    QWORD PTR [rip+0x6e78bdd],rax        # 0x14a2fb9f0"
GLOBAL_REF	0x143638CB8	0x143638C60	"143638cb8:	48 8b 05 31 2d cc 06 	mov    rax,QWORD PTR [rip+0x6cc2d31]        # 0x14a2fb9f0"
GLOBAL_REF	0x14363904C	0x143638C60	"14363904c:	48 89 05 9d 29 cc 06 	mov    QWORD PTR [rip+0x6cc299d],rax        # 0x14a2fb9f0"
GLOBAL_REF	0x14387590C	0x143875870	"14387590c:	48 8b 05 dd 60 a8 06 	mov    rax,QWORD PTR [rip+0x6a860dd]        # 0x14a2fb9f0"
GLOBAL_REF	0x143875B36	0x143875870	"143875b36:	48 89 05 b3 5e a8 06 	mov    QWORD PTR [rip+0x6a85eb3],rax        # 0x14a2fb9f0"
GLOBAL_REF	0x1438ABE84	0x1438ABD90	"1438abe84:	48 8b 05 65 fb a4 06 	mov    rax,QWORD PTR [rip+0x6a4fb65]        # 0x14a2fb9f0"
GLOBAL_REF	0x1438ABF62	0x1438ABD90	"1438abf62:	48 89 05 87 fa a4 06 	mov    QWORD PTR [rip+0x6a4fa87],rax        # 0x14a2fb9f0"
GLOBAL_REF	0x14391F576	0x14391F530	"14391f576:	48 8b 05 73 c4 9d 06 	mov    rax,QWORD PTR [rip+0x69dc473]        # 0x14a2fb9f0"
GLOBAL_REF	0x14391F67F	0x14391F530	"14391f67f:	48 89 05 6a c3 9d 06 	mov    QWORD PTR [rip+0x69dc36a],rax        # 0x14a2fb9f0"
GLOBAL_REF	0x1439D53A3	0x1439D5340	"1439d53a3:	48 8b 05 46 66 92 06 	mov    rax,QWORD PTR [rip+0x6926646]        # 0x14a2fb9f0"
GLOBAL_REF	0x1439D54A3	0x1439D5340	"1439d54a3:	48 89 05 46 65 92 06 	mov    QWORD PTR [rip+0x6926546],rax        # 0x14a2fb9f0"
GLOBAL_REF	0x143BB8E6E	0x143BB8DF0	"143bb8e6e:	48 8b 05 7b 2b 74 06 	mov    rax,QWORD PTR [rip+0x6742b7b]        # 0x14a2fb9f0"
GLOBAL_REF	0x143BB8FB3	0x143BB8DF0	"143bb8fb3:	48 89 05 36 2a 74 06 	mov    QWORD PTR [rip+0x6742a36],rax        # 0x14a2fb9f0"
GLOBAL_REF	0x143D87AFC	0x143D87AC0	"143d87afc:	48 8b 05 ed 3e 57 06 	mov    rax,QWORD PTR [rip+0x6573eed]        # 0x14a2fb9f0"
GLOBAL_REF	0x143D87C4A	0x143D87AC0	"143d87c4a:	48 89 05 9f 3d 57 06 	mov    QWORD PTR [rip+0x6573d9f],rax        # 0x14a2fb9f0"
GLOBAL_REF	0x143DDB1B8	0x143DDB160	"143ddb1b8:	48 8b 05 31 08 52 06 	mov    rax,QWORD PTR [rip+0x6520831]        # 0x14a2fb9f0"
GLOBAL_REF	0x143DDB2EE	0x143DDB160	"143ddb2ee:	48 89 05 fb 06 52 06 	mov    QWORD PTR [rip+0x65206fb],rax        # 0x14a2fb9f0"
GLOBAL_REF	0x143FED295	0x143FED260	"143fed295:	48 8b 05 54 e7 30 06 	mov    rax,QWORD PTR [rip+0x630e754]        # 0x14a2fb9f0"
GLOBAL_REF	0x143FED31B	0x143FED260	"143fed31b:	48 89 05 ce e6 30 06 	mov    QWORD PTR [rip+0x630e6ce],rax        # 0x14a2fb9f0"
GLOBAL_REF	0x14419B039	0x14419B000	"14419b039:	48 8b 05 b0 09 16 06 	mov    rax,QWORD PTR [rip+0x61609b0]        # 0x14a2fb9f0"
GLOBAL_REF	0x14419B183	0x14419B000	"14419b183:	48 89 05 66 08 16 06 	mov    QWORD PTR [rip+0x6160866],rax        # 0x14a2fb9f0"
GLOBAL_REF	0x1443109FC	0x144310970	"1443109fc:	48 8b 05 ed af fe 05 	mov    rax,QWORD PTR [rip+0x5feafed]        # 0x14a2fb9f0"
GLOBAL_REF	0x144310B31	0x144310970	"144310b31:	48 89 05 b8 ae fe 05 	mov    QWORD PTR [rip+0x5feaeb8],rax        # 0x14a2fb9f0"
GLOBAL_REF	0x14436A2C5	0x14436A280	"14436a2c5:	48 8b 05 24 17 f9 05 	mov    rax,QWORD PTR [rip+0x5f91724]        # 0x14a2fb9f0"
GLOBAL_REF	0x14436A4C7	0x14436A280	"14436a4c7:	48 89 05 22 15 f9 05 	mov    QWORD PTR [rip+0x5f91522],rax        # 0x14a2fb9f0"
GLOBAL_REF	0x144489817	0x144489660	"144489817:	48 8b 05 d2 21 e7 05 	mov    rax,QWORD PTR [rip+0x5e721d2]        # 0x14a2fb9f0"
GLOBAL_REF	0x1444899EB	0x144489660	"1444899eb:	48 89 05 fe 1f e7 05 	mov    QWORD PTR [rip+0x5e71ffe],rax        # 0x14a2fb9f0"
GLOBAL_REF	0x1448AA11F	0x1448A88A0	"1448aa11f:	48 8b 05 ca 18 a5 05 	mov    rax,QWORD PTR [rip+0x5a518ca]        # 0x14a2fb9f0"
GLOBAL_REF	0x1448AA34E	0x1448A88A0	"1448aa34e:	48 89 05 9b 16 a5 05 	mov    QWORD PTR [rip+0x5a5169b],rax        # 0x14a2fb9f0"
GLOBAL_REF	0x144958F71	0x144958EE0	"144958f71:	48 8b 05 78 2a 9a 05 	mov    rax,QWORD PTR [rip+0x59a2a78]        # 0x14a2fb9f0"
GLOBAL_REF	0x144959006	0x144958EE0	"144959006:	48 89 05 e3 29 9a 05 	mov    QWORD PTR [rip+0x59a29e3],rax        # 0x14a2fb9f0"
GLOBAL_REF	0x145D75B66	0x145D75910	"145d75b66:	48 8b 05 83 5e 58 04 	mov    rax,QWORD PTR [rip+0x4585e83]        # 0x14a2fb9f0"
GLOBAL_REF	0x145D75F15	0x145D75910	"145d75f15:	48 89 05 d4 5a 58 04 	mov    QWORD PTR [rip+0x4585ad4],rax        # 0x14a2fb9f0"
