address	instruction
0x146B6EBA4	"146b6eba4:	e8 17 20 d0 f9       	call   0x140870bc0"
0x146B6EBAC	"146b6ebac:	e8 1f 6a d9 f9       	call   0x1409055d0"
0x146B6EBB5	"146b6ebb5:	e8 86 46 d0 f9       	call   0x140873240"
0x146B6EBD0	"146b6ebd0:	48 8d 35 79 41 a1 01 	lea    rsi,[rip+0x1a14179]        # 0x148582d50"
0x146B6EBF2	"146b6ebf2:	8b 0d 18 b1 cb 03    	mov    ecx,DWORD PTR [rip+0x3cbb118]        # 0x14a829d10"
0x146B6EC14	"146b6ec14:	e8 17 21 b5 fa       	call   0x1416c0d30"
0x146B6EC2D	"146b6ec2d:	e8 1e 85 b4 fa       	call   0x1416b7150"
0x146B6EC3F	"146b6ec3f:	e8 ec 53 5e ff       	call   0x146154030"
0x146B6EC5F	"146b6ec5f:	e8 6c dc 63 ff       	call   0x1461ac8d0"
0x146B6EC73	"146b6ec73:	e8 98 07 13 fa       	call   0x140c9f410"
0x146B6EC88	"146b6ec88:	e8 c3 84 b4 fa       	call   0x1416b7150"
0x146B6ECA6	"146b6eca6:	e8 d5 a2 b6 f9       	call   0x1406d8f80"
0x146B6ECB4	"146b6ecb4:	48 8d 0d c9 27 a0 f9 	lea    rcx,[rip+0xfffffffff9a027c9]        # 0x140571484"
0x146B6ECE2	"146b6ece2:	e8 a9 86 ff ff       	call   0x146b67390"
0x146B6ECE7	"146b6ece7:	e8 64 84 b4 fa       	call   0x1416b7150"
0x146B6ECF9	"146b6ecf9:	e8 82 a2 b6 f9       	call   0x1406d8f80"
0x146B6ECFE	"146b6ecfe:	48 8d 0d 7f 27 a0 f9 	lea    rcx,[rip+0xfffffffff9a0277f]        # 0x140571484"
0x146B6ED25	"146b6ed25:	e8 c6 89 ff ff       	call   0x146b676f0"
0x146B6ED2E	"146b6ed2e:	e8 4d a2 b6 f9       	call   0x1406d8f80"
0x146B6ED39	"146b6ed39:	e8 52 04 00 00       	call   0x146b6f190"
0x146B6ED75	"146b6ed75:	e8 d6 83 b4 fa       	call   0x1416b7150"
0x146B6ED99	"146b6ed99:	e8 c2 7d f3 00       	call   0x147aa6b60"
0x146B6EDAA	"146b6edaa:	e8 d1 8f c8 f9       	call   0x1407f7d80"
0x146B6EDC0	"146b6edc0:	e8 fb 1d d0 f9       	call   0x140870bc0"
0x146B6EDCD	"146b6edcd:	e8 9e e0 63 ff       	call   0x1461ace70"
0x146B6EDD9	"146b6edd9:	e8 a2 a7 d0 f9       	call   0x140879580"
0x146B6EDEF	"146b6edef:	e8 9c c4 c7 f9       	call   0x1407eb290"
0x146B6EE09	"146b6ee09:	48 8d 0d b8 a8 3d 01 	lea    rcx,[rip+0x13da8b8]        # 0x147f496c8"
0x146B6EE27	"146b6ee27:	48 8d 15 b2 0d a0 03 	lea    rdx,[rip+0x3a00db2]        # 0x14a56fbe0"
0x146B6EE31	"146b6ee31:	e8 2a 2b 5f ff       	call   0x146161960"
0x146B6EE41	"146b6ee41:	e8 aa 71 5f ff       	call   0x146165ff0"
0x146B6EE4E	"146b6ee4e:	e8 6e 73 f3 00       	call   0x147aa61c1"
0x146B6EE6C	"146b6ee6c:	e8 cf bc 63 ff       	call   0x1461aab40"
0x146B6EE78	"146b6ee78:	48 8d 15 f1 22 a2 01 	lea    rdx,[rip+0x1a222f1]        # 0x148591170"
0x146B6EE82	"146b6ee82:	e8 d9 7f 74 f9       	call   0x1402b6e60"
0x146B6EE8D	"146b6ee8d:	ff 15 3d b2 35 01    	call   QWORD PTR [rip+0x135b23d]        # 0x147eca0d0"
0x146B6EE93	"146b6ee93:	48 8d 15 7e 92 a1 01 	lea    rdx,[rip+0x1a1927e]        # 0x148588118"
0x146B6EE9D	"146b6ee9d:	e8 be 7f 74 f9       	call   0x1402b6e60"
0x146B6EEAB	"146b6eeab:	e8 30 eb c8 f9       	call   0x1407fd9e0"
0x146B6EEB7	"146b6eeb7:	e8 a4 7f 74 f9       	call   0x1402b6e60"
0x146B6EEDF	"146b6eedf:	e8 9c fa 63 ff       	call   0x1461ae980"
0x146B6EEF5	"146b6eef5:	e8 b6 4e 5f ff       	call   0x146163db0"
0x146B6EF00	"146b6ef00:	48 8d 05 c1 a7 3d 01 	lea    rax,[rip+0x13da7c1]        # 0x147f496c8"
0x146B6EF18	"146b6ef18:	e8 43 7c f3 00       	call   0x147aa6b60"
0x146B6EF5E	"146b6ef5e:	e8 9d d5 ff ff       	call   0x146b6c500"
0x146B6EF98	"146b6ef98:	ff 15 ca be 35 01    	call   QWORD PTR [rip+0x135beca]        # 0x147ecae68"
0x146B6EF9F	"146b6ef9f:	e8 a8 76 f3 00       	call   0x147aa664c"
0x146B6EFDB	"146b6efdb:	e8 70 81 b4 fa       	call   0x1416b7150"
0x146B6EFE9	"146b6efe9:	48 8d 05 60 3d a1 01 	lea    rax,[rip+0x1a13d60]        # 0x148582d50"
0x146B6F001	"146b6f001:	e8 5a 7b f3 00       	call   0x147aa6b60"
