target	target_va	kind	source
GCW_DRIVER	0x14644A070	CALL_REL32	0x14646D4AA
A_TO_B_INPUT	0x146B6EB70	JMP_REL32	0x146B71594
A_TO_B_WRITER	0x146B6F190	CALL_REL32	0x146B6ED39
B_TO_C	0x145A92370	CALL_REL32	0x14644A776
B_TO_C_SETUP	0x145A92380	CALL_REL32	0x14644A6F3
B_TO_C_SETUP	0x145A92380	CALL_REL32	0x14644DDCA
C_TO_D	0x145A905C0	CALL_REL32	0x14644A80D
C_TO_D_SETUP	0x145A905D0	CALL_REL32	0x14644A711
D_TO_E	0x145A923C0	CALL_REL32	0x14644A8C4
PLAYER_PROVIDER	0x141026080	CALL_REL32	0x140FDDE9D
PLAYER_PROVIDER	0x141026080	CALL_REL32	0x140FDDFBD
PLAYER_PROVIDER	0x141026080	CALL_REL32	0x140FDE0DD
PLAYER_PROVIDER	0x141026080	CALL_REL32	0x140FDE1FD
PLAYER_PROVIDER	0x141026080	CALL_REL32	0x140FDE31D
PLAYER_PROVIDER	0x141026080	CALL_REL32	0x140FDE43D
PLAYER_PROVIDER	0x141026080	CALL_REL32	0x140FDE55D
PLAYER_PROVIDER	0x141026080	CALL_REL32	0x1410041B6
PLAYER_PROVIDER	0x141026080	CALL_REL32	0x14100E465
PLAYER_PROVIDER	0x141026080	CALL_REL32	0x14100FB0E
PLAYER_PROVIDER	0x141026080	CALL_REL32	0x141010D51
PLAYER_PROVIDER	0x141026080	CALL_REL32	0x141010F39
PLAYER_PROVIDER	0x141026080	CALL_REL32	0x1410111A6
PLAYER_PROVIDER	0x141026080	CALL_REL32	0x1410131C6
PLAYER_PROVIDER	0x141026080	CALL_REL32	0x1410135BB
PLAYER_PROVIDER	0x141026080	CALL_REL32	0x1410135D2
PLAYER_PROVIDER	0x141026080	CALL_REL32	0x1410139E6
PLAYER_PROVIDER	0x141026080	CALL_REL32	0x141013EA4
PLAYER_PROVIDER	0x141026080	CALL_REL32	0x14101575A
PLAYER_PROVIDER	0x141026080	CALL_REL32	0x1410157F4
PLAYER_PROVIDER	0x141026080	CALL_REL32	0x1410158B4
PLAYER_PROVIDER	0x141026080	CALL_REL32	0x1410159B8
PLAYER_PROVIDER	0x141026080	CALL_REL32	0x1410159F8
PLAYER_PROVIDER	0x141026080	CALL_REL32	0x141015C28
PLAYER_PROVIDER	0x141026080	CALL_REL32	0x141015C68
PLAYER_PROVIDER	0x141026080	CALL_REL32	0x141015D3D
PLAYER_PROVIDER	0x141026080	CALL_REL32	0x141018EC4
PLAYER_PROVIDER	0x141026080	CALL_REL32	0x14101A336
PLAYER_PROVIDER	0x141026080	CALL_REL32	0x14101A3B7
PLAYER_PROVIDER	0x141026080	CALL_REL32	0x14101F75D
PLAYER_PROVIDER	0x141026080	CALL_REL32	0x14102EA44
PLAYER_PROVIDER	0x141026080	CALL_REL32	0x141038274
PLAYER_PROVIDER	0x141026080	CALL_REL32	0x141038355
PLAYER_PROVIDER	0x141026080	CALL_REL32	0x14104083A
PLAYER_PROVIDER	0x141026080	CALL_REL32	0x141042840
PLAYER_PROVIDER	0x141026080	CALL_REL32	0x141084C3C
PLAYER_PROVIDER	0x141026080	CALL_REL32	0x142532292
PLAYER_PROVIDER	0x141026080	CALL_REL32	0x1425322B9
PLAYER_PROVIDER	0x141026080	CALL_REL32	0x14254B598
PLAYER_PROVIDER	0x141026080	CALL_REL32	0x14254B799
PLAYER_PROVIDER	0x141026080	CALL_REL32	0x14254BD58
PLAYER_PROVIDER	0x141026080	CALL_REL32	0x14259559A
PLAYER_PROVIDER	0x141026080	CALL_REL32	0x142595610
PLAYER_PROVIDER	0x141026080	CALL_REL32	0x14278FCCB
PLAYER_PROVIDER	0x141026080	CALL_REL32	0x142790022
PLAYER_PROVIDER	0x141026080	CALL_REL32	0x142790A13
PLAYER_PROVIDER	0x141026080	CALL_REL32	0x1427BD2DB
PLAYER_PROVIDER	0x141026080	CALL_REL32	0x1427BE8AF
PLAYER_PROVIDER	0x141026080	CALL_REL32	0x1427BF4F3
PLAYER_PROVIDER	0x141026080	CALL_REL32	0x14283A987
PLAYER_PROVIDER	0x141026080	CALL_REL32	0x14283A9A0
PLAYER_PROVIDER	0x141026080	CALL_REL32	0x142890669
PLAYER_PROVIDER	0x141026080	CALL_REL32	0x1428906B1
PLAYER_PROVIDER	0x141026080	CALL_REL32	0x1428CD17C
PLAYER_PROVIDER	0x141026080	CALL_REL32	0x1428D8CCC
PLAYER_PROVIDER	0x141026080	CALL_REL32	0x1428D8DF9
PLAYER_PROVIDER	0x141026080	CALL_REL32	0x1428ED698
PLAYER_PROVIDER	0x141026080	CALL_REL32	0x1428F417C
PLAYER_PROVIDER	0x141026080	CALL_REL32	0x1429AE2BF
PLAYER_PROVIDER	0x141026080	CALL_REL32	0x1429AE2CD
PLAYER_PROVIDER	0x141026080	CALL_REL32	0x1429EFCD8
PLAYER_PROVIDER	0x141026080	CALL_REL32	0x1429FC12C
PLAYER_PROVIDER	0x141026080	CALL_REL32	0x1429FDDDA
PLAYER_PROVIDER	0x141026080	CALL_REL32	0x1429FE401
PLAYER_PROVIDER	0x141026080	CALL_REL32	0x142A01282
PLAYER_PROVIDER	0x141026080	CALL_REL32	0x142A01462
PLAYER_PROVIDER	0x141026080	CALL_REL32	0x142A09BD5
PLAYER_PROVIDER	0x141026080	CALL_REL32	0x142A0DC89
PLAYER_PROVIDER	0x141026080	CALL_REL32	0x142A5AC5D
PLAYER_PROVIDER	0x141026080	CALL_REL32	0x142A633DB
PLAYER_PROVIDER	0x141026080	CALL_REL32	0x142B359AA
PLAYER_PROVIDER	0x141026080	CALL_REL32	0x142B39E1A
PLAYER_PROVIDER	0x141026080	CALL_REL32	0x142C77B5D
PLAYER_PROVIDER	0x141026080	CALL_REL32	0x142C82BF1
PLAYER_PROVIDER	0x141026080	CALL_REL32	0x142C85E9C
PLAYER_PROVIDER	0x141026080	CALL_REL32	0x142C966D4
PLAYER_PROVIDER	0x141026080	CALL_REL32	0x142CBFF22
PLAYER_PROVIDER	0x141026080	CALL_REL32	0x142CC001A
PLAYER_PROVIDER	0x141026080	CALL_REL32	0x142CC0102
PLAYER_PROVIDER	0x141026080	CALL_REL32	0x142CC4CE2
PLAYER_PROVIDER	0x141026080	CALL_REL32	0x142CC4DEA
PLAYER_PROVIDER	0x141026080	CALL_REL32	0x142CC610A
PLAYER_PROVIDER	0x141026080	CALL_REL32	0x142CC6C06
PLAYER_PROVIDER	0x141026080	CALL_REL32	0x142CC6DA5
PLAYER_PROVIDER	0x141026080	CALL_REL32	0x142CC72F2
PLAYER_PROVIDER	0x141026080	CALL_REL32	0x142CC7569
PLAYER_PROVIDER	0x141026080	CALL_REL32	0x142CC7AC0
PLAYER_PROVIDER	0x141026080	CALL_REL32	0x142CC7BC5
PLAYER_PROVIDER	0x141026080	CALL_REL32	0x142CC7D52
PLAYER_PROVIDER	0x141026080	CALL_REL32	0x142CC827D
PLAYER_PROVIDER	0x141026080	CALL_REL32	0x142CCBAD8
PLAYER_PROVIDER	0x141026080	CALL_REL32	0x142CCC16A
PLAYER_PROVIDER	0x141026080	CALL_REL32	0x142CCC20A
PLAYER_PROVIDER	0x141026080	CALL_REL32	0x142CCC2BB
PLAYER_PROVIDER	0x141026080	CALL_REL32	0x142CCC414
PLAYER_PROVIDER	0x141026080	CALL_REL32	0x142CCC793
PLAYER_PROVIDER	0x141026080	CALL_REL32	0x142CCCAA3
PLAYER_PROVIDER	0x141026080	CALL_REL32	0x142D0E0A2
PLAYER_PROVIDER	0x141026080	CALL_REL32	0x142D0E10D
PLAYER_PROVIDER	0x141026080	CALL_REL32	0x142D3D01D
PLAYER_PROVIDER	0x141026080	CALL_REL32	0x142D4329C
PLAYER_PROVIDER	0x141026080	CALL_REL32	0x142D434DC
PLAYER_PROVIDER	0x141026080	CALL_REL32	0x142D43938
PLAYER_PROVIDER	0x141026080	CALL_REL32	0x142D6F22A
PLAYER_PROVIDER	0x141026080	CALL_REL32	0x142D783D9
PLAYER_PROVIDER	0x141026080	CALL_REL32	0x142D78EB7
PLAYER_PROVIDER	0x141026080	CALL_REL32	0x142D78F66
PLAYER_PROVIDER	0x141026080	CALL_REL32	0x142D7901A
PLAYER_PROVIDER	0x141026080	CALL_REL32	0x142D79278
PLAYER_PROVIDER	0x141026080	CALL_REL32	0x142D792FE
PLAYER_PROVIDER	0x141026080	CALL_REL32	0x142D79384
PLAYER_PROVIDER	0x141026080	CALL_REL32	0x142D79605
PLAYER_PROVIDER	0x141026080	CALL_REL32	0x142D79786
PLAYER_PROVIDER	0x141026080	CALL_REL32	0x142D7994A
PLAYER_PROVIDER	0x141026080	CALL_REL32	0x142D799BC
PLAYER_PROVIDER	0x141026080	CALL_REL32	0x142D79A2E
PLAYER_PROVIDER	0x141026080	CALL_REL32	0x142D7A5B0
PLAYER_PROVIDER	0x141026080	CALL_REL32	0x142D7AE29
PLAYER_PROVIDER	0x141026080	CALL_REL32	0x142D7AEDB
PLAYER_PROVIDER	0x141026080	CALL_REL32	0x142D7B372
PLAYER_PROVIDER	0x141026080	CALL_REL32	0x142D806E0
PLAYER_PROVIDER	0x141026080	CALL_REL32	0x142D80B89
PLAYER_PROVIDER	0x141026080	CALL_REL32	0x142D80C7B
PLAYER_PROVIDER	0x141026080	CALL_REL32	0x142D811E9
PLAYER_PROVIDER	0x141026080	CALL_REL32	0x142D81C59
PLAYER_PROVIDER	0x141026080	CALL_REL32	0x142D81D74
PLAYER_PROVIDER	0x141026080	CALL_REL32	0x142D81F44
PLAYER_PROVIDER	0x141026080	CALL_REL32	0x142D820D1
PLAYER_PROVIDER	0x141026080	CALL_REL32	0x142D85A77
PLAYER_PROVIDER	0x141026080	CALL_REL32	0x142D86093
PLAYER_PROVIDER	0x141026080	CALL_REL32	0x142D886DD
PLAYER_PROVIDER	0x141026080	CALL_REL32	0x142D8A5BD
PLAYER_PROVIDER	0x141026080	CALL_REL32	0x142D92545
PLAYER_PROVIDER	0x141026080	CALL_REL32	0x142D925A8
PLAYER_PROVIDER	0x141026080	CALL_REL32	0x142D9260B
PLAYER_PROVIDER	0x141026080	CALL_REL32	0x142D92762
PLAYER_PROVIDER	0x141026080	CALL_REL32	0x142D92E2D
PLAYER_PROVIDER	0x141026080	CALL_REL32	0x142D9318D
PLAYER_PROVIDER	0x141026080	CALL_REL32	0x142D93AE5
PLAYER_PROVIDER	0x141026080	CALL_REL32	0x142D93B48
PLAYER_PROVIDER	0x141026080	CALL_REL32	0x142D93BAB
PLAYER_PROVIDER	0x141026080	CALL_REL32	0x142DCF23E
PLAYER_PROVIDER	0x141026080	CALL_REL32	0x142DD9EDA
PLAYER_PROVIDER	0x141026080	CALL_REL32	0x142E560A9
PLAYER_PROVIDER	0x141026080	CALL_REL32	0x142E606D0
PLAYER_PROVIDER	0x141026080	CALL_REL32	0x142E60CC0
PLAYER_PROVIDER	0x141026080	CALL_REL32	0x142E61040
PLAYER_PROVIDER	0x141026080	CALL_REL32	0x142E610C0
PLAYER_PROVIDER	0x141026080	CALL_REL32	0x142EB8480
PLAYER_PROVIDER	0x141026080	CALL_REL32	0x142EB87F1
PLAYER_PROVIDER	0x141026080	CALL_REL32	0x142EB8C64
PLAYER_PROVIDER	0x141026080	CALL_REL32	0x142EB9EE7
PLAYER_PROVIDER	0x141026080	CALL_REL32	0x142EC0CE1
PLAYER_PROVIDER	0x141026080	CALL_REL32	0x142EC0E8D
PLAYER_PROVIDER	0x141026080	CALL_REL32	0x142EF8A9C
PLAYER_PROVIDER	0x141026080	CALL_REL32	0x142EF8BB7
PLAYER_PROVIDER	0x141026080	CALL_REL32	0x142EF9423
PLAYER_PROVIDER	0x141026080	CALL_REL32	0x142EFAA53
PLAYER_PROVIDER	0x141026080	CALL_REL32	0x142EFABFD
PLAYER_PROVIDER	0x141026080	CALL_REL32	0x142EFBA4C
PLAYER_PROVIDER	0x141026080	CALL_REL32	0x142EFBCC2
PLAYER_PROVIDER	0x141026080	CALL_REL32	0x142EFBF92
PLAYER_PROVIDER	0x141026080	CALL_REL32	0x142EFC7A4
PLAYER_PROVIDER	0x141026080	CALL_REL32	0x142EFE682
PLAYER_PROVIDER	0x141026080	CALL_REL32	0x142EFE745
PLAYER_PROVIDER	0x141026080	CALL_REL32	0x142EFE899
PLAYER_PROVIDER	0x141026080	CALL_REL32	0x142EFF71B
PLAYER_PROVIDER	0x141026080	CALL_REL32	0x142F00150
PLAYER_PROVIDER	0x141026080	CALL_REL32	0x142F0027B
PLAYER_PROVIDER	0x141026080	CALL_REL32	0x142F07472
PLAYER_PROVIDER	0x141026080	CALL_REL32	0x142F087C7
PLAYER_PROVIDER	0x141026080	CALL_REL32	0x142F2695D
PLAYER_PROVIDER	0x141026080	CALL_REL32	0x142F380E2
PLAYER_PROVIDER	0x141026080	CALL_REL32	0x142F381AA
PLAYER_PROVIDER	0x141026080	CALL_REL32	0x142F38349
PLAYER_PROVIDER	0x141026080	CALL_REL32	0x142F38822
PLAYER_PROVIDER	0x141026080	CALL_REL32	0x142FF5815
PLAYER_PROVIDER	0x141026080	CALL_REL32	0x142FF6EDD
PLAYER_PROVIDER	0x141026080	CALL_REL32	0x142FFB63E
PLAYER_PROVIDER	0x141026080	CALL_REL32	0x1430411BE
PLAYER_PROVIDER	0x141026080	CALL_REL32	0x143041215
PLAYER_PROVIDER	0x141026080	CALL_REL32	0x1430B7D2B
PLAYER_PROVIDER	0x141026080	CALL_REL32	0x1430B8F6D
PLAYER_PROVIDER	0x141026080	CALL_REL32	0x14318DE5F
PLAYER_PROVIDER	0x141026080	CALL_REL32	0x1431953CA
PLAYER_PROVIDER	0x141026080	CALL_REL32	0x1431C5D80
PLAYER_PROVIDER	0x141026080	CALL_REL32	0x1431C7162
PLAYER_PROVIDER	0x141026080	CALL_REL32	0x1431FE1A9
PLAYER_PROVIDER	0x141026080	CALL_REL32	0x1431FE263
PLAYER_PROVIDER	0x141026080	CALL_REL32	0x14324DD11
PLAYER_PROVIDER	0x141026080	CALL_REL32	0x143259D40
PLAYER_PROVIDER	0x141026080	CALL_REL32	0x143259F05
PLAYER_PROVIDER	0x141026080	CALL_REL32	0x14325A064
PLAYER_PROVIDER	0x141026080	CALL_REL32	0x14325A565
PLAYER_PROVIDER	0x141026080	CALL_REL32	0x14325BD54
PLAYER_PROVIDER	0x141026080	CALL_REL32	0x14325CB17
PLAYER_PROVIDER	0x141026080	CALL_REL32	0x14325CF82
PLAYER_PROVIDER	0x141026080	CALL_REL32	0x143266AE2
PLAYER_PROVIDER	0x141026080	CALL_REL32	0x143266C26
PLAYER_PROVIDER	0x141026080	CALL_REL32	0x1432B7B1A
PLAYER_PROVIDER	0x141026080	CALL_REL32	0x1432B7BCC
PLAYER_PROVIDER	0x141026080	CALL_REL32	0x1432B7C69
PLAYER_PROVIDER	0x141026080	CALL_REL32	0x1432C8596
PLAYER_PROVIDER	0x141026080	CALL_REL32	0x1432C8F23
PLAYER_PROVIDER	0x141026080	CALL_REL32	0x1432CAA0F
PLAYER_PROVIDER	0x141026080	CALL_REL32	0x143312A7C
PLAYER_PROVIDER	0x141026080	CALL_REL32	0x1433153B5
PLAYER_PROVIDER	0x141026080	CALL_REL32	0x14331572C
PLAYER_PROVIDER	0x141026080	CALL_REL32	0x143316172
PLAYER_PROVIDER	0x141026080	CALL_REL32	0x1433167F8
PLAYER_PROVIDER	0x141026080	CALL_REL32	0x143316A4A
PLAYER_PROVIDER	0x141026080	CALL_REL32	0x143316B4F
PLAYER_PROVIDER	0x141026080	CALL_REL32	0x1433194F3
PLAYER_PROVIDER	0x141026080	CALL_REL32	0x143326B95
PLAYER_PROVIDER	0x141026080	CALL_REL32	0x1433272CD
PLAYER_PROVIDER	0x141026080	CALL_REL32	0x1433275A5
PLAYER_PROVIDER	0x141026080	CALL_REL32	0x1433277D5
PLAYER_PROVIDER	0x141026080	CALL_REL32	0x14336958E
PLAYER_PROVIDER	0x141026080	CALL_REL32	0x143369689
PLAYER_PROVIDER	0x141026080	CALL_REL32	0x143371750
PLAYER_PROVIDER	0x141026080	CALL_REL32	0x143372C3C
PLAYER_PROVIDER	0x141026080	CALL_REL32	0x1433733EE
PLAYER_PROVIDER	0x141026080	CALL_REL32	0x143374223
PLAYER_PROVIDER	0x141026080	CALL_REL32	0x14337C2E6
PLAYER_PROVIDER	0x141026080	CALL_REL32	0x14337E6EF
PLAYER_PROVIDER	0x141026080	CALL_REL32	0x14337EC12
PLAYER_PROVIDER	0x141026080	CALL_REL32	0x1433BA232
PLAYER_PROVIDER	0x141026080	CALL_REL32	0x1433BA646
PLAYER_PROVIDER	0x141026080	CALL_REL32	0x1433C16A9
PLAYER_PROVIDER	0x141026080	CALL_REL32	0x1433C16DA
PLAYER_PROVIDER	0x141026080	CALL_REL32	0x1433C23FE
PLAYER_PROVIDER	0x141026080	CALL_REL32	0x1433E7B56
PLAYER_PROVIDER	0x141026080	CALL_REL32	0x1433E7B60
PLAYER_PROVIDER	0x141026080	CALL_REL32	0x1433E7FE9
PLAYER_PROVIDER	0x141026080	CALL_REL32	0x1433E8005
PLAYER_PROVIDER	0x141026080	CALL_REL32	0x1433E811D
PLAYER_PROVIDER	0x141026080	CALL_REL32	0x1433E926F
PLAYER_PROVIDER	0x141026080	CALL_REL32	0x1433E9282
PLAYER_PROVIDER	0x141026080	CALL_REL32	0x1433E92AB
PLAYER_PROVIDER	0x141026080	CALL_REL32	0x1433EADC7
PLAYER_PROVIDER	0x141026080	CALL_REL32	0x1433EC6BD
PLAYER_PROVIDER	0x141026080	CALL_REL32	0x1433EC6CB
PLAYER_PROVIDER	0x141026080	CALL_REL32	0x1433EC6E2
PLAYER_PROVIDER	0x141026080	CALL_REL32	0x1433EC949
PLAYER_PROVIDER	0x141026080	CALL_REL32	0x1433EC957
PLAYER_PROVIDER	0x141026080	CALL_REL32	0x1433EC96E
PLAYER_PROVIDER	0x141026080	CALL_REL32	0x1433EF1FA
PLAYER_PROVIDER	0x141026080	CALL_REL32	0x1433EF434
PLAYER_PROVIDER	0x141026080	CALL_REL32	0x143447964
PLAYER_PROVIDER	0x141026080	CALL_REL32	0x143447996
PLAYER_PROVIDER	0x141026080	CALL_REL32	0x1434492AB
PLAYER_PROVIDER	0x141026080	CALL_REL32	0x1434492E0
PLAYER_PROVIDER	0x141026080	CALL_REL32	0x14344EC87
PLAYER_PROVIDER	0x141026080	CALL_REL32	0x14345204A
PLAYER_PROVIDER	0x141026080	CALL_REL32	0x1434601D9
PLAYER_PROVIDER	0x141026080	CALL_REL32	0x1434E7B6E
PLAYER_PROVIDER	0x141026080	CALL_REL32	0x1434EA1DD
PLAYER_PROVIDER	0x141026080	CALL_REL32	0x1434EA1F4
PLAYER_PROVIDER	0x141026080	CALL_REL32	0x1434ED7CC
PLAYER_PROVIDER	0x141026080	CALL_REL32	0x1434F4010
PLAYER_PROVIDER	0x141026080	CALL_REL32	0x1434FB151
PLAYER_PROVIDER	0x141026080	CALL_REL32	0x14351DC62
PLAYER_PROVIDER	0x141026080	CALL_REL32	0x1435242E1
PLAYER_PROVIDER	0x141026080	CALL_REL32	0x14352AF71
PLAYER_PROVIDER	0x141026080	CALL_REL32	0x143579C17
PLAYER_PROVIDER	0x141026080	CALL_REL32	0x14358C39D
PLAYER_PROVIDER	0x141026080	CALL_REL32	0x14358D397
PLAYER_PROVIDER	0x141026080	CALL_REL32	0x14358E5C9
PLAYER_PROVIDER	0x141026080	CALL_REL32	0x14359A192
PLAYER_PROVIDER	0x141026080	CALL_REL32	0x1435BF18A
PLAYER_PROVIDER	0x141026080	CALL_REL32	0x1435C12C4
PLAYER_PROVIDER	0x141026080	CALL_REL32	0x1435C2F02
PLAYER_PROVIDER	0x141026080	CALL_REL32	0x1435C2F18
PLAYER_PROVIDER	0x141026080	CALL_REL32	0x1435C8BA6
PLAYER_PROVIDER	0x141026080	CALL_REL32	0x1435C8F71
PLAYER_PROVIDER	0x141026080	CALL_REL32	0x1435C9BF8
PLAYER_PROVIDER	0x141026080	CALL_REL32	0x1435CBC89
PLAYER_PROVIDER	0x141026080	CALL_REL32	0x1435CBD27
PLAYER_PROVIDER	0x141026080	CALL_REL32	0x1435CC022
PLAYER_PROVIDER	0x141026080	CALL_REL32	0x1435CC1AD
PLAYER_PROVIDER	0x141026080	CALL_REL32	0x1435CC500
PLAYER_PROVIDER	0x141026080	CALL_REL32	0x1435CD994
PLAYER_PROVIDER	0x141026080	CALL_REL32	0x1435CDEE2
PLAYER_PROVIDER	0x141026080	CALL_REL32	0x1435CE3AA
PLAYER_PROVIDER	0x141026080	CALL_REL32	0x1435CE4F5
PLAYER_PROVIDER	0x141026080	CALL_REL32	0x1435CE939
PLAYER_PROVIDER	0x141026080	CALL_REL32	0x1435CECAB
PLAYER_PROVIDER	0x141026080	CALL_REL32	0x1435CF3EA
PLAYER_PROVIDER	0x141026080	CALL_REL32	0x1435CF756
PLAYER_PROVIDER	0x141026080	CALL_REL32	0x1435CF84E
PLAYER_PROVIDER	0x141026080	CALL_REL32	0x1435D03BE
PLAYER_PROVIDER	0x141026080	CALL_REL32	0x1435D075E
PLAYER_PROVIDER	0x141026080	CALL_REL32	0x1435D0BAF
PLAYER_PROVIDER	0x141026080	CALL_REL32	0x1435D0D31
PLAYER_PROVIDER	0x141026080	CALL_REL32	0x1435D5472
PLAYER_PROVIDER	0x141026080	CALL_REL32	0x1435D77FF
PLAYER_PROVIDER	0x141026080	CALL_REL32	0x1435D7A00
PLAYER_PROVIDER	0x141026080	CALL_REL32	0x14361A2E1
PLAYER_PROVIDER	0x141026080	CALL_REL32	0x14361C371
PLAYER_PROVIDER	0x141026080	CALL_REL32	0x143652C3C
PLAYER_PROVIDER	0x141026080	CALL_REL32	0x143652FFE
PLAYER_PROVIDER	0x141026080	CALL_REL32	0x143688E10
PLAYER_PROVIDER	0x141026080	CALL_REL32	0x143689467
PLAYER_PROVIDER	0x141026080	CALL_REL32	0x1436948B3
PLAYER_PROVIDER	0x141026080	CALL_REL32	0x143699B03
PLAYER_PROVIDER	0x141026080	CALL_REL32	0x14369A313
PLAYER_PROVIDER	0x141026080	CALL_REL32	0x1436C62A8
PLAYER_PROVIDER	0x141026080	CALL_REL32	0x1436D4B3E
PLAYER_PROVIDER	0x141026080	CALL_REL32	0x1436D5549
PLAYER_PROVIDER	0x141026080	CALL_REL32	0x1436D5ABC
PLAYER_PROVIDER	0x141026080	CALL_REL32	0x14374F02D
PLAYER_PROVIDER	0x141026080	CALL_REL32	0x14374F062
PLAYER_PROVIDER	0x141026080	CALL_REL32	0x143750986
PLAYER_PROVIDER	0x141026080	CALL_REL32	0x143759A32
PLAYER_PROVIDER	0x141026080	CALL_REL32	0x143759D4B
PLAYER_PROVIDER	0x141026080	CALL_REL32	0x1437636A9
PLAYER_PROVIDER	0x141026080	CALL_REL32	0x143763991
PLAYER_PROVIDER	0x141026080	CALL_REL32	0x143763A92
PLAYER_PROVIDER	0x141026080	CALL_REL32	0x143763AED
PLAYER_PROVIDER	0x141026080	CALL_REL32	0x143763B3D
PLAYER_PROVIDER	0x141026080	CALL_REL32	0x1437643FD
PLAYER_PROVIDER	0x141026080	CALL_REL32	0x14376F0EB
PLAYER_PROVIDER	0x141026080	CALL_REL32	0x143772495
PLAYER_PROVIDER	0x141026080	CALL_REL32	0x14377249F
PLAYER_PROVIDER	0x141026080	CALL_REL32	0x1437ABD07
PLAYER_PROVIDER	0x141026080	CALL_REL32	0x1437AC9A2
PLAYER_PROVIDER	0x141026080	CALL_REL32	0x1437B05FF
PLAYER_PROVIDER	0x141026080	CALL_REL32	0x1437B0A59
PLAYER_PROVIDER	0x141026080	CALL_REL32	0x1437B1044
PLAYER_PROVIDER	0x141026080	CALL_REL32	0x1437B11B1
PLAYER_PROVIDER	0x141026080	CALL_REL32	0x1437B1340
PLAYER_PROVIDER	0x141026080	CALL_REL32	0x14381F93E
PLAYER_PROVIDER	0x141026080	CALL_REL32	0x143821812
PLAYER_PROVIDER	0x141026080	CALL_REL32	0x14382469D
PLAYER_PROVIDER	0x141026080	CALL_REL32	0x143825405
PLAYER_PROVIDER	0x141026080	CALL_REL32	0x14382D1B8
PLAYER_PROVIDER	0x141026080	CALL_REL32	0x14384E3B7
PLAYER_PROVIDER	0x141026080	CALL_REL32	0x14385004E
PLAYER_PROVIDER	0x141026080	CALL_REL32	0x1438F1165
PLAYER_PROVIDER	0x141026080	CALL_REL32	0x1438F18A8
PLAYER_PROVIDER	0x141026080	CALL_REL32	0x1438F18BB
PLAYER_PROVIDER	0x141026080	CALL_REL32	0x1438F21A9
PLAYER_PROVIDER	0x141026080	CALL_REL32	0x143942E9C
PLAYER_PROVIDER	0x141026080	CALL_REL32	0x143942EB7
PLAYER_PROVIDER	0x141026080	CALL_REL32	0x143947688
PLAYER_PROVIDER	0x141026080	CALL_REL32	0x143947836
PLAYER_PROVIDER	0x141026080	CALL_REL32	0x14394E6AF
PLAYER_PROVIDER	0x141026080	CALL_REL32	0x14394E6E0
PLAYER_PROVIDER	0x141026080	CALL_REL32	0x14394F80E
PLAYER_PROVIDER	0x141026080	CALL_REL32	0x14394FA59
PLAYER_PROVIDER	0x141026080	CALL_REL32	0x14394FFF0
PLAYER_PROVIDER	0x141026080	CALL_REL32	0x143950004
PLAYER_PROVIDER	0x141026080	CALL_REL32	0x143950EAA
PLAYER_PROVIDER	0x141026080	CALL_REL32	0x143950F88
PLAYER_PROVIDER	0x141026080	CALL_REL32	0x14395135A
PLAYER_PROVIDER	0x141026080	CALL_REL32	0x14395B8FE
PLAYER_PROVIDER	0x141026080	CALL_REL32	0x14395B912
PLAYER_PROVIDER	0x141026080	CALL_REL32	0x14395B92A
PLAYER_PROVIDER	0x141026080	CALL_REL32	0x143A2D781
PLAYER_PROVIDER	0x141026080	CALL_REL32	0x143A52586
PLAYER_PROVIDER	0x141026080	CALL_REL32	0x143A58096
PLAYER_PROVIDER	0x141026080	CALL_REL32	0x143B9EBFE
PLAYER_PROVIDER	0x141026080	CALL_REL32	0x143B9F1BF
PLAYER_PROVIDER	0x141026080	CALL_REL32	0x143CAAD50
PLAYER_PROVIDER	0x141026080	CALL_REL32	0x143CACFEA
PLAYER_PROVIDER	0x141026080	CALL_REL32	0x143CAD23A
PLAYER_PROVIDER	0x141026080	CALL_REL32	0x143CAFF30
PLAYER_PROVIDER	0x141026080	CALL_REL32	0x143CB0218
PLAYER_PROVIDER	0x141026080	CALL_REL32	0x143CB0572
PLAYER_PROVIDER	0x141026080	CALL_REL32	0x143CB090D
PLAYER_PROVIDER	0x141026080	CALL_REL32	0x143CB0DDE
PLAYER_PROVIDER	0x141026080	CALL_REL32	0x143CB161B
PLAYER_PROVIDER	0x141026080	CALL_REL32	0x143CB1678
PLAYER_PROVIDER	0x141026080	CALL_REL32	0x143CB1A59
PLAYER_PROVIDER	0x141026080	CALL_REL32	0x143CB1CDA
PLAYER_PROVIDER	0x141026080	CALL_REL32	0x143CB1D38
PLAYER_PROVIDER	0x141026080	CALL_REL32	0x143CB372A
PLAYER_PROVIDER	0x141026080	CALL_REL32	0x143CB3906
PLAYER_PROVIDER	0x141026080	CALL_REL32	0x143CB3960
PLAYER_PROVIDER	0x141026080	CALL_REL32	0x143CB5F40
PLAYER_PROVIDER	0x141026080	CALL_REL32	0x143CB6051
PLAYER_PROVIDER	0x141026080	CALL_REL32	0x143CB8995
PLAYER_PROVIDER	0x141026080	CALL_REL32	0x143CB96BE
PLAYER_PROVIDER	0x141026080	CALL_REL32	0x143CB9FD3
PLAYER_PROVIDER	0x141026080	CALL_REL32	0x143CC112F
PLAYER_PROVIDER	0x141026080	CALL_REL32	0x143CC1184
PLAYER_PROVIDER	0x141026080	CALL_REL32	0x143CC11D0
PLAYER_PROVIDER	0x141026080	CALL_REL32	0x143CD760D
PLAYER_PROVIDER	0x141026080	CALL_REL32	0x143CF5C83
PLAYER_PROVIDER	0x141026080	CALL_REL32	0x143CFD7C8
PLAYER_PROVIDER	0x141026080	CALL_REL32	0x143D441CD
PLAYER_PROVIDER	0x141026080	CALL_REL32	0x143D44E19
PLAYER_PROVIDER	0x141026080	CALL_REL32	0x143D57359
PLAYER_PROVIDER	0x141026080	CALL_REL32	0x143D57665
PLAYER_PROVIDER	0x141026080	CALL_REL32	0x143DB9669
PLAYER_PROVIDER	0x141026080	CALL_REL32	0x143DB9787
PLAYER_PROVIDER	0x141026080	CALL_REL32	0x143DB9FAB
PLAYER_PROVIDER	0x141026080	CALL_REL32	0x143DBA369
PLAYER_PROVIDER	0x141026080	CALL_REL32	0x143DBA50E
PLAYER_PROVIDER	0x141026080	CALL_REL32	0x143DBA696
PLAYER_PROVIDER	0x141026080	CALL_REL32	0x143DBA84D
PLAYER_PROVIDER	0x141026080	CALL_REL32	0x143DBBE33
PLAYER_PROVIDER	0x141026080	CALL_REL32	0x143DFBC29
PLAYER_PROVIDER	0x141026080	CALL_REL32	0x143E02D47
PLAYER_PROVIDER	0x141026080	CALL_REL32	0x143E02E04
PLAYER_PROVIDER	0x141026080	CALL_REL32	0x143E02EE3
PLAYER_PROVIDER	0x141026080	CALL_REL32	0x143E1228E
PLAYER_PROVIDER	0x141026080	CALL_REL32	0x143E1633C
PLAYER_PROVIDER	0x141026080	CALL_REL32	0x143E164B9
PLAYER_PROVIDER	0x141026080	CALL_REL32	0x143E166D8
PLAYER_PROVIDER	0x141026080	CALL_REL32	0x143E77ADC
PLAYER_PROVIDER	0x141026080	CALL_REL32	0x143E814C7
PLAYER_PROVIDER	0x141026080	CALL_REL32	0x143E81604
PLAYER_PROVIDER	0x141026080	CALL_REL32	0x143E9ACF4
PLAYER_PROVIDER	0x141026080	CALL_REL32	0x143EFABED
PLAYER_PROVIDER	0x141026080	CALL_REL32	0x143EFE139
PLAYER_PROVIDER	0x141026080	CALL_REL32	0x143F1A4BC
PLAYER_PROVIDER	0x141026080	CALL_REL32	0x143F1A4E1
PLAYER_PROVIDER	0x141026080	CALL_REL32	0x143F59CFE
PLAYER_PROVIDER	0x141026080	CALL_REL32	0x143F622B5
PLAYER_PROVIDER	0x141026080	CALL_REL32	0x143F63080
PLAYER_PROVIDER	0x141026080	CALL_REL32	0x143FA5121
PLAYER_PROVIDER	0x141026080	CALL_REL32	0x143FB0FF6
PLAYER_PROVIDER	0x141026080	CALL_REL32	0x143FB1627
PLAYER_PROVIDER	0x141026080	CALL_REL32	0x143FB3084
PLAYER_PROVIDER	0x141026080	CALL_REL32	0x143FC8AF4
PLAYER_PROVIDER	0x141026080	CALL_REL32	0x143FC8B30
PLAYER_PROVIDER	0x141026080	CALL_REL32	0x144024846
PLAYER_PROVIDER	0x141026080	CALL_REL32	0x144033E6F
PLAYER_PROVIDER	0x141026080	CALL_REL32	0x14404483B
PLAYER_PROVIDER	0x141026080	CALL_REL32	0x14408C402
PLAYER_PROVIDER	0x141026080	CALL_REL32	0x14408C442
PLAYER_PROVIDER	0x141026080	CALL_REL32	0x14409BE89
PLAYER_PROVIDER	0x141026080	CALL_REL32	0x14409BF44
PLAYER_PROVIDER	0x141026080	CALL_REL32	0x1440A1CFE
PLAYER_PROVIDER	0x141026080	CALL_REL32	0x1440A1E0D
PLAYER_PROVIDER	0x141026080	CALL_REL32	0x1440A23E5
PLAYER_PROVIDER	0x141026080	CALL_REL32	0x1440A24E9
PLAYER_PROVIDER	0x141026080	CALL_REL32	0x1440A28DD
PLAYER_PROVIDER	0x141026080	CALL_REL32	0x1440DD522
PLAYER_PROVIDER	0x141026080	CALL_REL32	0x1440DD5B9
PLAYER_PROVIDER	0x141026080	CALL_REL32	0x1440DDE92
PLAYER_PROVIDER	0x141026080	CALL_REL32	0x1440E933B
PLAYER_PROVIDER	0x141026080	CALL_REL32	0x14411AC1D
PLAYER_PROVIDER	0x141026080	CALL_REL32	0x14411C94E
PLAYER_PROVIDER	0x141026080	CALL_REL32	0x144164DF3
PLAYER_PROVIDER	0x141026080	CALL_REL32	0x1441651DB
PLAYER_PROVIDER	0x141026080	CALL_REL32	0x144165F55
PLAYER_PROVIDER	0x141026080	CALL_REL32	0x1441663C3
PLAYER_PROVIDER	0x141026080	CALL_REL32	0x144166796
PLAYER_PROVIDER	0x141026080	CALL_REL32	0x144166800
PLAYER_PROVIDER	0x141026080	CALL_REL32	0x144166AED
PLAYER_PROVIDER	0x141026080	CALL_REL32	0x144166C7B
PLAYER_PROVIDER	0x141026080	CALL_REL32	0x14416789C
PLAYER_PROVIDER	0x141026080	CALL_REL32	0x14416D265
PLAYER_PROVIDER	0x141026080	CALL_REL32	0x14416D345
PLAYER_PROVIDER	0x141026080	CALL_REL32	0x14417E19A
PLAYER_PROVIDER	0x141026080	CALL_REL32	0x1441823F4
PLAYER_PROVIDER	0x141026080	CALL_REL32	0x14418270A
PLAYER_PROVIDER	0x141026080	CALL_REL32	0x14418283C
PLAYER_PROVIDER	0x141026080	CALL_REL32	0x14418294D
PLAYER_PROVIDER	0x141026080	CALL_REL32	0x1441F346F
PLAYER_PROVIDER	0x141026080	CALL_REL32	0x1441F45A7
PLAYER_PROVIDER	0x141026080	CALL_REL32	0x144210156
PLAYER_PROVIDER	0x141026080	CALL_REL32	0x144220583
PLAYER_PROVIDER	0x141026080	CALL_REL32	0x144220591
PLAYER_PROVIDER	0x141026080	CALL_REL32	0x1442206E9
PLAYER_PROVIDER	0x141026080	CALL_REL32	0x1442206F3
PLAYER_PROVIDER	0x141026080	CALL_REL32	0x144220749
PLAYER_PROVIDER	0x141026080	CALL_REL32	0x144220753
PLAYER_PROVIDER	0x141026080	CALL_REL32	0x1442207C9
PLAYER_PROVIDER	0x141026080	CALL_REL32	0x1442207D3
PLAYER_PROVIDER	0x141026080	CALL_REL32	0x144220A7D
PLAYER_PROVIDER	0x141026080	CALL_REL32	0x144220AAF
PLAYER_PROVIDER	0x141026080	CALL_REL32	0x144220B1D
PLAYER_PROVIDER	0x141026080	CALL_REL32	0x144220B4F
PLAYER_PROVIDER	0x141026080	CALL_REL32	0x144220BC5
PLAYER_PROVIDER	0x141026080	CALL_REL32	0x144220C33
PLAYER_PROVIDER	0x141026080	CALL_REL32	0x144220CBD
PLAYER_PROVIDER	0x141026080	CALL_REL32	0x144220D40
PLAYER_PROVIDER	0x141026080	CALL_REL32	0x14427F821
PLAYER_PROVIDER	0x141026080	CALL_REL32	0x14428D3C7
PLAYER_PROVIDER	0x141026080	CALL_REL32	0x14428DD13
PLAYER_PROVIDER	0x141026080	CALL_REL32	0x1442F6589
PLAYER_PROVIDER	0x141026080	CALL_REL32	0x1442FAA1D
PLAYER_PROVIDER	0x141026080	CALL_REL32	0x144300521
PLAYER_PROVIDER	0x141026080	CALL_REL32	0x1443BCEA7
PLAYER_PROVIDER	0x141026080	CALL_REL32	0x1443BD00E
PLAYER_PROVIDER	0x141026080	CALL_REL32	0x1443BD018
PLAYER_PROVIDER	0x141026080	CALL_REL32	0x1443D994B
PLAYER_PROVIDER	0x141026080	CALL_REL32	0x1443D9CC1
PLAYER_PROVIDER	0x141026080	CALL_REL32	0x14446790B
PLAYER_PROVIDER	0x141026080	CALL_REL32	0x14446798D
PLAYER_PROVIDER	0x141026080	CALL_REL32	0x1444688D3
PLAYER_PROVIDER	0x141026080	CALL_REL32	0x144469009
PLAYER_PROVIDER	0x141026080	CALL_REL32	0x1445D3244
PLAYER_PROVIDER	0x141026080	CALL_REL32	0x1445D324E
PLAYER_PROVIDER	0x141026080	CALL_REL32	0x14460466F
PLAYER_PROVIDER	0x141026080	CALL_REL32	0x14460B01B
PLAYER_PROVIDER	0x141026080	CALL_REL32	0x14460B040
PLAYER_PROVIDER	0x141026080	CALL_REL32	0x14460F017
PLAYER_PROVIDER	0x141026080	CALL_REL32	0x14460F910
PLAYER_PROVIDER	0x141026080	CALL_REL32	0x1447A458F
PLAYER_PROVIDER	0x141026080	CALL_REL32	0x1447AEE60
PLAYER_PROVIDER	0x141026080	CALL_REL32	0x1447B0D3A
PLAYER_PROVIDER	0x141026080	CALL_REL32	0x1447DE71B
PLAYER_PROVIDER	0x141026080	CALL_REL32	0x1447DE729
PLAYER_PROVIDER	0x141026080	CALL_REL32	0x1447DE9EB
PLAYER_PROVIDER	0x141026080	CALL_REL32	0x1447DE9F9
PLAYER_PROVIDER	0x141026080	CALL_REL32	0x144810772
PLAYER_PROVIDER	0x141026080	CALL_REL32	0x1448108FF
PLAYER_PROVIDER	0x141026080	CALL_REL32	0x144810BEF
PLAYER_PROVIDER	0x141026080	CALL_REL32	0x1448584F5
PLAYER_PROVIDER	0x141026080	CALL_REL32	0x14485D6D6
PLAYER_PROVIDER	0x141026080	CALL_REL32	0x14485EFCF
PLAYER_PROVIDER	0x141026080	CALL_REL32	0x144861313
PLAYER_PROVIDER	0x141026080	CALL_REL32	0x1448C80F9
PLAYER_PROVIDER	0x141026080	CALL_REL32	0x1448CF45E
PLAYER_PROVIDER	0x141026080	CALL_REL32	0x1448CFB5D
PLAYER_PROVIDER	0x141026080	CALL_REL32	0x1448CFC1D
PLAYER_PROVIDER	0x141026080	CALL_REL32	0x1448D72C9
PLAYER_PROVIDER	0x141026080	CALL_REL32	0x1448D7D13
PLAYER_PROVIDER	0x141026080	CALL_REL32	0x1448D7D74
PLAYER_PROVIDER	0x141026080	CALL_REL32	0x1448D9A2E
PLAYER_PROVIDER	0x141026080	CALL_REL32	0x1448E14C3
PLAYER_PROVIDER	0x141026080	CALL_REL32	0x1448E1974
PLAYER_PROVIDER	0x141026080	CALL_REL32	0x1448E521E
PLAYER_PROVIDER	0x141026080	CALL_REL32	0x1448E67E3
PLAYER_PROVIDER	0x141026080	CALL_REL32	0x1448E686F
PLAYER_PROVIDER	0x141026080	CALL_REL32	0x1448E8711
PLAYER_PROVIDER	0x141026080	CALL_REL32	0x1448E8779
PLAYER_PROVIDER	0x141026080	CALL_REL32	0x1448E883A
PLAYER_PROVIDER	0x141026080	CALL_REL32	0x144913979
PLAYER_PROVIDER	0x141026080	CALL_REL32	0x144914CB5
PLAYER_PROVIDER	0x141026080	CALL_REL32	0x144922FDD
PLAYER_PROVIDER	0x141026080	CALL_REL32	0x14492D393
PLAYER_PROVIDER	0x141026080	CALL_REL32	0x144930B1E
PLAYER_PROVIDER	0x141026080	CALL_REL32	0x144933BFF
PLAYER_PROVIDER	0x141026080	CALL_REL32	0x1449343B9
PLAYER_PROVIDER	0x141026080	CALL_REL32	0x144934840
PLAYER_PROVIDER	0x141026080	CALL_REL32	0x144938874
PLAYER_PROVIDER	0x141026080	CALL_REL32	0x1449831A9
PLAYER_PROVIDER	0x141026080	CALL_REL32	0x1449832A3
PLAYER_PROVIDER	0x141026080	CALL_REL32	0x1449835AF
PLAYER_PROVIDER	0x141026080	CALL_REL32	0x1449839BB
PLAYER_PROVIDER	0x141026080	CALL_REL32	0x144983B4A
PLAYER_PROVIDER	0x141026080	CALL_REL32	0x144983C56
PLAYER_PROVIDER	0x141026080	CALL_REL32	0x14498434F
PLAYER_PROVIDER	0x141026080	CALL_REL32	0x1449843F3
PLAYER_PROVIDER	0x141026080	CALL_REL32	0x1449844AE
PLAYER_PROVIDER	0x141026080	CALL_REL32	0x14498454E
PLAYER_PROVIDER	0x141026080	CALL_REL32	0x14498463F
PLAYER_PROVIDER	0x141026080	CALL_REL32	0x144984844
PLAYER_PROVIDER	0x141026080	CALL_REL32	0x144984D37
PLAYER_PROVIDER	0x141026080	CALL_REL32	0x144984E4A
PLAYER_PROVIDER	0x141026080	CALL_REL32	0x144984ECD
PLAYER_PROVIDER	0x141026080	CALL_REL32	0x144984F92
PLAYER_PROVIDER	0x141026080	CALL_REL32	0x14498510C
PLAYER_PROVIDER	0x141026080	CALL_REL32	0x144985293
PLAYER_PROVIDER	0x141026080	CALL_REL32	0x1449853BD
PLAYER_PROVIDER	0x141026080	CALL_REL32	0x144985405
PLAYER_PROVIDER	0x141026080	CALL_REL32	0x144985584
PLAYER_PROVIDER	0x141026080	CALL_REL32	0x1449857FE
PLAYER_PROVIDER	0x141026080	CALL_REL32	0x1449858BD
PLAYER_PROVIDER	0x141026080	CALL_REL32	0x144985A46
PLAYER_PROVIDER	0x141026080	CALL_REL32	0x144985B6A
PLAYER_PROVIDER	0x141026080	CALL_REL32	0x144985C8E
PLAYER_PROVIDER	0x141026080	CALL_REL32	0x144985D2E
PLAYER_PROVIDER	0x141026080	CALL_REL32	0x1449866BE
PLAYER_PROVIDER	0x141026080	CALL_REL32	0x144986AD4
PLAYER_PROVIDER	0x141026080	CALL_REL32	0x14498C0D6
PLAYER_PROVIDER	0x141026080	CALL_REL32	0x14498C148
PLAYER_PROVIDER	0x141026080	CALL_REL32	0x14498C262
PLAYER_PROVIDER	0x141026080	CALL_REL32	0x14498C4A6
PLAYER_PROVIDER	0x141026080	CALL_REL32	0x14498C6B2
PLAYER_PROVIDER	0x141026080	CALL_REL32	0x14498C989
PLAYER_PROVIDER	0x141026080	CALL_REL32	0x14498CBC9
PLAYER_PROVIDER	0x141026080	CALL_REL32	0x14498CCA0
PLAYER_PROVIDER	0x141026080	CALL_REL32	0x14499CB8D
PLAYER_PROVIDER	0x141026080	CALL_REL32	0x1449A890D
PLAYER_PROVIDER	0x141026080	CALL_REL32	0x1449A9851
PLAYER_PROVIDER	0x141026080	CALL_REL32	0x144A50A60
PLAYER_PROVIDER	0x141026080	CALL_REL32	0x144A50D75
PLAYER_PROVIDER	0x141026080	CALL_REL32	0x144A55D9F
PLAYER_PROVIDER	0x141026080	CALL_REL32	0x144A564EF
PLAYER_PROVIDER	0x141026080	CALL_REL32	0x144A57545
PLAYER_PROVIDER	0x141026080	CALL_REL32	0x144A57B14
PLAYER_PROVIDER	0x141026080	CALL_REL32	0x144A5D7E9
PLAYER_PROVIDER	0x141026080	CALL_REL32	0x144A65492
PLAYER_PROVIDER	0x141026080	CALL_REL32	0x144A66649
PLAYER_PROVIDER	0x141026080	CALL_REL32	0x145BED4B7
PLAYER_PROVIDER	0x141026080	CALL_REL32	0x145C41C4D
PLAYER_PROVIDER	0x141026080	CALL_REL32	0x145C512D6
PLAYER_PROVIDER	0x141026080	CALL_REL32	0x145C6081D
PLAYER_PROVIDER	0x141026080	CALL_REL32	0x145C68BE4
PLAYER_PROVIDER	0x141026080	CALL_REL32	0x145C68D7D
PLAYER_PROVIDER	0x141026080	CALL_REL32	0x145C68E97
PLAYER_PROVIDER	0x141026080	CALL_REL32	0x145C69EE3
PLAYER_PROVIDER	0x141026080	CALL_REL32	0x145C78700
PLAYER_PROVIDER	0x141026080	CALL_REL32	0x145C7AB00
PLAYER_PROVIDER	0x141026080	CALL_REL32	0x145C82B32
PLAYER_PROVIDER	0x141026080	CALL_REL32	0x145CD1AEC
PLAYER_PROVIDER	0x141026080	CALL_REL32	0x145CD8DDD
PLAYER_PROVIDER	0x141026080	CALL_REL32	0x1463E576D
PLAYER_PROVIDER	0x141026080	CALL_REL32	0x14644A8D1
PLAYER_PROVIDER	0x141026080	CALL_REL32	0x14644A8DF
PLAYER_PROVIDER	0x141026080	CALL_REL32	0x146764D55
PLAYER_PROVIDER	0x141026080	CALL_REL32	0x146765B82
PLAYER_PROVIDER	0x141026080	CALL_REL32	0x14686CD7B
PLAYER_PROVIDER	0x141026080	CALL_REL32	0x14686FD3E
PLAYER_PROVIDER	0x141026080	CALL_REL32	0x14686FD5F
PLAYER_PROVIDER	0x141026080	CALL_REL32	0x14695D011
SELFIDENT	0x146454C00	JMP_REL32	0x146454BF3
LEVELINFO	0x146446800	JMP_REL32	0x1464467EF
