seq	state	records	fragments	raw	payload	hash	line
0x80	13	1	3	979	976	015c3af5109cfff1	seq=0x80 src=R file=0x80_T0x8_R.bin raw=979 payload=976 payload_left=0 state=13 f30=1 f31=1 flags=1/1 rc_field=0 rc_count=0 bundle=966 records=1 fragments=3 hash=015c3af5109cfff1
0x81	14	14	40	992	989	5d2457e05afed67a	seq=0x81 src=R file=0x81_T0x8_R.bin raw=992 payload=989 payload_left=0 state=14 f30=1 f31=1 flags=1/1 rc_field=0 rc_count=0 bundle=979 records=14 fragments=40 hash=5d2457e05afed67a
0x82	15	1	3	985	982	b9f4a573871d2515	seq=0x82 src=R file=0x82_T0x8_R.bin raw=985 payload=982 payload_left=0 state=15 f30=1 f31=1 flags=1/1 rc_field=0 rc_count=0 bundle=972 records=1 fragments=3 hash=b9f4a573871d2515
0x83	16	8	28	730	727	83861c7d2db4466a	seq=0x83 src=R file=0x83_T0x8_R.bin raw=730 payload=727 payload_left=0 state=16 f30=1 f31=1 flags=1/1 rc_field=0 rc_count=0 bundle=717 records=8 fragments=28 hash=83861c7d2db4466a
0x84	17	1	0	774	771	1813e13c395f1556	seq=0x84 src=R file=0x84_T0x8_R.bin raw=774 payload=771 payload_left=0 state=17 f30=1 f31=1 flags=1/1 rc_field=0 rc_count=0 bundle=761 records=1 fragments=0 hash=1813e13c395f1556
0x85	18	1	3	1591	1588	6193f0ffdbe48004	seq=0x85 src=R file=0x85_T0x8_R.bin raw=1591 payload=1588 payload_left=0 state=18 f30=1 f31=1 flags=1/1 rc_field=0 rc_count=0 bundle=1578 records=1 fragments=3 hash=6193f0ffdbe48004
0x86	19	9	40	706	703	a24291d39cc92eca	seq=0x86 src=R file=0x86_T0x8_R.bin raw=706 payload=703 payload_left=0 state=19 f30=1 f31=1 flags=1/1 rc_field=0 rc_count=0 bundle=693 records=9 fragments=40 hash=a24291d39cc92eca
0x87	20	1	1	830	827	87940f98b37731c0	seq=0x87 src=R file=0x87_T0x8_R.bin raw=830 payload=827 payload_left=0 state=20 f30=1 f31=1 flags=1/1 rc_field=0 rc_count=0 bundle=817 records=1 fragments=1 hash=87940f98b37731c0
0x88	21	1	3	3111	3108	80bef83a46a29bf0	seq=0x88 src=R file=0x88_T0x8_R.bin raw=3111 payload=3108 payload_left=0 state=21 f30=1 f31=1 flags=1/1 rc_field=0 rc_count=0 bundle=3098 records=1 fragments=3 hash=80bef83a46a29bf0
0x89	22	5	19	356	353	6eec4d7d9cf82e72	seq=0x89 src=R file=0x89_T0x8_R.bin raw=356 payload=353 payload_left=0 state=22 f30=1 f31=1 flags=1/1 rc_field=0 rc_count=0 bundle=343 records=5 fragments=19 hash=6eec4d7d9cf82e72
0x8a	23	1	5	678	675	56efc495c610a6dc	seq=0x8a src=R file=0x8a_T0x8_R.bin raw=678 payload=675 payload_left=0 state=23 f30=1 f31=1 flags=1/1 rc_field=0 rc_count=0 bundle=665 records=1 fragments=5 hash=56efc495c610a6dc
0x8b	24	1	3	916	913	858a36fa4a91317d	seq=0x8b src=R file=0x8b_T0x8_R.bin raw=916 payload=913 payload_left=0 state=24 f30=1 f31=1 flags=1/1 rc_field=0 rc_count=0 bundle=903 records=1 fragments=3 hash=858a36fa4a91317d
0x8c	25	1	13	728	725	46144ed7d429b643	seq=0x8c src=R file=0x8c_T0x8_R.bin raw=728 payload=725 payload_left=0 state=25 f30=1 f31=1 flags=1/1 rc_field=0 rc_count=0 bundle=715 records=1 fragments=13 hash=46144ed7d429b643
0x8d	26	1	3	2713	2710	a945fcad17016203	seq=0x8d src=R file=0x8d_T0x8_R.bin raw=2713 payload=2710 payload_left=0 state=26 f30=1 f31=1 flags=1/1 rc_field=0 rc_count=0 bundle=2700 records=1 fragments=3 hash=a945fcad17016203
0x90	27	1	3	916	913	858a36fa4a91317d	seq=0x90 src=R file=0x90_T0x8_R.bin raw=916 payload=913 payload_left=0 state=27 f30=1 f31=1 flags=1/1 rc_field=0 rc_count=0 bundle=903 records=1 fragments=3 hash=858a36fa4a91317d
0x91	28	1	1	717	714	ef9d80cc3a190437	seq=0x91 src=R file=0x91_T0x8_R.bin raw=717 payload=714 payload_left=0 state=28 f30=1 f31=1 flags=1/1 rc_field=0 rc_count=0 bundle=704 records=1 fragments=1 hash=ef9d80cc3a190437
0x93	29	1	2	739	736	91da1cc0979014fe	seq=0x93 src=R file=0x93_T0x8_R.bin raw=739 payload=736 payload_left=0 state=29 f30=1 f31=1 flags=1/1 rc_field=0 rc_count=0 bundle=726 records=1 fragments=2 hash=91da1cc0979014fe
0x94	30	1	6	9978	9975	c79dca5a52083c0c	seq=0x94 src=R file=0x94_T0x8_R.bin raw=9978 payload=9975 payload_left=0 state=30 f30=1 f31=1 flags=1/1 rc_field=0 rc_count=0 bundle=9965 records=1 fragments=6 hash=c79dca5a52083c0c
0x95	31	1	3	2858	2855	67b132a97d105a2c	seq=0x95 src=R file=0x95_T0x8_R.bin raw=2858 payload=2855 payload_left=0 state=31 f30=1 f31=1 flags=1/1 rc_field=0 rc_count=0 bundle=2845 records=1 fragments=3 hash=67b132a97d105a2c
0x96	32	1	3	2579	2576	c0d5ea4c9b91464b	seq=0x96 src=R file=0x96_T0x8_R.bin raw=2579 payload=2576 payload_left=0 state=32 f30=1 f31=1 flags=1/1 rc_field=0 rc_count=0 bundle=2566 records=1 fragments=3 hash=c0d5ea4c9b91464b
0x97	33	1	17	588	585	c0c30d5121ecd680	seq=0x97 src=R file=0x97_T0x8_R.bin raw=588 payload=585 payload_left=0 state=33 f30=1 f31=1 flags=1/1 rc_field=0 rc_count=0 bundle=575 records=1 fragments=17 hash=c0c30d5121ecd680
0x98	34	1	9	7167	7164	f16a0d6562148ca1	seq=0x98 src=R file=0x98_T0x8_R.bin raw=7167 payload=7164 payload_left=0 state=34 f30=1 f31=1 flags=1/1 rc_field=0 rc_count=0 bundle=7154 records=1 fragments=9 hash=f16a0d6562148ca1
0x9a	34	1	9	7167	7164	f16a0d6562148ca1	seq=0x9a src=R file=0x9a_T0x8_R.bin raw=7167 payload=7164 payload_left=0 state=34 f30=1 f31=1 flags=1/1 rc_field=0 rc_count=0 bundle=7154 records=1 fragments=9 hash=f16a0d6562148ca1
0x9c	34	1	9	7167	7164	f16a0d6562148ca1	seq=0x9c src=R file=0x9c_T0x8_R.bin raw=7167 payload=7164 payload_left=0 state=34 f30=1 f31=1 flags=1/1 rc_field=0 rc_count=0 bundle=7154 records=1 fragments=9 hash=f16a0d6562148ca1
0x9d	35	3	9	126	123	ef8bb2f400907661	seq=0x9d src=R file=0x9d_T0x8_R.bin raw=126 payload=123 payload_left=0 state=35 f30=1 f31=1 flags=1/1 rc_field=0 rc_count=0 bundle=114 records=3 fragments=9 hash=ef8bb2f400907661
0x9e	36	1	9	7167	7164	2c6df20104504e75	seq=0x9e src=R file=0x9e_T0x8_R.bin raw=7167 payload=7164 payload_left=0 state=36 f30=1 f31=1 flags=1/1 rc_field=0 rc_count=0 bundle=7154 records=1 fragments=9 hash=2c6df20104504e75
0xa0	37	12	43	705	702	d64498b3bf34e28d	seq=0xa0 src=R file=0xa0_T0x8_R.bin raw=705 payload=702 payload_left=0 state=37 f30=1 f31=1 flags=1/1 rc_field=0 rc_count=0 bundle=692 records=12 fragments=43 hash=d64498b3bf34e28d
0xa1	38	1	3	1007	1004	4f579c8152f38e58	seq=0xa1 src=R file=0xa1_T0x8_R.bin raw=1007 payload=1004 payload_left=0 state=38 f30=1 f31=1 flags=1/1 rc_field=0 rc_count=0 bundle=994 records=1 fragments=3 hash=4f579c8152f38e58
0xa2	39	9	28	459	456	a6c88ac0a32c5bc8	seq=0xa2 src=R file=0xa2_T0x8_R.bin raw=459 payload=456 payload_left=0 state=39 f30=1 f31=1 flags=1/1 rc_field=0 rc_count=0 bundle=446 records=9 fragments=28 hash=a6c88ac0a32c5bc8
0xa3	40	1	15	958	955	fde56377994ccf3b	seq=0xa3 src=R file=0xa3_T0x8_R.bin raw=958 payload=955 payload_left=0 state=40 f30=1 f31=1 flags=1/1 rc_field=0 rc_count=0 bundle=945 records=1 fragments=15 hash=fde56377994ccf3b
0xa4	41	1	15	1006	1003	bcfe48c794a74ceb	seq=0xa4 src=R file=0xa4_T0x8_R.bin raw=1006 payload=1003 payload_left=0 state=41 f30=1 f31=1 flags=1/1 rc_field=0 rc_count=0 bundle=993 records=1 fragments=15 hash=bcfe48c794a74ceb
0xa5	42	1	3	1001	998	1a07c28ca1017d08	seq=0xa5 src=R file=0xa5_T0x8_R.bin raw=1001 payload=998 payload_left=0 state=42 f30=1 f31=1 flags=1/1 rc_field=0 rc_count=0 bundle=988 records=1 fragments=3 hash=1a07c28ca1017d08
0xa6	43	1	3	1006	1003	4f0de17ffb733d87	seq=0xa6 src=R file=0xa6_T0x8_R.bin raw=1006 payload=1003 payload_left=0 state=43 f30=1 f31=1 flags=1/1 rc_field=0 rc_count=0 bundle=993 records=1 fragments=3 hash=4f0de17ffb733d87
0xa7	44	3	9	158	155	c18e7c3666abf834	seq=0xa7 src=R file=0xa7_T0x8_R.bin raw=158 payload=155 payload_left=0 state=44 f30=1 f31=1 flags=1/1 rc_field=0 rc_count=0 bundle=145 records=3 fragments=9 hash=c18e7c3666abf834
0xa8	45	1	0	989	986	3744ef0088648b33	seq=0xa8 src=R file=0xa8_T0x8_R.bin raw=989 payload=986 payload_left=0 state=45 f30=1 f31=1 flags=1/1 rc_field=0 rc_count=0 bundle=976 records=1 fragments=0 hash=3744ef0088648b33
0xa9	46	1	6	106	103	8e6399b56e6c36a3	seq=0xa9 src=R file=0xa9_T0x8_R.bin raw=106 payload=103 payload_left=0 state=46 f30=1 f31=1 flags=1/1 rc_field=0 rc_count=0 bundle=94 records=1 fragments=6 hash=8e6399b56e6c36a3
0xaa	47	1	1	983	980	714d3c8b33c78120	seq=0xaa src=R file=0xaa_T0x8_R.bin raw=983 payload=980 payload_left=0 state=47 f30=1 f31=1 flags=1/1 rc_field=0 rc_count=0 bundle=970 records=1 fragments=1 hash=714d3c8b33c78120
0xab	48	2	6	78	75	f5b09035b990197b	seq=0xab src=R file=0xab_T0x8_R.bin raw=78 payload=75 payload_left=0 state=48 f30=1 f31=1 flags=1/1 rc_field=0 rc_count=0 bundle=66 records=2 fragments=6 hash=f5b09035b990197b
0xac	49	1	5	975	972	3dd7243097475030	seq=0xac src=R file=0xac_T0x8_R.bin raw=975 payload=972 payload_left=0 state=49 f30=1 f31=1 flags=1/1 rc_field=0 rc_count=0 bundle=962 records=1 fragments=5 hash=3dd7243097475030
0xad	50	4	14	215	212	87a26e3ee1f04779	seq=0xad src=R file=0xad_T0x8_R.bin raw=215 payload=212 payload_left=0 state=50 f30=1 f31=1 flags=1/1 rc_field=0 rc_count=0 bundle=202 records=4 fragments=14 hash=87a26e3ee1f04779
0xae	51	1	13	991	988	aeee8ded8aa5395b	seq=0xae src=R file=0xae_T0x8_R.bin raw=991 payload=988 payload_left=0 state=51 f30=1 f31=1 flags=1/1 rc_field=0 rc_count=0 bundle=978 records=1 fragments=13 hash=aeee8ded8aa5395b
0xaf	52	1	1	988	985	98297e75b0aa6025	seq=0xaf src=R file=0xaf_T0x8_R.bin raw=988 payload=985 payload_left=0 state=52 f30=1 f31=1 flags=1/1 rc_field=0 rc_count=0 bundle=975 records=1 fragments=1 hash=98297e75b0aa6025
0xb0	53	2	9	175	172	fc6259641b5196cd	seq=0xb0 src=R file=0xb0_T0x8_R.bin raw=175 payload=172 payload_left=0 state=53 f30=1 f31=1 flags=1/1 rc_field=0 rc_count=0 bundle=162 records=2 fragments=9 hash=fc6259641b5196cd
